{"type": "FeatureCollection", "features": [{"id": "3284", "type": "Feature", "properties": {"id": "1018001001,10180001,101800020202,101800020401,101800020402,101800020404,101800020201,101800020403", "name": "Laramie and North Platte", "x": -106.297, "y": 40.642, "states": "CO,WY", "area": 1227084, "btype": "co_8"}, "geometry": {"type": "Polygon", "coordinates": [[[-106.38947284472845, 40.344826448264484], [-106.42187298872989, 40.3520185201852], [-106.44347308473084, 40.34662446624466], [-106.47947324473245, 40.389776897768996], [-106.48667327673276, 40.40955509555096], [-106.54067351673517, 40.371796717967186], [-106.58387370873709, 40.382584825848255], [-106.61267383673837, 40.38078680786808], [-106.61987386873868, 40.40416104161042], [-106.64147396473965, 40.4329293292933], [-106.66667407674076, 40.47068770687707], [-106.65587402874029, 40.50844608446084], [-106.67027409274093, 40.535416354163544], [-106.6990742207422, 40.553396533965355], [-106.6990742207422, 40.58755887558877], [-106.70627425274253, 40.61632716327165], [-106.68467415674156, 40.64509545095453], [-106.68827417274173, 40.6828538285383], [-106.67027409274093, 40.695439954399546], [-106.6630740607406, 40.743986439864415], [-106.66667407674076, 40.76556265562655], [-106.63787394873948, 40.790734907349076], [-106.63787394873948, 40.81770517705178], [-106.6630740607406, 40.82849328493285], [-106.65587402874029, 40.85186751867519], [-106.66667407674076, 40.86625166251662], [-106.68467415674156, 40.886029860298606], [-106.72787434874348, 40.87164571645718], [-106.74227441274412, 40.89142391423914], [-106.78187458874588, 40.905808058080595], [-106.79987466874668, 40.896817968179676], [-106.8250747807478, 40.932778327783296], [-106.8430748607486, 40.925586255862555], [-106.8610749407494, 40.94176841768419], [-106.87187498874988, 40.97413274132742], [-106.85027489274893, 40.992112921129205], [-106.89707510075101, 41.01728517285173], [-106.93667527675277, 41.020881208812085], [-106.91867519675196, 41.058639586395884], [-106.88267503675037, 41.07482174821749], [-106.84667487674876, 41.06942769427695], [-106.85027489274893, 41.05324553245532], [-106.82147476474765, 41.01728517285173], [-106.77827457274573, 41.03526535265354], [-106.7530744607446, 41.06403364033642], [-106.72067431674317, 41.06043760437606], [-106.68467415674156, 41.040659406594074], [-106.68827417274173, 41.05324553245532], [-106.66667407674076, 41.07482174821749], [-106.63787394873948, 41.0820138201382], [-106.58747372473725, 41.06043760437606], [-106.54427353273532, 41.03346733467336], [-106.52627345273453, 41.03346733467336], [-106.47587322873228, 41.00469904699048], [-106.47947324473245, 40.97413274132742], [-106.46867319673197, 40.93817238172383], [-106.4650731807318, 40.91839418394184], [-106.44347308473084, 40.905808058080595], [-106.40747292472925, 40.91839418394184], [-106.38587282872828, 40.90940409404095], [-106.33547260472605, 40.92019220192202], [-106.28867239672397, 40.95255652556526], [-106.25267223672236, 40.95255652556526], [-106.23107214072141, 40.96694066940671], [-106.18787194871949, 40.945364453644544], [-106.177071900719, 40.92918229182291], [-106.13027169271693, 40.89322193221932], [-106.10867159671596, 40.94176841768419], [-106.08347148471485, 40.95255652556526], [-106.03667127671277, 40.99031490314903], [-106.00067111671116, 40.99031490314903], [-105.97547100471004, 41.0029010290103], [-105.93587082870829, 40.99570895708959], [-105.9250707807078, 40.94716247162472], [-105.83867039670396, 40.90940409404095], [-105.82067031670316, 40.877039770397715], [-105.84587042870429, 40.84107941079412], [-105.8350703807038, 40.82309923099231], [-105.77747012470124, 40.8428774287743], [-105.75947004470045, 40.8428774287743], [-105.77387010870109, 40.79612896128961], [-105.7630700607006, 40.781744817448185], [-105.79187018870188, 40.74218842188424], [-105.82067031670316, 40.71881418814189], [-105.81707030070301, 40.69004590045901], [-105.83867039670396, 40.686449864498655], [-105.84587042870429, 40.639701397013965], [-105.8350703807038, 40.61632716327165], [-105.89267063670637, 40.61452914529147], [-105.91427073270732, 40.62351923519236], [-105.92867079670796, 40.60733707337073], [-105.91067071670716, 40.56778067780678], [-105.90347068470685, 40.53721437214372], [-105.8530704607046, 40.506648066480665], [-105.85667047670476, 40.486869868698705], [-105.89627065270652, 40.468889688896894], [-105.90347068470685, 40.39876698766989], [-105.92147076470765, 40.402363023630244], [-105.94667087670877, 40.37719077190772], [-105.9610709407094, 40.34842248422484], [-106.0150711807118, 40.373594735947364], [-106.087071500715, 40.34662446624466], [-106.10147156471564, 40.353816538165376], [-106.13747172471724, 40.33044230442306], [-106.17347188471885, 40.343028430284306], [-106.18787194871949, 40.3268462684627], [-106.23107214072141, 40.32325023250232], [-106.267072300723, 40.36100861008612], [-106.2850723807238, 40.35921059210594], [-106.29947244472444, 40.33044230442306], [-106.33547260472605, 40.33943239432395], [-106.357072700727, 40.35921059210594], [-106.38947284472845, 40.344826448264484]]]}}, {"id": "3285", "type": "Feature", "properties": {"id": "10190001,10190002,10190004,10190005,10190006,10190007", "name": "South Platte", "x": -105.345, "y": 40.6, "states": "CO,WY", "area": 4945603, "btype": "co_8"}, "geometry": {"type": "Polygon", "coordinates": [[[-105.85667047670476, 40.486869868698705], [-105.8530704607046, 40.506648066480665], [-105.90347068470685, 40.53721437214372], [-105.91067071670716, 40.56778067780678], [-105.92867079670796, 40.60733707337073], [-105.91427073270732, 40.62351923519236], [-105.89267063670637, 40.61452914529147], [-105.8350703807038, 40.61632716327165], [-105.84587042870429, 40.639701397013965], [-105.83867039670396, 40.686449864498655], [-105.81707030070301, 40.69004590045901], [-105.82067031670316, 40.71881418814189], [-105.79187018870188, 40.74218842188424], [-105.7630700607006, 40.781744817448185], [-105.77387010870109, 40.79612896128961], [-105.75947004470045, 40.8428774287743], [-105.77747012470124, 40.8428774287743], [-105.79547020470204, 40.85186751867519], [-105.77387010870109, 40.877039770397715], [-105.77387010870109, 40.91300013000131], [-105.74146996469965, 40.93637436374365], [-105.73066991669917, 40.95615256152561], [-105.66226961269612, 40.98492084920849], [-105.62266943669437, 41.020881208812085], [-105.6010693406934, 41.038861388613896], [-105.56506918069181, 41.020881208812085], [-105.53626905269053, 41.02267922679226], [-105.49666887668876, 41.03526535265354], [-105.457068700687, 41.06403364033642], [-105.46786874868748, 41.09459994599948], [-105.46786874868748, 41.13056030560307], [-105.44986866868669, 41.134156341563425], [-105.44986866868669, 41.162924629246305], [-105.46426873268733, 41.16652066520666], [-105.46066871668717, 41.19528895288954], [-105.44626865268653, 41.20967309673097], [-105.42466855668556, 41.18989489894901], [-105.39946844468444, 41.14674246742467], [-105.39586842868428, 41.12157021570215], [-105.3490682206822, 41.09459994599948], [-105.34186818868189, 41.07122571225713], [-105.3130680606806, 41.0550435504355], [-105.277067900679, 41.04785147851479], [-105.23026769267692, 41.03706337063372], [-105.187067500675, 41.04605346053461], [-105.09346708467085, 41.00829508295084], [-105.03226681266813, 41.001103011030125], [-105.01066671666716, 40.972334723347245], [-105.01066671666716, 40.954354543545435], [-104.96386650866508, 40.90041400414006], [-104.96386650866508, 40.88243382433825], [-104.92786634866349, 40.830291302913025], [-104.93146636466365, 40.81231112311124], [-104.88466615666157, 40.763764637646375], [-104.89546620466204, 40.73859238592388], [-104.87746612466124, 40.715218152181535], [-104.84146596465965, 40.686449864498655], [-104.7910657406574, 40.66127761277613], [-104.74426553265532, 40.60553905539055], [-104.69746532465324, 40.580366803668056], [-104.68666527665276, 40.562386623866246], [-104.69746532465324, 40.52822428224283], [-104.68666527665276, 40.50485004850049], [-104.65066511665117, 40.48866788667888], [-104.63266503665037, 40.46349563495636], [-104.6290650206502, 40.44551545515455], [-104.60026489264892, 40.42214122141223], [-104.6830652606526, 40.39337293372935], [-104.70466535665356, 40.4059590595906], [-104.72986546865468, 40.389776897768996], [-104.76946564465645, 40.39876698766989], [-104.82346588465884, 40.38078680786808], [-104.78386570865709, 40.373594735947364], [-104.76226561265612, 40.353816538165376], [-104.83426593265932, 40.31965419654196], [-104.88826617266173, 40.278299782997834], [-104.87386610866109, 40.27110771107712], [-104.87026609266093, 40.23334933349335], [-104.87386610866109, 40.17401474014741], [-104.88466615666157, 40.15963059630596], [-104.90266623666237, 40.10029600296005], [-104.95666647666476, 40.05174951749518], [-105.01786674866749, 40.03376933769337], [-105.00346668466685, 40.01758717587177], [-105.0250667806678, 39.97623276232764], [-105.0610669406694, 39.95825258252583], [-105.07186698866988, 39.943868438684405], [-105.12226721267213, 39.91330213302135], [-105.187067500675, 39.91150411504117], [-105.2590678206782, 39.88273582735829], [-105.27346788467884, 39.868351683516835], [-105.26626785267852, 39.87374573745737], [-105.17626745267452, 39.85216952169523], [-105.1150671806718, 39.848573485734875], [-105.10426713267132, 39.859361593615944], [-105.0610669406694, 39.8629576295763], [-104.96386650866508, 39.839583395833955], [-104.96026649266493, 39.82160321603217], [-105.02146676466765, 39.791036910369115], [-105.05026689266893, 39.764066640666414], [-105.01066671666716, 39.753278532785345], [-104.99986666866668, 39.73170231702318], [-104.96386650866508, 39.71192411924119], [-104.92426633266332, 39.68315583155831], [-104.92066631666316, 39.64539745397454], [-104.87746612466124, 39.591456914569164], [-104.87026609266093, 39.53032430324305], [-104.88466615666157, 39.51234412344124], [-104.92426633266332, 39.48177781777818], [-104.8990662206622, 39.45121151211512], [-104.87386610866109, 39.449413494134944], [-104.83786594865948, 39.409857098570996], [-104.81986586865868, 39.33613836138363], [-104.8090658206582, 39.32894628946289], [-104.83066591665916, 39.27140971409716], [-104.85226601266012, 39.25522755227553], [-104.8450659806598, 39.221065210652114], [-104.82346588465884, 39.208479084790866], [-104.8090658206582, 39.18510485104852], [-104.82706590065901, 39.13655836558365], [-104.84146596465965, 39.12217422174223], [-104.87026609266093, 39.125770257702584], [-104.91706630066301, 39.11857818578187], [-104.93866639666396, 39.13835638356383], [-104.9710665406654, 39.125770257702584], [-104.99986666866668, 39.125770257702584], [-105.0250667806678, 39.10239602396024], [-105.01426673266732, 39.030475304753054], [-105.0250667806678, 38.99811098110982], [-105.07186698866988, 38.99271692716928], [-105.06466695666957, 38.972938729387295], [-105.12586722867228, 38.90821008210082], [-105.12586722867228, 38.89921999219993], [-105.18346748467485, 38.895623956239575], [-105.20146756467564, 38.895623956239575], [-105.25186778867788, 38.87944179441794], [-105.277067900679, 38.88843188431886], [-105.29866799667997, 38.87224972249723], [-105.33466815668156, 38.87404774047741], [-105.34546820468205, 38.886633866338656], [-105.3850683806838, 38.86146161461616], [-105.46066871668717, 38.838087380873816], [-105.55426913269132, 38.83269332693328], [-105.56866919669197, 38.829097290972925], [-105.60466935669356, 38.84348143481435], [-105.63346948469484, 38.84348143481435], [-105.65506958069581, 38.81651116511165], [-105.68746972469724, 38.809319093190936], [-105.67666967669676, 38.791338913389154], [-105.69466975669756, 38.753580535805355], [-105.73066991669917, 38.75717657176571], [-105.76667007670076, 38.78594485944859], [-105.78467015670157, 38.78414684146841], [-105.80987026870268, 38.80572305723058], [-105.8350703807038, 38.8039250392504], [-105.8530704607046, 38.81471314713147], [-105.91067071670716, 38.809319093190936], [-105.9430708607086, 38.85247152471524], [-105.9250707807078, 38.87404774047741], [-105.96467095670957, 38.88483584835848], [-105.96827097270972, 38.906412064120644], [-105.99347108471085, 38.915402154021535], [-106.02947124471244, 38.94237242372424], [-106.06547140471405, 38.93158431584317], [-106.11227161271613, 38.944170441704415], [-106.10867159671596, 38.98732287322875], [-106.14467175671757, 38.99811098110982], [-106.16987186871869, 38.99271692716928], [-106.19147196471964, 39.019687196871985], [-106.18427193271933, 39.04126341263412], [-106.19147196471964, 39.068233682336825], [-106.17347188471885, 39.08261782617828], [-106.177071900719, 39.10239602396024], [-106.20227201272013, 39.11678016780169], [-106.17347188471885, 39.13835638356383], [-106.18427193271933, 39.208479084790866], [-106.16987186871869, 39.22466124661247], [-106.18427193271933, 39.24264142641428], [-106.18787194871949, 39.27860178601787], [-106.16987186871869, 39.32175421754218], [-106.14107174071741, 39.33973439734399], [-106.15187178871788, 39.363108631086305], [-106.13747172471724, 39.37929079290794], [-106.09787154871549, 39.37749277492776], [-106.05827137271372, 39.35951259512595], [-106.02227121271213, 39.363108631086305], [-106.01867119671196, 39.381088810888116], [-105.97547100471004, 39.40805908059082], [-105.95027089270893, 39.41525115251153], [-105.93947084470844, 39.458403584035835], [-105.90707070070701, 39.460201602016014], [-105.89267063670637, 39.48357583575836], [-105.86747052470524, 39.494363943639456], [-105.86747052470524, 39.51953619536195], [-105.82427033270332, 39.53032430324305], [-105.83147036470365, 39.57707277072771], [-105.80627025270252, 39.58426484264842], [-105.77747012470124, 39.60584105841059], [-105.79187018870188, 39.63640736407365], [-105.84947044470445, 39.64359943599436], [-105.86387050870509, 39.666973669736706], [-105.91067071670716, 39.66337763377635], [-105.9250707807078, 39.67416574165742], [-105.9250707807078, 39.69933799337994], [-105.89267063670637, 39.729904299043], [-105.88187058870588, 39.75867258672588], [-105.8890706207062, 39.79643096430965], [-105.84947044470445, 39.78923889238894], [-105.80987026870268, 39.791036910369115], [-105.7990702207022, 39.80362303623036], [-105.77027009270093, 39.79643096430965], [-105.73426993269932, 39.80542105421054], [-105.71266983669837, 39.83778537785378], [-105.6910697406974, 39.85216952169523], [-105.70186978869788, 39.87913979139793], [-105.67666967669676, 39.93308033080331], [-105.69466975669756, 39.942070420704226], [-105.68386970869709, 39.99421294212942], [-105.68746972469724, 40.01578915789159], [-105.65146956469565, 40.021183211832124], [-105.64786954869548, 40.05354753547536], [-105.62626945269453, 40.12726627266272], [-105.637069500695, 40.14704447044471], [-105.66586962869629, 40.17041870418706], [-105.67666967669676, 40.20278302783029], [-105.66586962869629, 40.238743387433885], [-105.64426953269532, 40.249531495314955], [-105.68386970869709, 40.2729057290573], [-105.69826977269773, 40.32145221452214], [-105.75947004470045, 40.35561455614558], [-105.7810701407014, 40.371796717967186], [-105.80267023670237, 40.411353113531135], [-105.81707030070301, 40.42214122141223], [-105.80627025270252, 40.44731347313473], [-105.81707030070301, 40.47428374283743], [-105.85667047670476, 40.486869868698705]]]}}, {"id": "3286", "type": "Feature", "properties": {"id": "10190003,10190010,10190011,10190012,10190013,10190014", "name": "Eastern South Platte", "x": -103.93, "y": 40.034, "states": "CO,NE", "area": 6264922, "btype": "co_8"}, "geometry": {"type": "Polygon", "coordinates": [[[-104.84146596465965, 39.12217422174223], [-104.82706590065901, 39.13655836558365], [-104.8090658206582, 39.18510485104852], [-104.82346588465884, 39.208479084790866], [-104.8450659806598, 39.221065210652114], [-104.85226601266012, 39.25522755227553], [-104.83066591665916, 39.27140971409716], [-104.8090658206582, 39.32894628946289], [-104.81986586865868, 39.33613836138363], [-104.83786594865948, 39.409857098570996], [-104.87386610866109, 39.449413494134944], [-104.8990662206622, 39.45121151211512], [-104.92426633266332, 39.48177781777818], [-104.88466615666157, 39.51234412344124], [-104.87026609266093, 39.53032430324305], [-104.87746612466124, 39.591456914569164], [-104.92066631666316, 39.64539745397454], [-104.92426633266332, 39.68315583155831], [-104.96386650866508, 39.71192411924119], [-104.99986666866668, 39.73170231702318], [-105.01066671666716, 39.753278532785345], [-105.05026689266893, 39.764066640666414], [-105.02146676466765, 39.791036910369115], [-104.96026649266493, 39.82160321603217], [-104.96386650866508, 39.839583395833955], [-105.0610669406694, 39.8629576295763], [-105.10426713267132, 39.859361593615944], [-105.1150671806718, 39.848573485734875], [-105.17626745267452, 39.85216952169523], [-105.26626785267852, 39.87374573745737], [-105.27346788467884, 39.868351683516835], [-105.2590678206782, 39.88273582735829], [-105.187067500675, 39.91150411504117], [-105.12226721267213, 39.91330213302135], [-105.07186698866988, 39.943868438684405], [-105.0610669406694, 39.95825258252583], [-105.0250667806678, 39.97623276232764], [-105.00346668466685, 40.01758717587177], [-105.01786674866749, 40.03376933769337], [-104.95666647666476, 40.05174951749518], [-104.90266623666237, 40.10029600296005], [-104.88466615666157, 40.15963059630596], [-104.87386610866109, 40.17401474014741], [-104.87026609266093, 40.23334933349335], [-104.87386610866109, 40.27110771107712], [-104.88826617266173, 40.278299782997834], [-104.83426593265932, 40.31965419654196], [-104.76226561265612, 40.353816538165376], [-104.78386570865709, 40.373594735947364], [-104.82346588465884, 40.38078680786808], [-104.76946564465645, 40.39876698766989], [-104.72986546865468, 40.389776897768996], [-104.70466535665356, 40.4059590595906], [-104.6830652606526, 40.39337293372935], [-104.60026489264892, 40.42214122141223], [-104.6290650206502, 40.44551545515455], [-104.63266503665037, 40.46349563495636], [-104.58226481264812, 40.468889688896894], [-104.56066471664717, 40.48866788667888], [-104.55346468464684, 40.506648066480665], [-104.54266463664636, 40.49046590465906], [-104.52826457264572, 40.438323383233836], [-104.49226441264412, 40.38618086180861], [-104.47426433264333, 40.402363023630244], [-104.4490642206422, 40.41315113151131], [-104.4490642206422, 40.43472734727348], [-104.40226401264012, 40.45630356303565], [-104.39866399663997, 40.467091670916716], [-104.34466375663756, 40.49046590465906], [-104.35186378863789, 40.50485004850049], [-104.33746372463725, 40.53182031820319], [-104.3050635806358, 40.56778067780678], [-104.26546340463405, 40.59654896548966], [-104.2690634206342, 40.619923199232005], [-104.25826337263372, 40.639701397013965], [-104.22226321263213, 40.63790337903379], [-104.18626305263052, 40.64329743297435], [-104.16826297262972, 40.66667166671667], [-104.1610629406294, 40.70083400834008], [-104.17906302063021, 40.70802608026082], [-104.18986306863069, 40.74218842188424], [-104.17186298862988, 40.75837058370584], [-104.15026289262893, 40.79972499724997], [-104.06386250862508, 40.79433094330943], [-104.08186258862588, 40.8320893208932], [-104.04946244462444, 40.850069500695014], [-104.04586242862429, 40.86445364453644], [-104.00266223662237, 40.88243382433825], [-103.98826217262172, 40.896817968179676], [-103.95946204462044, 40.905808058080595], [-103.93066191661916, 40.896817968179676], [-103.90186178861788, 40.90401004010042], [-103.88746172461724, 40.88423184231843], [-103.85146156461565, 40.887827878278785], [-103.8550615806158, 40.916596165961664], [-103.79386130861309, 40.925586255862555], [-103.75066111661117, 40.95615256152561], [-103.7290610206102, 40.981324813248136], [-103.68586082860828, 40.98671886718867], [-103.6390606206062, 40.97772877728778], [-103.58866039660397, 40.99930499304995], [-103.57066031660317, 40.99031490314903], [-103.53466015660156, 40.99930499304995], [-103.47345988459884, 40.98671886718867], [-103.45185978859789, 40.9759307593076], [-103.39425953259533, 40.97952679526796], [-103.39065951659516, 40.963344633446354], [-103.35825937259372, 40.95075850758508], [-103.3330592605926, 40.95795057950579], [-103.30425913259133, 40.934576345763475], [-103.25745892458924, 40.945364453644544], [-103.22145876458764, 40.94716247162472], [-103.17825857258572, 40.963344633446354], [-103.09905822058221, 40.963344633446354], [-103.05945804458044, 40.98671886718867], [-103.04865799657996, 40.98851688516885], [-102.98385770857708, 41.01368913689137], [-102.95145756457565, 41.00829508295084], [-102.92265743657437, 41.020881208812085], [-102.90465735657357, 41.040659406594074], [-102.86145716457165, 41.038861388613896], [-102.81465695656956, 41.06223562235624], [-102.78225681256812, 41.04605346053461], [-102.7390566205662, 41.05324553245532], [-102.72465655656556, 41.03346733467336], [-102.67425633256332, 41.0658316583166], [-102.62025609256092, 41.058639586395884], [-102.56625585255853, 41.07482174821749], [-102.53025569255692, 41.05684156841568], [-102.5050555805558, 41.03706337063372], [-102.49065551655517, 41.040659406594074], [-102.45825537255372, 41.0029010290103], [-102.42585522855228, 40.99750697506977], [-102.38985506855069, 40.97952679526796], [-102.38265503655036, 40.954354543545435], [-102.39345508455084, 40.91300013000131], [-102.42945524455244, 40.89322193221932], [-102.42585522855228, 40.86625166251662], [-102.45825537255372, 40.859059590595905], [-102.49065551655517, 40.87164571645718], [-102.53385570855708, 40.85726157261573], [-102.55185578855789, 40.83568535685359], [-102.58065591655917, 40.82309923099231], [-102.59145596455964, 40.8320893208932], [-102.63825617256173, 40.79433094330943], [-102.71745652456524, 40.76915869158691], [-102.757056700567, 40.7619666196662], [-102.77505678056781, 40.75117851178513], [-102.78945684456845, 40.71701617016171], [-102.84345708457084, 40.726006260062604], [-102.847057100571, 40.71342013420136], [-102.89745732457324, 40.68465184651848], [-102.9190574205742, 40.686449864498655], [-102.94065751657516, 40.66667166671667], [-102.98745772457724, 40.639701397013965], [-102.97665767657676, 40.61812518125183], [-103.03065791657916, 40.59654896548966], [-103.04145796457965, 40.56957869578696], [-103.03785794857949, 40.53002230022301], [-103.05225801258013, 40.53182031820319], [-103.08825817258172, 40.51384013840138], [-103.09905822058221, 40.47068770687707], [-103.08825817258172, 40.44191941919419], [-103.10985826858268, 40.38438284382843], [-103.1350583805838, 40.36820068200683], [-103.117058300583, 40.31246212462125], [-103.12065831658316, 40.2890878908789], [-103.10985826858268, 40.26211762117623], [-103.12065831658316, 40.247733477334776], [-103.16745852458524, 40.220763207632075], [-103.21425873258733, 40.211773117731184], [-103.21785874858749, 40.19738897388976], [-103.26465895658956, 40.1668226682267], [-103.28625905259052, 40.12367023670237], [-103.27545900459005, 40.08051780517806], [-103.31865919659197, 40.05174951749518], [-103.31865919659197, 40.021183211832124], [-103.30785914859149, 40.0067990679907], [-103.31865919659197, 39.98342483424835], [-103.30785914859149, 39.972636726367284], [-103.32945924459244, 39.93128231282313], [-103.30065911659116, 39.87374573745737], [-103.34025929259292, 39.85216952169523], [-103.33665927659277, 39.82699726997271], [-103.34385930859308, 39.76766267662677], [-103.32225921259213, 39.73889438894389], [-103.34745932459325, 39.69214592145923], [-103.34745932459325, 39.677761777617775], [-103.37265943659436, 39.668771687716884], [-103.37625945259452, 39.64359943599436], [-103.47345988459884, 39.611235112351125], [-103.49865999659997, 39.589658896588986], [-103.55986026860268, 39.562688626886285], [-103.55626025260253, 39.52672826728269], [-103.59226041260412, 39.494363943639456], [-103.67146076460764, 39.47458574585747], [-103.69666087660876, 39.41704917049171], [-103.73626105261053, 39.399068990689926], [-103.75066111661117, 39.400867008670104], [-103.78666127661276, 39.382886828868294], [-103.79386130861309, 39.372098720987225], [-103.86586162861629, 39.35052250522506], [-103.87666167661676, 39.316360163601644], [-103.89826177261773, 39.319956199562], [-103.92346188461885, 39.30197601976022], [-103.97386210862108, 39.29118791187912], [-103.97746212462124, 39.24983349833499], [-104.00266223662237, 39.22286322863229], [-104.04586242862429, 39.201287012870125], [-104.07466255662557, 39.20668106681069], [-104.08186258862588, 39.1869028690287], [-104.11786274862749, 39.17971079710799], [-104.16466295662957, 39.152740527405285], [-104.20426313263133, 39.15094250942511], [-104.22946324463244, 39.161730617306176], [-104.29426353263533, 39.12037620376205], [-104.34106374063741, 39.134760347603475], [-104.3590638206382, 39.12037620376205], [-104.41306406064061, 39.11318413184134], [-104.42746412464125, 39.09160791607917], [-104.46346428464284, 39.07902179021792], [-104.4850643806438, 39.086213862138635], [-104.53546460464604, 39.07542575425754], [-104.60386490864909, 39.05025350253504], [-104.63266503665037, 39.04485944859448], [-104.66506518065181, 39.02508125081252], [-104.67586522865228, 39.03227332273323], [-104.71546540465404, 39.039465394653945], [-104.74426553265532, 39.070031700317], [-104.79826577265773, 39.07182971829718], [-104.81266583665837, 39.10239602396024], [-104.84146596465965, 39.12217422174223]]]}}, {"id": "3287", "type": "Feature", "properties": {"id": "11020001,11020002,11020003,11020004,11020005,11020006,11020007,11020010", "name": "Arkansas", "x": -104.613, "y": 38.095, "states": "CO,NM", "area": 9997835, "btype": "co_8"}, "geometry": {"type": "Polygon", "coordinates": [[[-106.15187178871788, 39.363108631086305], [-106.14107174071741, 39.33973439734399], [-106.16987186871869, 39.32175421754218], [-106.18787194871949, 39.27860178601787], [-106.18427193271933, 39.24264142641428], [-106.16987186871869, 39.22466124661247], [-106.18427193271933, 39.208479084790866], [-106.17347188471885, 39.13835638356383], [-106.20227201272013, 39.11678016780169], [-106.177071900719, 39.10239602396024], [-106.17347188471885, 39.08261782617828], [-106.19147196471964, 39.068233682336825], [-106.18427193271933, 39.04126341263412], [-106.19147196471964, 39.019687196871985], [-106.16987186871869, 38.99271692716928], [-106.14467175671757, 38.99811098110982], [-106.10867159671596, 38.98732287322875], [-106.11227161271613, 38.944170441704415], [-106.06547140471405, 38.93158431584317], [-106.02947124471244, 38.94237242372424], [-105.99347108471085, 38.915402154021535], [-105.96827097270972, 38.906412064120644], [-105.96467095670957, 38.88483584835848], [-105.9250707807078, 38.87404774047741], [-105.9430708607086, 38.85247152471524], [-105.91067071670716, 38.809319093190936], [-105.8530704607046, 38.81471314713147], [-105.8350703807038, 38.8039250392504], [-105.80987026870268, 38.80572305723058], [-105.78467015670157, 38.78414684146841], [-105.76667007670076, 38.78594485944859], [-105.73066991669917, 38.75717657176571], [-105.69466975669756, 38.753580535805355], [-105.67666967669676, 38.791338913389154], [-105.68746972469724, 38.809319093190936], [-105.65506958069581, 38.81651116511165], [-105.63346948469484, 38.84348143481435], [-105.60466935669356, 38.84348143481435], [-105.56866919669197, 38.829097290972925], [-105.55426913269132, 38.83269332693328], [-105.46066871668717, 38.838087380873816], [-105.3850683806838, 38.86146161461616], [-105.34546820468205, 38.886633866338656], [-105.33466815668156, 38.87404774047741], [-105.29866799667997, 38.87224972249723], [-105.277067900679, 38.88843188431886], [-105.25186778867788, 38.87944179441794], [-105.20146756467564, 38.895623956239575], [-105.18346748467485, 38.895623956239575], [-105.12586722867228, 38.89921999219993], [-105.12586722867228, 38.90821008210082], [-105.06466695666957, 38.972938729387295], [-105.07186698866988, 38.99271692716928], [-105.0250667806678, 38.99811098110982], [-105.01426673266732, 39.030475304753054], [-105.0250667806678, 39.10239602396024], [-104.99986666866668, 39.125770257702584], [-104.9710665406654, 39.125770257702584], [-104.93866639666396, 39.13835638356383], [-104.91706630066301, 39.11857818578187], [-104.87026609266093, 39.125770257702584], [-104.84146596465965, 39.12217422174223], [-104.81266583665837, 39.10239602396024], [-104.79826577265773, 39.07182971829718], [-104.74426553265532, 39.070031700317], [-104.71546540465404, 39.039465394653945], [-104.67586522865228, 39.03227332273323], [-104.66506518065181, 39.02508125081252], [-104.63266503665037, 39.04485944859448], [-104.60386490864909, 39.05025350253504], [-104.53546460464604, 39.07542575425754], [-104.4850643806438, 39.086213862138635], [-104.46346428464284, 39.07902179021792], [-104.44186418864189, 39.057445574455755], [-104.41666407664076, 39.05025350253504], [-104.37346388463884, 39.048455484554864], [-104.31586362863628, 39.02328323283234], [-104.3050635806358, 39.001707017070174], [-104.3230636606366, 38.98732287322875], [-104.30866359663597, 38.962150621506225], [-104.27266343663436, 38.94596845968459], [-104.24386330863308, 38.92259422594228], [-104.22586322863228, 38.8830378303783], [-104.29066351663516, 38.82729927299275], [-104.29066351663516, 38.811117111171114], [-104.2690634206342, 38.76796467964681], [-104.24386330863308, 38.733802338023395], [-104.22226321263213, 38.73020630206304], [-104.13586282862828, 38.67446774467746], [-104.09626265262652, 38.62232522325223], [-104.06746252462524, 38.61153711537116], [-104.04226241262413, 38.57737477374775], [-104.02786234862349, 38.54141441414416], [-103.99546220462204, 38.523434234342346], [-103.97386210862108, 38.49286792867929], [-103.94146196461965, 38.44252342523427], [-103.93066191661916, 38.438927389273886], [-103.89826177261773, 38.40296702967029], [-103.85866159661596, 38.3777947779478], [-103.82986146861468, 38.34543045430456], [-103.79746132461324, 38.32924829248293], [-103.78666127661276, 38.30767207672076], [-103.76866119661196, 38.30048000480005], [-103.747061100611, 38.30947009470094], [-103.73266103661037, 38.296883968839694], [-103.70026089260892, 38.29328793287934], [-103.67506078060781, 38.277105771057705], [-103.67146076460764, 38.25193351933521], [-103.65346068460684, 38.22496324963251], [-103.657060700607, 38.199790997909986], [-103.62826057260573, 38.16562865628657], [-103.64266063660637, 38.124274242742445], [-103.64266063660637, 38.07033370333704], [-103.62826057260573, 38.05055550555507], [-103.59946044460445, 38.037969379693806], [-103.53826017260172, 38.039767397673984], [-103.53466015660156, 38.05055550555507], [-103.49145996459964, 38.0739297392974], [-103.47345988459884, 38.07033370333704], [-103.44465975659756, 38.08651586515866], [-103.4050595805958, 38.08471784717848], [-103.36185938859389, 38.0739297392974], [-103.32585922859228, 38.07213172131722], [-103.3150591805918, 38.039767397673984], [-103.31865919659197, 38.02178721787219], [-103.28985906859069, 38.03437334373345], [-103.26825897258972, 38.03077730777308], [-103.23585882858828, 38.063141631416315], [-103.17825857258572, 38.06493964939651], [-103.18905862058621, 38.02718127181272], [-103.15665847658477, 38.00021100211002], [-103.17825857258572, 37.97683676836769], [-103.22145876458764, 37.890531905319065], [-103.23225881258813, 37.876147761477625], [-103.23225881258813, 37.82220722207222], [-103.25745892458924, 37.80242902429025], [-103.27545900459005, 37.77725677256774], [-103.30425913259133, 37.77006470064701], [-103.3150591805918, 37.74848848488486], [-103.35105934059341, 37.710730107301075], [-103.3690594205942, 37.67656776567766], [-103.37625945259452, 37.629819298192984], [-103.36185938859389, 37.577676776767774], [-103.3330592605926, 37.55070650706507], [-103.3330592605926, 37.5039580395804], [-103.32585922859228, 37.47159371593716], [-103.35465935659356, 37.43383533835339], [-103.34385930859308, 37.40506705067051], [-103.36185938859389, 37.38349083490836], [-103.38345948459484, 37.37809678096782], [-103.36545940459405, 37.33134831348315], [-103.39425953259533, 37.29898398983991], [-103.36185938859389, 37.25043750437506], [-103.40865959659597, 37.21807318073181], [-103.44825977259772, 37.21447714477145], [-103.4590598205982, 37.19110291102912], [-103.49865999659997, 37.194698946989476], [-103.5310601406014, 37.180314803148036], [-103.5310601406014, 37.16053660536606], [-103.58146036460364, 37.16233462334624], [-103.59946044460445, 37.14974849748498], [-103.60306046060461, 37.128172281722826], [-103.66426073260732, 37.13536435364354], [-103.70026089260892, 37.13356633566336], [-103.72546100461004, 37.11738417384174], [-103.73986106861068, 37.09221192211923], [-103.73266103661037, 37.072433724337245], [-103.74346108461084, 37.04366543665438], [-103.76506118061181, 37.02748327483276], [-103.79746132461324, 37.03107931079312], [-103.81546140461404, 37.01669516695168], [-103.8730616606166, 36.989724897248976], [-103.8910617406174, 36.9969169691697], [-103.9450619806198, 36.98433084330844], [-103.99186218862188, 36.9609566095661], [-103.99186218862188, 36.939380393803944], [-104.03146236462365, 36.939380393803944], [-104.04226241262413, 36.91960219602197], [-104.06746252462524, 36.91420814208142], [-104.07466255662557, 36.90162201622017], [-104.12866279662796, 36.8980259802598], [-104.17906302063021, 36.92140021400215], [-104.22226321263213, 36.94837048370485], [-104.25826337263372, 36.91780417804179], [-104.29786354863549, 36.91420814208142], [-104.27986346863469, 36.9429764297643], [-104.29426353263533, 36.966350663506645], [-104.287063500635, 36.995118951189525], [-104.32666367663677, 37.005907059070594], [-104.33026369263692, 37.032877328773296], [-104.34466375663756, 37.047261472614736], [-104.36986386863869, 37.032877328773296], [-104.43826417264172, 37.047261472614736], [-104.42746412464125, 37.00770507705077], [-104.43466415664156, 36.991522915229154], [-104.50666447664476, 36.99332093320933], [-104.51746452464525, 37.00051300513006], [-104.58946484464845, 36.9879268792688], [-104.60746492464925, 36.980734807348085], [-104.65426513265132, 36.977138771387715], [-104.65426513265132, 36.9609566095661], [-104.7010653406534, 36.95556255562556], [-104.74426553265532, 36.9429764297643], [-104.81266583665837, 36.95915859158592], [-104.8450659806598, 36.97534075340754], [-104.88826617266173, 36.97534075340754], [-104.93866639666396, 36.99332093320933], [-104.97826657266572, 36.991522915229154], [-105.01786674866749, 37.00051300513006], [-105.05026689266893, 37.005907059070594], [-105.1330672606726, 37.04006940069401], [-105.14386730867308, 37.05445354453545], [-105.17626745267452, 37.05625156251563], [-105.21226761267613, 37.072433724337245], [-105.19066751667516, 37.09400994009941], [-105.187067500675, 37.12277822778229], [-105.16546740467405, 37.15154651546516], [-105.16186738867388, 37.219871198712], [-105.15466735667357, 37.248639486394865], [-105.16546740467405, 37.289993899939006], [-105.16546740467405, 37.38888488884889], [-105.12946724467244, 37.41225912259124], [-105.15466735667357, 37.45720957209572], [-105.17626745267452, 37.45720957209572], [-105.17266743667436, 37.523736237362385], [-105.19426753267533, 37.56509065090651], [-105.21946764467644, 37.58307083070831], [-105.18346748467485, 37.615435154351545], [-105.21586762867628, 37.62622326223263], [-105.23746772467724, 37.62082920829209], [-105.25546780467805, 37.64060740607407], [-105.30946804468044, 37.65319353193533], [-105.3490682206822, 37.63701137011371], [-105.44266863668636, 37.61004110041101], [-105.457068700687, 37.58666686666868], [-105.48586882868828, 37.577676776767774], [-105.49306886068861, 37.58486884868849], [-105.50026889268892, 37.59745497454975], [-105.47866879668797, 37.68375983759839], [-105.47866879668797, 37.69814398143983], [-105.45346868468684, 37.723316233162336], [-105.46066871668717, 37.753882538825394], [-105.43546860468605, 37.82220722207222], [-105.42826857268572, 37.85277352773528], [-105.4750687806878, 37.8959259592596], [-105.53266903669036, 37.95526055260554], [-105.55066911669117, 37.94986649866499], [-105.58306926069261, 37.967846678466785], [-105.60466935669356, 38.00740307403075], [-105.59746932469325, 38.023585235852366], [-105.62626945269453, 38.066737667376685], [-105.65506958069581, 38.091909919099194], [-105.65866959669596, 38.1170821708217], [-105.66946964469645, 38.1278702787028], [-105.6730696606966, 38.15843658436586], [-105.70186978869788, 38.16922469224693], [-105.73786994869948, 38.20878108781088], [-105.78827017270173, 38.24474144741447], [-105.7990702207022, 38.26991369913699], [-105.82067031670316, 38.27350973509735], [-105.86747052470524, 38.30767207672076], [-105.8890706207062, 38.34183441834418], [-105.93947084470844, 38.37599675996762], [-105.9610709407094, 38.40296702967029], [-105.99707110071101, 38.420947209472104], [-106.01867119671196, 38.45510955109552], [-106.05827137271372, 38.45331153311534], [-106.07627145271452, 38.42274522745228], [-106.11587162871628, 38.40476504765047], [-106.10867159671596, 38.37959279592798], [-106.14107174071741, 38.3508245082451], [-106.177071900719, 38.340036400364], [-106.19147196471964, 38.34902649026492], [-106.22027209272092, 38.32745027450275], [-106.25267223672236, 38.34722847228474], [-106.23827217272172, 38.37959279592798], [-106.25267223672236, 38.401169011690115], [-106.24547220472205, 38.438927389273886], [-106.28867239672397, 38.46230162301623], [-106.31387250872508, 38.49466594665947], [-106.32827257272572, 38.49286792867929], [-106.35347268472684, 38.534222342223416], [-106.34627265272653, 38.56838468384686], [-106.36067271672717, 38.59895098950989], [-106.40027289272892, 38.64030540305404], [-106.4290730207302, 38.65289152891529], [-106.43987306873069, 38.687053870538705], [-106.45067311673117, 38.6978419784198], [-106.42187298872989, 38.71762017620176], [-106.41467295672956, 38.77875278752788], [-106.42187298872989, 38.80752107521076], [-106.40747292472925, 38.829097290972925], [-106.38227281272812, 38.82550125501257], [-106.36427273272733, 38.85247152471524], [-106.34987266872669, 38.85426954269542], [-106.32107254072541, 38.89202792027922], [-106.32467255672556, 38.91180611806118], [-106.40387290872908, 38.910008100081], [-106.42187298872989, 38.92798827988281], [-106.4650731807318, 38.910008100081], [-106.50467335673356, 38.9369783697837], [-106.52987346873468, 38.96035260352605], [-106.52987346873468, 38.98013080130801], [-106.55507358073581, 38.99811098110982], [-106.59827377273773, 38.99811098110982], [-106.59827377273773, 39.04485944859448], [-106.57667367673676, 39.05205152051522], [-106.58387370873709, 39.08441584415846], [-106.56587362873628, 39.11318413184134], [-106.56227361273612, 39.15633656336564], [-106.52267343673437, 39.15813458134582], [-106.49387330873309, 39.19769097690977], [-106.49747332473325, 39.24264142641428], [-106.47947324473245, 39.258823588235884], [-106.50467335673356, 39.285793857938586], [-106.49387330873309, 39.305572055720575], [-106.43267303673036, 39.316360163601644], [-106.43267303673036, 39.354118541185414], [-106.40387290872908, 39.37929079290794], [-106.37867279672797, 39.37569475694758], [-106.34987266872669, 39.354118541185414], [-106.30307246072461, 39.36131061310613], [-106.2850723807238, 39.34872448724488], [-106.25267223672236, 39.35771457714577], [-106.20947204472044, 39.382886828868294], [-106.19867199671997, 39.37030070300705], [-106.15187178871788, 39.363108631086305]]]}}, {"id": "3288", "type": "Feature", "properties": {"id": "11020008,11020009,11020011,11020012,11020013", "name": "Eastern Arkansas", "x": -103.035, "y": 38.531, "states": "CO,KS", "area": 5954321, "btype": "co_8"}, "geometry": {"type": "Polygon", "coordinates": [[[-104.46346428464284, 39.07902179021792], [-104.42746412464125, 39.09160791607917], [-104.41306406064061, 39.11318413184134], [-104.3590638206382, 39.12037620376205], [-104.34106374063741, 39.134760347603475], [-104.29426353263533, 39.12037620376205], [-104.22946324463244, 39.161730617306176], [-104.20426313263133, 39.15094250942511], [-104.16466295662957, 39.152740527405285], [-104.11786274862749, 39.17971079710799], [-104.08186258862588, 39.1869028690287], [-104.07466255662557, 39.20668106681069], [-104.04586242862429, 39.201287012870125], [-104.00266223662237, 39.22286322863229], [-103.97746212462124, 39.24983349833499], [-103.97386210862108, 39.29118791187912], [-103.92346188461885, 39.30197601976022], [-103.89826177261773, 39.319956199562], [-103.87666167661676, 39.316360163601644], [-103.86586162861629, 39.35052250522506], [-103.79386130861309, 39.372098720987225], [-103.73626105261053, 39.35951259512595], [-103.69666087660876, 39.3738967389674], [-103.6390606206062, 39.35052250522506], [-103.61746052460525, 39.33613836138363], [-103.60306046060461, 39.303774037740396], [-103.55626025260253, 39.276803768037695], [-103.50226001260012, 39.27320773207734], [-103.4590598205982, 39.25522755227553], [-103.44825977259772, 39.2408434084341], [-103.41225961259612, 39.239045390453924], [-103.39785954859548, 39.221065210652114], [-103.35105934059341, 39.21746917469176], [-103.34025929259292, 39.1869028690287], [-103.31145916459164, 39.16712467124671], [-103.30065911659116, 39.125770257702584], [-103.26465895658956, 39.11857818578187], [-103.24665887658877, 39.0808198081981], [-103.21065871658716, 39.07362773627736], [-103.18545860458605, 39.05564755647558], [-103.1530584605846, 39.06104161041611], [-103.12785834858349, 39.039465394653945], [-103.08825817258172, 39.05564755647558], [-103.06665807658077, 39.03227332273323], [-102.98385770857708, 39.03586935869359], [-102.94425753257532, 39.05025350253504], [-102.9190574205742, 39.03227332273323], [-102.88665727657276, 39.04126341263412], [-102.83625705257052, 39.03766737667377], [-102.81465695656956, 39.0430614306143], [-102.78225681256812, 39.01609116091163], [-102.7390566205662, 38.99631296312964], [-102.69585642856428, 38.990918909189105], [-102.67785634856348, 38.97473674736747], [-102.6310561405614, 38.96574665746658], [-102.61665607656076, 38.97473674736747], [-102.58785594855948, 38.94776647766477], [-102.53385570855708, 38.910008100081], [-102.54825577255772, 38.87224972249723], [-102.5410557405574, 38.85966359663598], [-102.5410557405574, 38.82370323703239], [-102.54825577255772, 38.79493494934951], [-102.56265583655836, 38.782348823488235], [-102.54825577255772, 38.749984499845], [-102.52305566055661, 38.71941819418194], [-102.49065551655517, 38.71042810428105], [-102.47985546855469, 38.687053870538705], [-102.43665527655276, 38.65468954689547], [-102.40785514855148, 38.60614306143063], [-102.3250547805478, 38.516242162421634], [-102.31065471654716, 38.47848378483786], [-102.31785474854749, 38.44971549715498], [-102.33945484454844, 38.429937299372995], [-102.33585482854828, 38.39577495774958], [-102.307054700547, 38.36880468804688], [-102.19545420454205, 38.37959279592798], [-102.17385410854108, 38.390380903809046], [-102.15225401254013, 38.3939769397694], [-102.11625385253852, 38.38498684986851], [-102.10905382053821, 38.37060270602706], [-102.06225361253613, 38.37419874198741], [-102.05145356453565, 38.35621856218563], [-102.02265343653437, 38.32924829248293], [-102.01545340453404, 38.28969189691898], [-102.02985346853468, 38.22496324963251], [-102.00825337253372, 38.19619496194963], [-102.00825337253372, 38.17641676416764], [-102.03345348453485, 38.12607226072262], [-102.03705350053501, 38.063141631416315], [-102.04785354853549, 38.03077730777308], [-102.05865359653596, 38.010999109991104], [-102.07665367653676, 38.009201092010926], [-102.10905382053821, 37.96964469644698], [-102.11985386853868, 37.930088300883014], [-102.14865399653996, 37.872551725517255], [-102.15225401254013, 37.85277352773528], [-102.15585402854028, 37.8240052400524], [-102.16665407654077, 37.80242902429025], [-102.19185418854188, 37.78624686246863], [-102.23145436454364, 37.72151821518216], [-102.26745452454524, 37.70353803538036], [-102.33225481254813, 37.66038560385604], [-102.36105494054941, 37.671173711737126], [-102.39345508455084, 37.64959749597497], [-102.4330552605526, 37.65139551395515], [-102.45825537255372, 37.644203442034424], [-102.487055500555, 37.62442524425245], [-102.58425593255933, 37.606445064450654], [-102.59865599655997, 37.613637136371366], [-102.66345628456284, 37.613637136371366], [-102.67785634856348, 37.6028490284903], [-102.73185658856589, 37.59925299252993], [-102.74625665256653, 37.58666686666868], [-102.77865679656796, 37.575878758787596], [-102.8290570205702, 37.52193821938221], [-102.90825737257373, 37.48957389573896], [-102.92625745257452, 37.46260362603627], [-102.95865759657596, 37.453613536135364], [-102.97665767657676, 37.401471014710154], [-103.01985786857868, 37.379894798948], [-103.01625785257852, 37.36910669106692], [-103.03425793257932, 37.36551065510656], [-103.04865799657996, 37.34033840338404], [-103.09545820458204, 37.33854038540386], [-103.117058300583, 37.3079740797408], [-103.15665847658477, 37.28819588195883], [-103.16745852458524, 37.27201372013721], [-103.21065871658716, 37.28459984599847], [-103.23225881258813, 37.277407774077744], [-103.31145916459164, 37.28639786397865], [-103.34385930859308, 37.25403354033541], [-103.36185938859389, 37.25043750437506], [-103.39425953259533, 37.29898398983991], [-103.36545940459405, 37.33134831348315], [-103.38345948459484, 37.37809678096782], [-103.36185938859389, 37.38349083490836], [-103.34385930859308, 37.40506705067051], [-103.35465935659356, 37.43383533835339], [-103.32585922859228, 37.47159371593716], [-103.3330592605926, 37.5039580395804], [-103.3330592605926, 37.55070650706507], [-103.36185938859389, 37.577676776767774], [-103.37625945259452, 37.629819298192984], [-103.3690594205942, 37.67656776567766], [-103.35105934059341, 37.710730107301075], [-103.3150591805918, 37.74848848488486], [-103.30425913259133, 37.77006470064701], [-103.27545900459005, 37.77725677256774], [-103.25745892458924, 37.80242902429025], [-103.23225881258813, 37.82220722207222], [-103.23225881258813, 37.876147761477625], [-103.22145876458764, 37.890531905319065], [-103.17825857258572, 37.97683676836769], [-103.15665847658477, 38.00021100211002], [-103.18905862058621, 38.02718127181272], [-103.17825857258572, 38.06493964939651], [-103.23585882858828, 38.063141631416315], [-103.26825897258972, 38.03077730777308], [-103.28985906859069, 38.03437334373345], [-103.31865919659197, 38.02178721787219], [-103.3150591805918, 38.039767397673984], [-103.32585922859228, 38.07213172131722], [-103.36185938859389, 38.0739297392974], [-103.4050595805958, 38.08471784717848], [-103.44465975659756, 38.08651586515866], [-103.47345988459884, 38.07033370333704], [-103.49145996459964, 38.0739297392974], [-103.53466015660156, 38.05055550555507], [-103.53826017260172, 38.039767397673984], [-103.59946044460445, 38.037969379693806], [-103.62826057260573, 38.05055550555507], [-103.64266063660637, 38.07033370333704], [-103.64266063660637, 38.124274242742445], [-103.62826057260573, 38.16562865628657], [-103.657060700607, 38.199790997909986], [-103.65346068460684, 38.22496324963251], [-103.67146076460764, 38.25193351933521], [-103.67506078060781, 38.277105771057705], [-103.70026089260892, 38.29328793287934], [-103.73266103661037, 38.296883968839694], [-103.747061100611, 38.30947009470094], [-103.76866119661196, 38.30048000480005], [-103.78666127661276, 38.30767207672076], [-103.79746132461324, 38.32924829248293], [-103.82986146861468, 38.34543045430456], [-103.85866159661596, 38.3777947779478], [-103.89826177261773, 38.40296702967029], [-103.93066191661916, 38.438927389273886], [-103.94146196461965, 38.44252342523427], [-103.97386210862108, 38.49286792867929], [-103.99546220462204, 38.523434234342346], [-104.02786234862349, 38.54141441414416], [-104.04226241262413, 38.57737477374775], [-104.06746252462524, 38.61153711537116], [-104.09626265262652, 38.62232522325223], [-104.13586282862828, 38.67446774467746], [-104.22226321263213, 38.73020630206304], [-104.24386330863308, 38.733802338023395], [-104.2690634206342, 38.76796467964681], [-104.29066351663516, 38.811117111171114], [-104.29066351663516, 38.82729927299275], [-104.22586322863228, 38.8830378303783], [-104.24386330863308, 38.92259422594228], [-104.27266343663436, 38.94596845968459], [-104.30866359663597, 38.962150621506225], [-104.3230636606366, 38.98732287322875], [-104.3050635806358, 39.001707017070174], [-104.31586362863628, 39.02328323283234], [-104.37346388463884, 39.048455484554864], [-104.41666407664076, 39.05025350253504], [-104.44186418864189, 39.057445574455755], [-104.46346428464284, 39.07902179021792]]]}}, {"id": "3289", "type": "Feature", "properties": {"id": "130100,1302010101", "name": "Upper Rio Grande", "x": -106.111, "y": 37.652, "states": "CO,NM", "area": 5120338, "btype": "co_8"}, "geometry": {"type": "Polygon", "coordinates": [[[-106.25267223672236, 38.34722847228474], [-106.22027209272092, 38.32745027450275], [-106.19147196471964, 38.34902649026492], [-106.177071900719, 38.340036400364], [-106.14107174071741, 38.3508245082451], [-106.10867159671596, 38.37959279592798], [-106.11587162871628, 38.40476504765047], [-106.07627145271452, 38.42274522745228], [-106.05827137271372, 38.45331153311534], [-106.01867119671196, 38.45510955109552], [-105.99707110071101, 38.420947209472104], [-105.9610709407094, 38.40296702967029], [-105.93947084470844, 38.37599675996762], [-105.8890706207062, 38.34183441834418], [-105.86747052470524, 38.30767207672076], [-105.82067031670316, 38.27350973509735], [-105.7990702207022, 38.26991369913699], [-105.78827017270173, 38.24474144741447], [-105.73786994869948, 38.20878108781088], [-105.70186978869788, 38.16922469224693], [-105.6730696606966, 38.15843658436586], [-105.66946964469645, 38.1278702787028], [-105.65866959669596, 38.1170821708217], [-105.65506958069581, 38.091909919099194], [-105.62626945269453, 38.066737667376685], [-105.59746932469325, 38.023585235852366], [-105.60466935669356, 38.00740307403075], [-105.58306926069261, 37.967846678466785], [-105.55066911669117, 37.94986649866499], [-105.53266903669036, 37.95526055260554], [-105.4750687806878, 37.8959259592596], [-105.42826857268572, 37.85277352773528], [-105.43546860468605, 37.82220722207222], [-105.46066871668717, 37.753882538825394], [-105.45346868468684, 37.723316233162336], [-105.47866879668797, 37.69814398143983], [-105.47866879668797, 37.68375983759839], [-105.50026889268892, 37.59745497454975], [-105.49306886068861, 37.58486884868849], [-105.48586882868828, 37.577676776767774], [-105.457068700687, 37.58666686666868], [-105.44266863668636, 37.61004110041101], [-105.3490682206822, 37.63701137011371], [-105.30946804468044, 37.65319353193533], [-105.25546780467805, 37.64060740607407], [-105.23746772467724, 37.62082920829209], [-105.21586762867628, 37.62622326223263], [-105.18346748467485, 37.615435154351545], [-105.21946764467644, 37.58307083070831], [-105.19426753267533, 37.56509065090651], [-105.17266743667436, 37.523736237362385], [-105.17626745267452, 37.45720957209572], [-105.15466735667357, 37.45720957209572], [-105.12946724467244, 37.41225912259124], [-105.16546740467405, 37.38888488884889], [-105.16546740467405, 37.289993899939006], [-105.15466735667357, 37.248639486394865], [-105.16186738867388, 37.219871198712], [-105.16546740467405, 37.15154651546516], [-105.187067500675, 37.12277822778229], [-105.19066751667516, 37.09400994009941], [-105.21226761267613, 37.072433724337245], [-105.21226761267613, 37.05445354453545], [-105.23386770867708, 37.03647336473365], [-105.23746772467724, 37.01669516695168], [-105.21946764467644, 36.99332093320933], [-105.23746772467724, 36.98253282532826], [-105.23746772467724, 36.962754627546275], [-105.20146756467564, 36.91420814208142], [-105.23026769267692, 36.84768147681477], [-105.2230676606766, 36.83329733297333], [-105.23386770867708, 36.790144901449025], [-105.22666767667677, 36.77036670366704], [-105.23026769267692, 36.72541625416255], [-105.24466775667756, 36.720022200222004], [-105.3130680606806, 36.723618236182375], [-105.33106814068141, 36.777558775587764], [-105.3490682206822, 36.79374093740938], [-105.39946844468444, 36.77396273962741], [-105.46066871668717, 36.809923099231], [-105.45346868468684, 36.83149931499315], [-105.48946884468845, 36.84768147681477], [-105.49666887668876, 36.894429944299446], [-105.48586882868828, 36.923198231982326], [-105.55066911669117, 36.95736057360574], [-105.6010693406934, 36.94477444774448], [-105.68386970869709, 36.937582375823766], [-105.71626985269853, 36.980734807348085], [-105.68026969269692, 37.04006940069401], [-105.68026969269692, 37.072433724337245], [-105.65506958069581, 37.09760597605977], [-105.63346948469484, 37.11199011990121], [-105.59026929269292, 37.15514255142553], [-105.55066911669117, 37.167728677286775], [-105.52546900469004, 37.18750687506876], [-105.56146916469164, 37.180314803148036], [-105.58666927669276, 37.165930659306596], [-105.64786954869548, 37.144354443544444], [-105.68386970869709, 37.11738417384174], [-105.7090698206982, 37.058049580495805], [-105.7090698206982, 37.018493184931856], [-105.71986986869868, 36.99871498714988], [-105.75227001270012, 36.99332093320933], [-105.77747012470124, 37.00051300513006], [-105.81347028470284, 36.9969169691697], [-105.82787034870348, 36.98253282532826], [-105.86387050870509, 36.97354273542736], [-105.87827057270573, 36.951966519665206], [-105.93587082870829, 36.94117841178412], [-105.97907102071021, 36.91600616006161], [-106.02227121271213, 36.86206562065621], [-106.06187138871388, 36.82071120711208], [-106.087071500715, 36.829701297012974], [-106.11587162871628, 36.813519135191356], [-106.1230716607166, 36.79374093740938], [-106.15547180471805, 36.78475084750848], [-106.177071900719, 36.800933009330095], [-106.1950719807198, 36.78115481154812], [-106.27067231672316, 36.76677066770668], [-106.26347228472284, 36.799134991349916], [-106.27787234872349, 36.827903279032796], [-106.31387250872508, 36.83869138691388], [-106.32467255672556, 36.8548735487355], [-106.34987266872669, 36.872853728537294], [-106.34267263672636, 36.89083390833909], [-106.36067271672717, 36.91420814208142], [-106.36427273272733, 36.962754627546275], [-106.38587282872828, 36.977138771387715], [-106.43987306873069, 36.962754627546275], [-106.45787314873148, 36.977138771387715], [-106.447073100731, 37.018493184931856], [-106.46147316473164, 37.03647336473365], [-106.50467335673356, 37.049059490594914], [-106.5190734207342, 37.09580795807959], [-106.51187338873389, 37.11019210192103], [-106.54787354873548, 37.13536435364354], [-106.58747372473725, 37.13896038960391], [-106.59467375673756, 37.20728507285074], [-106.62347388473884, 37.22166921669218], [-106.63787394873948, 37.25762957629577], [-106.67747412474124, 37.25583155831559], [-106.69187418874188, 37.27920579205792], [-106.6630740607406, 37.31157011570116], [-106.70267423674237, 37.342136421364216], [-106.6990742207422, 37.36910669106692], [-106.65587402874029, 37.40866308663087], [-106.64147396473965, 37.40866308663087], [-106.65947404474045, 37.43023930239303], [-106.70267423674237, 37.451815518155186], [-106.73507438074381, 37.45900759007591], [-106.80707470074701, 37.466199661996626], [-106.79987466874668, 37.49316993169933], [-106.83587482874829, 37.50036200362004], [-106.85027489274893, 37.49316993169933], [-106.88627505275052, 37.5129481294813], [-106.88267503675037, 37.561494614946156], [-106.92227521275213, 37.57048470484706], [-106.96907542075421, 37.56509065090651], [-106.97987546875468, 37.57048470484706], [-107.04827577275772, 37.57048470484706], [-107.0950759807598, 37.575878758787596], [-107.09147596475964, 37.59565695656957], [-107.10947604476044, 37.606445064450654], [-107.13827617276172, 37.601051010510105], [-107.15267623676236, 37.63701137011371], [-107.19947644476444, 37.62622326223263], [-107.22467655676556, 37.59385893858939], [-107.24987666876669, 37.61004110041101], [-107.27867679676797, 37.64060740607407], [-107.28947684476844, 37.671173711737126], [-107.37587722877228, 37.687355873558744], [-107.39387730877309, 37.67836578365784], [-107.40467735677356, 37.64959749597497], [-107.46227761277612, 37.629819298192984], [-107.4910777407774, 37.65139551395515], [-107.50547780477804, 37.69274992749928], [-107.53787794877948, 37.708932089320896], [-107.53787794877948, 37.723316233162336], [-107.55587802878028, 37.75747857478575], [-107.54507798077981, 37.79883298832989], [-107.53067791677917, 37.80063100631007], [-107.51627785277853, 37.834793347933484], [-107.48747772477725, 37.84558145581457], [-107.44067751677517, 37.84558145581457], [-107.4190774207742, 37.85816758167583], [-107.347077100771, 37.85636956369564], [-107.33627705277053, 37.87434974349745], [-107.30027689276892, 37.899521995219956], [-107.26787674876749, 37.93728037280374], [-107.22467655676556, 37.92649226492266], [-107.17067631676316, 37.93728037280374], [-107.13107614076141, 37.93728037280374], [-107.10227601276013, 37.95526055260554], [-107.00867559675596, 37.94627046270463], [-106.96547540475405, 37.973240732407334], [-106.94387530875308, 37.95166451664517], [-106.91867519675196, 37.967846678466785], [-106.87907502075021, 37.958856588565894], [-106.87187498874988, 37.9408764087641], [-106.84667487674876, 37.957058570585716], [-106.81787474874749, 37.95526055260554], [-106.80347468474685, 37.9840288402884], [-106.78187458874588, 38.00200902009021], [-106.80707470074701, 38.01639316393164], [-106.80707470074701, 38.03077730777308], [-106.76747452474524, 38.075727757277576], [-106.74587442874429, 38.09370793707937], [-106.70267423674237, 38.081121811218125], [-106.68467415674156, 38.081121811218125], [-106.63427393273932, 38.1278702787028], [-106.61267383673837, 38.133264332643336], [-106.59827377273773, 38.15663856638568], [-106.59827377273773, 38.18900289002892], [-106.55507358073581, 38.228559285592866], [-106.55867359673597, 38.25193351933521], [-106.537073500735, 38.26272162721628], [-106.50467335673356, 38.314864148641504], [-106.47227321273212, 38.313066130661326], [-106.4290730207302, 38.28070180701809], [-106.38227281272812, 38.29148991489916], [-106.33187258872589, 38.29328793287934], [-106.31747252472525, 38.340036400364], [-106.27067231672316, 38.352622526225275], [-106.25267223672236, 38.34722847228474]]]}}, {"id": "3290", "type": "Feature", "properties": {"id": "140100", "name": "Colorado Headwaters", "x": -106.895, "y": 39.529, "states": "CO,UT", "area": 6296350, "btype": "co_8"}, "geometry": {"type": "Polygon", "coordinates": [[[-106.64147396473965, 40.4329293292933], [-106.61987386873868, 40.40416104161042], [-106.61267383673837, 40.38078680786808], [-106.58387370873709, 40.382584825848255], [-106.54067351673517, 40.371796717967186], [-106.48667327673276, 40.40955509555096], [-106.47947324473245, 40.389776897768996], [-106.44347308473084, 40.34662446624466], [-106.42187298872989, 40.3520185201852], [-106.38947284472845, 40.344826448264484], [-106.357072700727, 40.35921059210594], [-106.33547260472605, 40.33943239432395], [-106.29947244472444, 40.33044230442306], [-106.2850723807238, 40.35921059210594], [-106.267072300723, 40.36100861008612], [-106.23107214072141, 40.32325023250232], [-106.18787194871949, 40.3268462684627], [-106.17347188471885, 40.343028430284306], [-106.13747172471724, 40.33044230442306], [-106.10147156471564, 40.353816538165376], [-106.087071500715, 40.34662446624466], [-106.0150711807118, 40.373594735947364], [-105.9610709407094, 40.34842248422484], [-105.94667087670877, 40.37719077190772], [-105.92147076470765, 40.402363023630244], [-105.90347068470685, 40.39876698766989], [-105.89627065270652, 40.468889688896894], [-105.85667047670476, 40.486869868698705], [-105.81707030070301, 40.47428374283743], [-105.80627025270252, 40.44731347313473], [-105.81707030070301, 40.42214122141223], [-105.80267023670237, 40.411353113531135], [-105.7810701407014, 40.371796717967186], [-105.75947004470045, 40.35561455614558], [-105.69826977269773, 40.32145221452214], [-105.68386970869709, 40.2729057290573], [-105.64426953269532, 40.249531495314955], [-105.66586962869629, 40.238743387433885], [-105.67666967669676, 40.20278302783029], [-105.66586962869629, 40.17041870418706], [-105.637069500695, 40.14704447044471], [-105.62626945269453, 40.12726627266272], [-105.64786954869548, 40.05354753547536], [-105.65146956469565, 40.021183211832124], [-105.68746972469724, 40.01578915789159], [-105.68386970869709, 39.99421294212942], [-105.69466975669756, 39.942070420704226], [-105.67666967669676, 39.93308033080331], [-105.70186978869788, 39.87913979139793], [-105.6910697406974, 39.85216952169523], [-105.71266983669837, 39.83778537785378], [-105.73426993269932, 39.80542105421054], [-105.77027009270093, 39.79643096430965], [-105.7990702207022, 39.80362303623036], [-105.80987026870268, 39.791036910369115], [-105.84947044470445, 39.78923889238894], [-105.8890706207062, 39.79643096430965], [-105.88187058870588, 39.75867258672588], [-105.89267063670637, 39.729904299043], [-105.9250707807078, 39.69933799337994], [-105.9250707807078, 39.67416574165742], [-105.91067071670716, 39.66337763377635], [-105.86387050870509, 39.666973669736706], [-105.84947044470445, 39.64359943599436], [-105.79187018870188, 39.63640736407365], [-105.77747012470124, 39.60584105841059], [-105.80627025270252, 39.58426484264842], [-105.83147036470365, 39.57707277072771], [-105.82427033270332, 39.53032430324305], [-105.86747052470524, 39.51953619536195], [-105.86747052470524, 39.494363943639456], [-105.89267063670637, 39.48357583575836], [-105.90707070070701, 39.460201602016014], [-105.93947084470844, 39.458403584035835], [-105.95027089270893, 39.41525115251153], [-105.97547100471004, 39.40805908059082], [-106.01867119671196, 39.381088810888116], [-106.02227121271213, 39.363108631086305], [-106.05827137271372, 39.35951259512595], [-106.09787154871549, 39.37749277492776], [-106.13747172471724, 39.37929079290794], [-106.15187178871788, 39.363108631086305], [-106.19867199671997, 39.37030070300705], [-106.20947204472044, 39.382886828868294], [-106.25267223672236, 39.35771457714577], [-106.2850723807238, 39.34872448724488], [-106.30307246072461, 39.36131061310613], [-106.34987266872669, 39.354118541185414], [-106.37867279672797, 39.37569475694758], [-106.40387290872908, 39.37929079290794], [-106.43267303673036, 39.354118541185414], [-106.43267303673036, 39.316360163601644], [-106.49387330873309, 39.305572055720575], [-106.50467335673356, 39.285793857938586], [-106.47947324473245, 39.258823588235884], [-106.49747332473325, 39.24264142641428], [-106.49387330873309, 39.19769097690977], [-106.52267343673437, 39.15813458134582], [-106.56227361273612, 39.15633656336564], [-106.56587362873628, 39.11318413184134], [-106.58387370873709, 39.08441584415846], [-106.57667367673676, 39.05205152051522], [-106.59827377273773, 39.04485944859448], [-106.59827377273773, 38.99811098110982], [-106.64867399673996, 39.02148521485216], [-106.6630740607406, 39.04126341263412], [-106.70267423674237, 39.05564755647558], [-106.74947444474445, 39.0430614306143], [-106.7530744607446, 39.02508125081252], [-106.79987466874668, 38.98013080130801], [-106.82867479674796, 38.97833278332783], [-106.84667487674876, 38.98732287322875], [-106.8610749407494, 39.00889908899089], [-106.88267503675037, 38.990918909189105], [-106.9330752607526, 39.00530305303053], [-106.96547540475405, 39.028677286772876], [-106.99427553275532, 39.03407134071341], [-107.01587562875629, 39.01609116091163], [-107.04827577275772, 39.01429314293142], [-107.04827577275772, 38.98552485524857], [-107.0950759807598, 39.010697106971065], [-107.10227601276013, 38.990918909189105], [-107.15267623676236, 38.99451494514946], [-107.17787634876349, 39.030475304753054], [-107.21027649276492, 39.030475304753054], [-107.23547660476605, 39.019687196871985], [-107.2750767807678, 39.030475304753054], [-107.28587682876828, 39.070031700317], [-107.27867679676797, 39.08801188011881], [-107.28587682876828, 39.13655836558365], [-107.30027689276892, 39.15633656336564], [-107.33627705277053, 39.16712467124671], [-107.3650771807718, 39.1869028690287], [-107.37947724477245, 39.210277102771045], [-107.37227721277212, 39.239045390453924], [-107.39387730877309, 39.257025570255706], [-107.42987746877469, 39.257025570255706], [-107.42987746877469, 39.2408434084341], [-107.48747772477725, 39.22645926459265], [-107.527077900779, 39.20488304883048], [-107.54147796477965, 39.18330683306834], [-107.57027809278092, 39.181508815088165], [-107.60627825278253, 39.161730617306176], [-107.64947844478445, 39.13116431164312], [-107.67467855678557, 39.10059800598006], [-107.70347868478684, 39.08441584415846], [-107.72147876478765, 39.06463764637647], [-107.73947884478845, 39.066435664356646], [-107.77187898878988, 39.0430614306143], [-107.80067911679116, 39.06463764637647], [-107.86187938879388, 39.07902179021792], [-107.90867959679596, 39.06104161041611], [-107.92667967679677, 39.06283962839629], [-108.05628025280252, 39.048455484554864], [-108.1030804608046, 39.03227332273323], [-108.14268063680636, 39.03407134071341], [-108.18948084480844, 39.059243592435934], [-108.20748092480925, 39.05025350253504], [-108.247081100811, 39.05205152051522], [-108.33348148481484, 39.01249512495124], [-108.36228161281612, 39.01609116091163], [-108.3910817408174, 39.03227332273323], [-108.40548180481805, 39.01609116091163], [-108.4810821408214, 39.01429314293142], [-108.50988226882268, 39.02148521485216], [-108.52068231682317, 39.04485944859448], [-108.56388250882509, 39.05025350253504], [-108.58188258882589, 39.06283962839629], [-108.59988266882668, 39.05205152051522], [-108.63588282882829, 38.99631296312964], [-108.67188298882988, 38.981928819288186], [-108.70788314883148, 38.94237242372424], [-108.70068311683117, 38.963948639486404], [-108.71508318083181, 38.97473674736747], [-108.71148316483165, 38.99631296312964], [-108.75468335683357, 39.01429314293142], [-108.7510833408334, 39.046657466574686], [-108.77988346883468, 39.068233682336825], [-108.79788354883549, 39.09340593405935], [-108.83388370883709, 39.095203952039526], [-108.85188378883788, 39.0808198081981], [-108.87708390083901, 39.077223772237716], [-108.92748412484124, 39.0538495384954], [-108.95628425284252, 39.057445574455755], [-108.99588442884429, 39.077223772237716], [-109.057084700847, 39.07902179021792], [-109.10028489284892, 39.09340593405935], [-109.06428473284733, 39.14554845548457], [-109.03548460484605, 39.17611476114763], [-109.02468455684557, 39.22645926459265], [-109.01028449284493, 39.26421764217642], [-109.00668447684477, 39.29118791187912], [-109.02828457284572, 39.33074430744307], [-109.04628465284652, 39.35771457714577], [-109.06068471684716, 39.37030070300705], [-109.06068471684716, 39.39547295472954], [-109.08948484484844, 39.40805908059082], [-109.10388490884908, 39.4260392603926], [-109.0930848608486, 39.44401944019441], [-109.10748492484925, 39.458403584035835], [-109.08948484484844, 39.48896988969889], [-109.04988466884669, 39.49975799757999], [-109.02468455684557, 39.515940159401595], [-108.98868439684396, 39.573476734767354], [-108.97428433284333, 39.573476734767354], [-108.92028409284093, 39.59325493254934], [-108.90588402884029, 39.62202322023222], [-108.82668367683677, 39.61842718427184], [-108.81588362883629, 39.602245022450234], [-108.77268343683437, 39.60763907639077], [-108.73668327683276, 39.59325493254934], [-108.71508318083181, 39.60404304043041], [-108.67188298882988, 39.60404304043041], [-108.65388290882909, 39.62741727417276], [-108.65388290882909, 39.657983579835815], [-108.62508278082781, 39.657983579835815], [-108.54228241282412, 39.69753997539976], [-108.49548220482204, 39.68854988549887], [-108.47748212482125, 39.69933799337994], [-108.43428193281933, 39.67955979559795], [-108.31548140481405, 39.648993489934895], [-108.29388130881308, 39.6238212382124], [-108.26868119681197, 39.648993489934895], [-108.21828097280972, 39.657983579835815], [-108.20388090880908, 39.64719547195472], [-108.15348068480685, 39.65258952589525], [-108.12108054080541, 39.677761777617775], [-108.11028049280492, 39.668771687716884], [-108.08148036480364, 39.677761777617775], [-108.05268023680236, 39.65438754387546], [-108.02388010880108, 39.66157961579617], [-107.98067991679916, 39.64539745397454], [-107.92667967679677, 39.657983579835815], [-107.94827977279772, 39.69933799337994], [-107.91227961279613, 39.71911619116193], [-107.9050795807958, 39.74069240692407], [-107.85467935679357, 39.77125871258713], [-107.81147916479165, 39.77665276652766], [-107.70347868478684, 39.81441114411146], [-107.69987866878668, 39.82340123401235], [-107.63147836478365, 39.801825018250184], [-107.58467815678156, 39.81261312613128], [-107.56667807678076, 39.84317943179431], [-107.54507798077981, 39.83239132391324], [-107.48387770877709, 39.828795287952886], [-107.46947764477645, 39.810815108151075], [-107.4190774207742, 39.80721907219072], [-107.42987746877469, 39.764066640666414], [-107.41547740477405, 39.74249042490425], [-107.3650771807718, 39.75507655076552], [-107.35427713277133, 39.773056730567305], [-107.26787674876749, 39.7838448384484], [-107.28947684476844, 39.801825018250184], [-107.27867679676797, 39.85396753967541], [-107.28587682876828, 39.87194771947719], [-107.23547660476605, 39.90431204312043], [-107.19587642876428, 39.90071600716007], [-107.17427633276333, 39.915100151001525], [-107.17787634876349, 39.93667636676366], [-107.17067631676316, 39.97083870838708], [-107.14187618876188, 39.97623276232764], [-107.13107614076141, 39.99780897808978], [-107.08427593275933, 40.01578915789159], [-107.04827577275772, 40.01758717587177], [-107.01947564475644, 40.030173301733015], [-107.01227561275613, 40.04635546355465], [-106.98347548475485, 40.07152771527717], [-106.94747532475324, 40.07871978719788], [-106.92227521275213, 40.06972969729699], [-106.8610749407494, 40.06253762537625], [-106.82147476474765, 40.06433564335643], [-106.80347468474685, 40.08950789507895], [-106.79267463674637, 40.134458344583464], [-106.76027449274493, 40.134458344583464], [-106.72427433274332, 40.12187221872219], [-106.70627425274253, 40.10209402094023], [-106.6630740607406, 40.13086230862308], [-106.66667407674076, 40.16142861428614], [-106.627073900739, 40.172216722167235], [-106.63787394873948, 40.181206812068126], [-106.62347388473884, 40.20637906379065], [-106.5910737407374, 40.23514735147353], [-106.61627385273853, 40.278299782997834], [-106.67387410874109, 40.29807798077982], [-106.68827417274173, 40.32145221452214], [-106.65227401274012, 40.33763437634377], [-106.65587402874029, 40.36820068200683], [-106.64147396473965, 40.391574915749175], [-106.64147396473965, 40.4329293292933]]]}}, {"id": "3291", "type": "Feature", "properties": {"id": "140200", "name": "Gunnison", "x": -107.478, "y": 38.537, "states": "CO", "area": 5137410, "btype": "co_8"}, "geometry": {"type": "Polygon", "coordinates": [[[-106.59827377273773, 38.99811098110982], [-106.55507358073581, 38.99811098110982], [-106.52987346873468, 38.98013080130801], [-106.52987346873468, 38.96035260352605], [-106.50467335673356, 38.9369783697837], [-106.4650731807318, 38.910008100081], [-106.42187298872989, 38.92798827988281], [-106.40387290872908, 38.910008100081], [-106.32467255672556, 38.91180611806118], [-106.32107254072541, 38.89202792027922], [-106.34987266872669, 38.85426954269542], [-106.36427273272733, 38.85247152471524], [-106.38227281272812, 38.82550125501257], [-106.40747292472925, 38.829097290972925], [-106.42187298872989, 38.80752107521076], [-106.41467295672956, 38.77875278752788], [-106.42187298872989, 38.71762017620176], [-106.45067311673117, 38.6978419784198], [-106.43987306873069, 38.687053870538705], [-106.4290730207302, 38.65289152891529], [-106.40027289272892, 38.64030540305404], [-106.36067271672717, 38.59895098950989], [-106.34627265272653, 38.56838468384686], [-106.35347268472684, 38.534222342223416], [-106.32827257272572, 38.49286792867929], [-106.31387250872508, 38.49466594665947], [-106.28867239672397, 38.46230162301623], [-106.24547220472205, 38.438927389273886], [-106.25267223672236, 38.401169011690115], [-106.23827217272172, 38.37959279592798], [-106.25267223672236, 38.34722847228474], [-106.27067231672316, 38.352622526225275], [-106.31747252472525, 38.340036400364], [-106.33187258872589, 38.29328793287934], [-106.38227281272812, 38.29148991489916], [-106.4290730207302, 38.28070180701809], [-106.47227321273212, 38.313066130661326], [-106.50467335673356, 38.314864148641504], [-106.537073500735, 38.26272162721628], [-106.55867359673597, 38.25193351933521], [-106.55507358073581, 38.228559285592866], [-106.59827377273773, 38.18900289002892], [-106.59827377273773, 38.15663856638568], [-106.61267383673837, 38.133264332643336], [-106.63427393273932, 38.1278702787028], [-106.68467415674156, 38.081121811218125], [-106.70267423674237, 38.081121811218125], [-106.74587442874429, 38.09370793707937], [-106.76747452474524, 38.075727757277576], [-106.80707470074701, 38.03077730777308], [-106.80707470074701, 38.01639316393164], [-106.78187458874588, 38.00200902009021], [-106.80347468474685, 37.9840288402884], [-106.81787474874749, 37.95526055260554], [-106.84667487674876, 37.957058570585716], [-106.87187498874988, 37.9408764087641], [-106.87907502075021, 37.958856588565894], [-106.91867519675196, 37.967846678466785], [-106.94387530875308, 37.95166451664517], [-106.96547540475405, 37.973240732407334], [-107.00867559675596, 37.94627046270463], [-107.10227601276013, 37.95526055260554], [-107.13107614076141, 37.93728037280374], [-107.17067631676316, 37.93728037280374], [-107.22467655676556, 37.92649226492266], [-107.26787674876749, 37.93728037280374], [-107.30027689276892, 37.899521995219956], [-107.33627705277053, 37.87434974349745], [-107.347077100771, 37.85636956369564], [-107.4190774207742, 37.85816758167583], [-107.44067751677517, 37.84558145581457], [-107.48747772477725, 37.84558145581457], [-107.51627785277853, 37.834793347933484], [-107.51627785277853, 37.85636956369564], [-107.53787794877948, 37.87974379743798], [-107.51987786877868, 37.901320013200134], [-107.53787794877948, 37.930088300883014], [-107.53787794877948, 37.94806848068481], [-107.56667807678076, 37.96245262452625], [-107.66387850878509, 37.90311803118031], [-107.69627865278653, 37.89232992329924], [-107.73947884478845, 37.904916049160505], [-107.73227881278812, 37.930088300883014], [-107.75027889278893, 37.95346253462536], [-107.7790790207902, 37.96245262452625], [-107.79707910079101, 37.98942289422895], [-107.84747932479324, 37.99301893018931], [-107.84747932479324, 38.009201092010926], [-107.88347948479485, 38.00740307403075], [-107.90147956479565, 38.02718127181272], [-107.89067951679516, 38.04875748757489], [-107.89427953279532, 38.07213172131722], [-107.88707950079501, 38.09910199101992], [-107.90147956479565, 38.1170821708217], [-107.9410797407974, 38.1170821708217], [-107.94467975679757, 38.133264332643336], [-107.96987986879869, 38.144052440524405], [-107.96627985279852, 38.162032620326215], [-107.93387970879708, 38.19619496194963], [-107.96627985279852, 38.230357303573044], [-107.99867999679996, 38.23575135751358], [-108.03468015680157, 38.22136721367215], [-108.03828017280172, 38.25912559125592], [-108.07788034880349, 38.25552955529557], [-108.09228041280413, 38.27530775307753], [-108.12108054080541, 38.27530775307753], [-108.12468055680557, 38.30767207672076], [-108.17148076480764, 38.305874058740585], [-108.1930808608086, 38.32205622056222], [-108.22548100481005, 38.32025820258204], [-108.25788114881149, 38.3670066700667], [-108.34428153281533, 38.40656306563065], [-108.427081900819, 38.420947209472104], [-108.46308206082061, 38.46230162301623], [-108.50988226882268, 38.46949369493694], [-108.53868239682396, 38.458705587055874], [-108.56748252482525, 38.47848378483786], [-108.59268263682637, 38.50725207252074], [-108.61788274882748, 38.54141441414416], [-108.6430828608286, 38.552202522025226], [-108.64668287682876, 38.59355693556935], [-108.67188298882988, 38.60254702547027], [-108.66828297282973, 38.62232522325223], [-108.71868319683196, 38.678063780637814], [-108.68628305283053, 38.696043960439624], [-108.6610829408294, 38.70143801438016], [-108.62148276482765, 38.74099440994411], [-108.6610829408294, 38.75717657176571], [-108.65028289282893, 38.76976269762699], [-108.6610829408294, 38.8039250392504], [-108.68628305283053, 38.820107201072005], [-108.68628305283053, 38.84527945279453], [-108.70788314883148, 38.85247152471524], [-108.72228321283212, 38.84168341683417], [-108.77268343683437, 38.838087380873816], [-108.77628345283452, 38.84348143481435], [-108.75828337283373, 38.88483584835848], [-108.73668327683276, 38.895623956239575], [-108.70788314883148, 38.94237242372424], [-108.67188298882988, 38.981928819288186], [-108.63588282882829, 38.99631296312964], [-108.59988266882668, 39.05205152051522], [-108.58188258882589, 39.06283962839629], [-108.56388250882509, 39.05025350253504], [-108.52068231682317, 39.04485944859448], [-108.50988226882268, 39.02148521485216], [-108.4810821408214, 39.01429314293142], [-108.40548180481805, 39.01609116091163], [-108.3910817408174, 39.03227332273323], [-108.36228161281612, 39.01609116091163], [-108.33348148481484, 39.01249512495124], [-108.247081100811, 39.05205152051522], [-108.20748092480925, 39.05025350253504], [-108.18948084480844, 39.059243592435934], [-108.14268063680636, 39.03407134071341], [-108.1030804608046, 39.03227332273323], [-108.05628025280252, 39.048455484554864], [-107.92667967679677, 39.06283962839629], [-107.90867959679596, 39.06104161041611], [-107.86187938879388, 39.07902179021792], [-107.80067911679116, 39.06463764637647], [-107.77187898878988, 39.0430614306143], [-107.73947884478845, 39.066435664356646], [-107.72147876478765, 39.06463764637647], [-107.70347868478684, 39.08441584415846], [-107.67467855678557, 39.10059800598006], [-107.64947844478445, 39.13116431164312], [-107.60627825278253, 39.161730617306176], [-107.57027809278092, 39.181508815088165], [-107.54147796477965, 39.18330683306834], [-107.527077900779, 39.20488304883048], [-107.48747772477725, 39.22645926459265], [-107.42987746877469, 39.2408434084341], [-107.42987746877469, 39.257025570255706], [-107.39387730877309, 39.257025570255706], [-107.37227721277212, 39.239045390453924], [-107.37947724477245, 39.210277102771045], [-107.3650771807718, 39.1869028690287], [-107.33627705277053, 39.16712467124671], [-107.30027689276892, 39.15633656336564], [-107.28587682876828, 39.13655836558365], [-107.27867679676797, 39.08801188011881], [-107.28587682876828, 39.070031700317], [-107.2750767807678, 39.030475304753054], [-107.23547660476605, 39.019687196871985], [-107.21027649276492, 39.030475304753054], [-107.17787634876349, 39.030475304753054], [-107.15267623676236, 38.99451494514946], [-107.10227601276013, 38.990918909189105], [-107.0950759807598, 39.010697106971065], [-107.04827577275772, 38.98552485524857], [-107.04827577275772, 39.01429314293142], [-107.01587562875629, 39.01609116091163], [-106.99427553275532, 39.03407134071341], [-106.96547540475405, 39.028677286772876], [-106.9330752607526, 39.00530305303053], [-106.88267503675037, 38.990918909189105], [-106.8610749407494, 39.00889908899089], [-106.84667487674876, 38.98732287322875], [-106.82867479674796, 38.97833278332783], [-106.79987466874668, 38.98013080130801], [-106.7530744607446, 39.02508125081252], [-106.74947444474445, 39.0430614306143], [-106.70267423674237, 39.05564755647558], [-106.6630740607406, 39.04126341263412], [-106.64867399673996, 39.02148521485216], [-106.59827377273773, 38.99811098110982]]]}}, {"id": "3292", "type": "Feature", "properties": {"id": "14030002,14030003,14080101,14080102,14080104,14080105,14080107", "name": "San Miguel-Dolores-Animas-San Juan", "x": -107.901, "y": 37.291, "states": "AZ,CO,NM,UT", "area": 7638213, "btype": "co_8"}, "geometry": {"type": "Polygon", "coordinates": [[[-107.51627785277853, 37.834793347933484], [-107.53067791677917, 37.80063100631007], [-107.54507798077981, 37.79883298832989], [-107.55587802878028, 37.75747857478575], [-107.53787794877948, 37.723316233162336], [-107.53787794877948, 37.708932089320896], [-107.50547780477804, 37.69274992749928], [-107.4910777407774, 37.65139551395515], [-107.46227761277612, 37.629819298192984], [-107.40467735677356, 37.64959749597497], [-107.39387730877309, 37.67836578365784], [-107.37587722877228, 37.687355873558744], [-107.28947684476844, 37.671173711737126], [-107.27867679676797, 37.64060740607407], [-107.24987666876669, 37.61004110041101], [-107.22467655676556, 37.59385893858939], [-107.19947644476444, 37.62622326223263], [-107.15267623676236, 37.63701137011371], [-107.13827617276172, 37.601051010510105], [-107.10947604476044, 37.606445064450654], [-107.09147596475964, 37.59565695656957], [-107.0950759807598, 37.575878758787596], [-107.04827577275772, 37.57048470484706], [-106.97987546875468, 37.57048470484706], [-106.96907542075421, 37.56509065090651], [-106.92227521275213, 37.57048470484706], [-106.88267503675037, 37.561494614946156], [-106.88627505275052, 37.5129481294813], [-106.85027489274893, 37.49316993169933], [-106.83587482874829, 37.50036200362004], [-106.79987466874668, 37.49316993169933], [-106.80707470074701, 37.466199661996626], [-106.73507438074381, 37.45900759007591], [-106.70267423674237, 37.451815518155186], [-106.65947404474045, 37.43023930239303], [-106.64147396473965, 37.40866308663087], [-106.65587402874029, 37.40866308663087], [-106.6990742207422, 37.36910669106692], [-106.70267423674237, 37.342136421364216], [-106.6630740607406, 37.31157011570116], [-106.69187418874188, 37.27920579205792], [-106.67747412474124, 37.25583155831559], [-106.63787394873948, 37.25762957629577], [-106.62347388473884, 37.22166921669218], [-106.59467375673756, 37.20728507285074], [-106.58747372473725, 37.13896038960391], [-106.61267383673837, 37.13536435364354], [-106.627073900739, 37.115586155861564], [-106.62347388473884, 37.101202012020124], [-106.63787394873948, 37.061645616456175], [-106.63067391673917, 37.04006940069401], [-106.66667407674076, 37.032877328773296], [-106.68827417274173, 37.04006940069401], [-106.68827417274173, 37.005907059070594], [-106.70627425274253, 36.9879268792688], [-106.72067431674317, 36.98612886128862], [-106.73507438074381, 36.9609566095661], [-106.70627425274253, 36.937582375823766], [-106.70267423674237, 36.90162201622017], [-106.77467455674557, 36.86386363863639], [-106.79267463674637, 36.86386363863639], [-106.82867479674796, 36.82610526105262], [-106.87547500475004, 36.804529045290465], [-106.91867519675196, 36.81172111721118], [-106.94027529275293, 36.786548865488655], [-106.92587522875229, 36.761376613766146], [-106.94387530875308, 36.74519445194453], [-106.96907542075421, 36.68585985859859], [-106.96907542075421, 36.667879678796794], [-106.99427553275532, 36.65529355293553], [-107.03747572475724, 36.66068760687608], [-107.06267583675836, 36.65529355293553], [-107.14547620476205, 36.66428364283644], [-107.18147636476364, 36.64810148101482], [-107.20667647676477, 36.66428364283644], [-107.2390766207662, 36.651697516975176], [-107.28587682876828, 36.66428364283644], [-107.31827697276972, 36.65888958889589], [-107.32547700477005, 36.64090940909409], [-107.35427713277133, 36.628323283232845], [-107.37947724477245, 36.64450544505446], [-107.39747732477325, 36.6319193191932], [-107.43347748477484, 36.628323283232845], [-107.45507758077581, 36.66248562485626], [-107.48027769277692, 36.67147571475715], [-107.55587802878028, 36.680465804658056], [-107.56667807678076, 36.696647966479674], [-107.60627825278253, 36.720022200222004], [-107.69267863678637, 36.71103211032111], [-107.73227881278812, 36.72721427214273], [-107.75747892478924, 36.723618236182375], [-107.79347908479085, 36.73081030810309], [-107.82227921279213, 36.71642616426165], [-107.79707910079101, 36.70024400244003], [-107.80427913279132, 36.680465804658056], [-107.78987906879068, 36.667879678796794], [-107.78267903679037, 36.64270742707427], [-107.79707910079101, 36.613939139391405], [-107.82947924479244, 36.59236292362924], [-107.82587922879229, 36.58157481574817], [-107.89067951679516, 36.52403824038241], [-107.86907942079421, 36.48268382683827], [-107.86907942079421, 36.45031950319503], [-107.82587922879229, 36.396378963789644], [-107.8330792607926, 36.381994819948204], [-107.8150791807918, 36.36401464014641], [-107.82227921279213, 36.34783247832479], [-107.84747932479324, 36.32445824458246], [-107.87627945279452, 36.33165031650317], [-107.91947964479644, 36.34963049630497], [-107.96627985279852, 36.3550245502455], [-108.00948004480044, 36.381994819948204], [-108.05268023680236, 36.380196801968026], [-108.08148036480364, 36.396378963789644], [-108.11388050880508, 36.38379283792838], [-108.14988066880669, 36.39278292782929], [-108.14628065280652, 36.40716707167073], [-108.1930808608086, 36.408965089650906], [-108.25068111681117, 36.448521485214854], [-108.24348108481084, 36.46650166501665], [-108.25788114881149, 36.48268382683827], [-108.2650811808118, 36.515048150481505], [-108.28308126081261, 36.55460454604547], [-108.30828137281372, 36.56359463594636], [-108.35148156481564, 36.59416094160942], [-108.38388170881709, 36.6319193191932], [-108.40548180481805, 36.639111391113914], [-108.427081900819, 36.6768697686977], [-108.43068191681917, 36.696647966479674], [-108.45228201282012, 36.72182021820218], [-108.49188218882189, 36.71103211032111], [-108.50268223682237, 36.72721427214273], [-108.54228241282412, 36.723618236182375], [-108.5710825408254, 36.72901229012291], [-108.62148276482765, 36.75238652386524], [-108.63228281282812, 36.7649726497265], [-108.67188298882988, 36.734406344063444], [-108.71148316483165, 36.68585985859859], [-108.74748332483324, 36.680465804658056], [-108.78708350083501, 36.68945589455895], [-108.81588362883629, 36.653495534955354], [-108.83028369283693, 36.65709157091571], [-108.8410837408374, 36.6049490494905], [-108.86988386883868, 36.57618076180762], [-108.90588402884029, 36.57438274382744], [-108.92748412484124, 36.56179661796618], [-108.92388410884108, 36.54741247412474], [-108.94548420484205, 36.520442204422054], [-108.96708430084301, 36.515048150481505], [-108.9850843808438, 36.491673916739174], [-108.99948444484444, 36.4718957189572], [-109.07868479684797, 36.44132941329414], [-109.11468495684957, 36.46470364703647], [-109.15068511685116, 36.46650166501665], [-109.17588522885228, 36.489875898758996], [-109.19748532485325, 36.50246202462026], [-109.22988546885469, 36.49706797067971], [-109.26228561285613, 36.50965409654097], [-109.29468575685756, 36.559998599986], [-109.26948564485645, 36.58337283372835], [-109.27668567685677, 36.586968869688704], [-109.27308566085661, 36.63551535515356], [-109.2550855808558, 36.682263822638234], [-109.24428553285533, 36.694849948499495], [-109.25868559685597, 36.71462814628147], [-109.20828537285372, 36.748790487904884], [-109.20828537285372, 36.77216472164723], [-109.18668527685277, 36.775760757607586], [-109.17228521285213, 36.79374093740938], [-109.12908502085021, 36.799134991349916], [-109.11828497284972, 36.83869138691388], [-109.08228481284813, 36.871055710557116], [-109.0750847808478, 36.91241012410124], [-109.07868479684797, 36.92859228592286], [-109.04988466884669, 36.951966519665206], [-108.98868439684396, 36.98612886128862], [-108.97428433284333, 36.97174471744718], [-108.97788434884349, 37.018493184931856], [-108.9310841408414, 37.05085750857509], [-108.91668407684077, 37.08322183221833], [-108.86268383683837, 37.099403994039946], [-108.83388370883709, 37.14075840758409], [-108.8230836608366, 37.17312273122732], [-108.79428353283532, 37.194698946989476], [-108.81948364483644, 37.25942759427595], [-108.77988346883468, 37.28459984599847], [-108.75828337283373, 37.26841768417685], [-108.70068311683117, 37.26482164821648], [-108.67188298882988, 37.27201372013721], [-108.63588282882829, 37.25762957629577], [-108.62508278082781, 37.24144741447415], [-108.57468255682556, 37.26482164821648], [-108.54948244482445, 37.263023630236304], [-108.4990822208222, 37.275609756097566], [-108.44508198081981, 37.2810038100381], [-108.41988186881869, 37.31157011570116], [-108.41628185281853, 37.33674236742368], [-108.40188178881789, 37.358318583185834], [-108.39828177281773, 37.3978749787498], [-108.38748172481725, 37.40506705067051], [-108.3910817408174, 37.42304723047231], [-108.41628185281853, 37.439229392293925], [-108.45588202882028, 37.43383533835339], [-108.50988226882268, 37.46080560805609], [-108.52788234882348, 37.45900759007591], [-108.56388250882509, 37.49316993169933], [-108.5890826208262, 37.50036200362004], [-108.59268263682637, 37.55070650706507], [-108.61788274882748, 37.592060920609214], [-108.6610829408294, 37.59385893858939], [-108.69348308483085, 37.58846488464886], [-108.74388330883309, 37.604647046470475], [-108.75828337283373, 37.644203442034424], [-108.76188338883388, 37.67476974769748], [-108.77268343683437, 37.699941999420005], [-108.77268343683437, 37.737700377003776], [-108.76188338883388, 37.75747857478575], [-108.78708350083501, 37.78804488044881], [-108.81588362883629, 37.75747857478575], [-108.88068391683916, 37.782650826508274], [-108.88068391683916, 37.809621096210975], [-108.85548380483804, 37.82220722207222], [-108.83388370883709, 37.86715767157672], [-108.83388370883709, 37.915704157041574], [-108.85908382083821, 37.91210812108122], [-108.86628385283852, 37.93188631886319], [-108.92748412484124, 37.92469424694248], [-108.93828417284172, 37.93368433684337], [-108.97068431684316, 37.90671406714068], [-109.0030844608446, 37.93728037280374], [-109.02828457284572, 37.9408764087641], [-109.04628465284652, 37.92109821098212], [-109.09668487684877, 37.91750217502175], [-109.08228481284813, 37.96604866048661], [-109.05348468484685, 37.99122091220913], [-109.02468455684557, 37.99301893018931], [-108.99948444484444, 38.00740307403075], [-109.04628465284652, 38.01279712797128], [-109.0930848608486, 38.01459514595146], [-109.11828497284972, 38.04875748757489], [-109.11468495684957, 38.07932379323793], [-109.13988506885069, 38.09910199101992], [-109.15068511685116, 38.13146631466316], [-109.22628545285453, 38.2069830698307], [-109.2190854208542, 38.22316523165233], [-109.26228561285613, 38.25013550135503], [-109.26228561285613, 38.28429784297845], [-109.25148556485564, 38.325652256522574], [-109.24068551685517, 38.33104631046311], [-109.23348548485484, 38.3670066700667], [-109.237085500855, 38.390380903809046], [-109.26228561285613, 38.401169011690115], [-109.237085500855, 38.44432144321445], [-109.19028529285292, 38.45510955109552], [-109.13628505285052, 38.44611946119463], [-109.11828497284972, 38.46050360503605], [-109.08228481284813, 38.45331153311534], [-109.07148476484764, 38.46589765897659], [-109.03908462084621, 38.456907569075696], [-109.01748452484524, 38.44072540725409], [-108.97788434884349, 38.429937299372995], [-108.94908422084221, 38.41195711957121], [-108.90588402884029, 38.39577495774958], [-108.85908382083821, 38.36880468804688], [-108.8050835808358, 38.37959279592798], [-108.74028329283293, 38.419149191491925], [-108.73668327683276, 38.43353333533335], [-108.69348308483085, 38.46589765897659], [-108.67188298882988, 38.49826198261982], [-108.64668287682876, 38.5108481084811], [-108.62148276482765, 38.50185801858018], [-108.59268263682637, 38.50725207252074], [-108.56748252482525, 38.47848378483786], [-108.53868239682396, 38.458705587055874], [-108.50988226882268, 38.46949369493694], [-108.46308206082061, 38.46230162301623], [-108.427081900819, 38.420947209472104], [-108.34428153281533, 38.40656306563065], [-108.25788114881149, 38.3670066700667], [-108.22548100481005, 38.32025820258204], [-108.1930808608086, 38.32205622056222], [-108.17148076480764, 38.305874058740585], [-108.12468055680557, 38.30767207672076], [-108.12108054080541, 38.27530775307753], [-108.09228041280413, 38.27530775307753], [-108.07788034880349, 38.25552955529557], [-108.03828017280172, 38.25912559125592], [-108.03468015680157, 38.22136721367215], [-107.99867999679996, 38.23575135751358], [-107.96627985279852, 38.230357303573044], [-107.93387970879708, 38.19619496194963], [-107.96627985279852, 38.162032620326215], [-107.96987986879869, 38.144052440524405], [-107.94467975679757, 38.133264332643336], [-107.9410797407974, 38.1170821708217], [-107.90147956479565, 38.1170821708217], [-107.88707950079501, 38.09910199101992], [-107.89427953279532, 38.07213172131722], [-107.89067951679516, 38.04875748757489], [-107.90147956479565, 38.02718127181272], [-107.88347948479485, 38.00740307403075], [-107.84747932479324, 38.009201092010926], [-107.84747932479324, 37.99301893018931], [-107.79707910079101, 37.98942289422895], [-107.7790790207902, 37.96245262452625], [-107.75027889278893, 37.95346253462536], [-107.73227881278812, 37.930088300883014], [-107.73947884478845, 37.904916049160505], [-107.69627865278653, 37.89232992329924], [-107.66387850878509, 37.90311803118031], [-107.56667807678076, 37.96245262452625], [-107.53787794877948, 37.94806848068481], [-107.53787794877948, 37.930088300883014], [-107.51987786877868, 37.901320013200134], [-107.53787794877948, 37.87974379743798], [-107.51627785277853, 37.85636956369564], [-107.51627785277853, 37.834793347933484]]]}}, {"id": "3293", "type": "Feature", "properties": {"id": "14050001,14050003,14050005,14050004,14050002", "name": "Yampa-White-Little Snake", "x": -107.665, "y": 40.671, "states": "CO,WY", "area": 6157214, "btype": "co_8"}, "geometry": {"type": "Polygon", "coordinates": [[[-106.88267503675037, 41.07482174821749], [-106.91867519675196, 41.058639586395884], [-106.93667527675277, 41.020881208812085], [-106.89707510075101, 41.01728517285173], [-106.85027489274893, 40.992112921129205], [-106.87187498874988, 40.97413274132742], [-106.8610749407494, 40.94176841768419], [-106.8430748607486, 40.925586255862555], [-106.8250747807478, 40.932778327783296], [-106.79987466874668, 40.896817968179676], [-106.78187458874588, 40.905808058080595], [-106.74227441274412, 40.89142391423914], [-106.72787434874348, 40.87164571645718], [-106.68467415674156, 40.886029860298606], [-106.66667407674076, 40.86625166251662], [-106.65587402874029, 40.85186751867519], [-106.6630740607406, 40.82849328493285], [-106.63787394873948, 40.81770517705178], [-106.63787394873948, 40.790734907349076], [-106.66667407674076, 40.76556265562655], [-106.6630740607406, 40.743986439864415], [-106.67027409274093, 40.695439954399546], [-106.68827417274173, 40.6828538285383], [-106.68467415674156, 40.64509545095453], [-106.70627425274253, 40.61632716327165], [-106.6990742207422, 40.58755887558877], [-106.6990742207422, 40.553396533965355], [-106.67027409274093, 40.535416354163544], [-106.65587402874029, 40.50844608446084], [-106.66667407674076, 40.47068770687707], [-106.64147396473965, 40.4329293292933], [-106.64147396473965, 40.391574915749175], [-106.65587402874029, 40.36820068200683], [-106.65227401274012, 40.33763437634377], [-106.68827417274173, 40.32145221452214], [-106.67387410874109, 40.29807798077982], [-106.61627385273853, 40.278299782997834], [-106.5910737407374, 40.23514735147353], [-106.62347388473884, 40.20637906379065], [-106.63787394873948, 40.181206812068126], [-106.627073900739, 40.172216722167235], [-106.66667407674076, 40.16142861428614], [-106.6630740607406, 40.13086230862308], [-106.70627425274253, 40.10209402094023], [-106.72427433274332, 40.12187221872219], [-106.76027449274493, 40.134458344583464], [-106.79267463674637, 40.134458344583464], [-106.80347468474685, 40.08950789507895], [-106.82147476474765, 40.06433564335643], [-106.8610749407494, 40.06253762537625], [-106.92227521275213, 40.06972969729699], [-106.94747532475324, 40.07871978719788], [-106.98347548475485, 40.07152771527717], [-107.01227561275613, 40.04635546355465], [-107.01947564475644, 40.030173301733015], [-107.04827577275772, 40.01758717587177], [-107.08427593275933, 40.01578915789159], [-107.13107614076141, 39.99780897808978], [-107.14187618876188, 39.97623276232764], [-107.17067631676316, 39.97083870838708], [-107.17787634876349, 39.93667636676366], [-107.17427633276333, 39.915100151001525], [-107.19587642876428, 39.90071600716007], [-107.23547660476605, 39.90431204312043], [-107.28587682876828, 39.87194771947719], [-107.27867679676797, 39.85396753967541], [-107.28947684476844, 39.801825018250184], [-107.26787674876749, 39.7838448384484], [-107.35427713277133, 39.773056730567305], [-107.3650771807718, 39.75507655076552], [-107.41547740477405, 39.74249042490425], [-107.42987746877469, 39.764066640666414], [-107.4190774207742, 39.80721907219072], [-107.46947764477645, 39.810815108151075], [-107.48387770877709, 39.828795287952886], [-107.54507798077981, 39.83239132391324], [-107.56667807678076, 39.84317943179431], [-107.58467815678156, 39.81261312613128], [-107.63147836478365, 39.801825018250184], [-107.69987866878668, 39.82340123401235], [-107.70347868478684, 39.81441114411146], [-107.81147916479165, 39.77665276652766], [-107.85467935679357, 39.77125871258713], [-107.87987946879468, 39.81620916209164], [-107.90867959679596, 39.81800718007182], [-107.93387970879708, 39.86115961159612], [-107.97707990079901, 39.859361593615944], [-107.98427993279932, 39.89172591725918], [-108.00948004480044, 39.93308033080331], [-108.09588042880428, 39.954656546565474], [-108.14628065280652, 39.990616906169066], [-108.14628065280652, 40.010395103951055], [-108.19668087680877, 40.04635546355465], [-108.21828097280972, 40.07512375123753], [-108.23988106881069, 40.08950789507895], [-108.27948124481244, 40.08231582315824], [-108.30828137281372, 40.09130591305913], [-108.32988146881469, 40.125468254682545], [-108.35868159681597, 40.13086230862308], [-108.38388170881709, 40.1668226682267], [-108.40188178881789, 40.172216722167235], [-108.427081900819, 40.23155131551317], [-108.40188178881789, 40.27110771107712], [-108.38748172481725, 40.30167401674018], [-108.36228161281612, 40.33044230442306], [-108.36948164481645, 40.362806628066295], [-108.42348188481884, 40.353816538165376], [-108.45588202882028, 40.36460464604647], [-108.4810821408214, 40.35921059210594], [-108.50268223682237, 40.373594735947364], [-108.56748252482525, 40.36460464604647], [-108.58188258882589, 40.4059590595906], [-108.60348268482684, 40.400565005650066], [-108.65028289282893, 40.40775707757078], [-108.66828297282973, 40.42753527535277], [-108.70068311683117, 40.4329293292933], [-108.72228321283212, 40.41854518545185], [-108.7510833408334, 40.43113131131312], [-108.76548340483404, 40.42573725737259], [-108.80148356483565, 40.39337293372935], [-108.83388370883709, 40.39696896968971], [-108.83028369283693, 40.371796717967186], [-108.84828377283773, 40.353816538165376], [-108.85188378883788, 40.325048250482524], [-108.86628385283852, 40.31426014260143], [-108.90588402884029, 40.31066410664107], [-108.94908422084221, 40.32864428644288], [-108.94908422084221, 40.35022050220502], [-109.01388450884508, 40.36820068200683], [-109.03188458884588, 40.39337293372935], [-109.02468455684557, 40.4329293292933], [-109.03908462084621, 40.44731347313473], [-109.03548460484605, 40.47248572485725], [-108.99588442884429, 40.49226392263924], [-108.9850843808438, 40.52822428224283], [-108.94908422084221, 40.544406444064435], [-108.92388410884108, 40.57677076770767], [-108.85548380483804, 40.610933109331114], [-108.74748332483324, 40.592952929529304], [-108.73668327683276, 40.580366803668056], [-108.68988306883068, 40.57137671376714], [-108.65028289282893, 40.55699256992571], [-108.62148276482765, 40.55519455194553], [-108.58548260482604, 40.582164821648234], [-108.54588242882429, 40.62531725317254], [-108.54948244482445, 40.71342013420136], [-108.58188258882589, 40.734996349963495], [-108.62868279682796, 40.754774547745484], [-108.62868279682796, 40.781744817448185], [-108.60708270082701, 40.80871508715089], [-108.58188258882589, 40.8159071590716], [-108.57468255682556, 40.839281392813945], [-108.54948244482445, 40.84647346473466], [-108.52428233282332, 40.83748337483377], [-108.50628225282253, 40.85726157261573], [-108.47388210882109, 40.868049680496824], [-108.42348188481884, 40.90221202212024], [-108.41268183681836, 40.92738427384273], [-108.427081900819, 40.93817238172383], [-108.4090818208182, 41.010093100931016], [-108.3910817408174, 41.011891118911194], [-108.38748172481725, 41.03706337063372], [-108.3550815808158, 41.06043760437606], [-108.36948164481645, 41.09819598195983], [-108.35868159681597, 41.11797417974179], [-108.28668127681277, 41.18090480904809], [-108.30828137281372, 41.200683006830076], [-108.34068151681517, 41.17910679106791], [-108.3910817408174, 41.19708697086972], [-108.37668167681676, 41.220461204612064], [-108.3910817408174, 41.27440174401744], [-108.36228161281612, 41.297775977759784], [-108.34068151681517, 41.306766067660675], [-108.30828137281372, 41.335534355343555], [-108.31548140481405, 41.353514535145365], [-108.27588122881228, 41.40026300263003], [-108.247081100811, 41.39486894868949], [-108.20388090880908, 41.4128491284913], [-108.21108094080941, 41.4380213802138], [-108.20028089280892, 41.46678966789668], [-108.21828097280972, 41.47038570385703], [-108.23988106881069, 41.5189321893219], [-108.27588122881228, 41.54949849498496], [-108.28308126081261, 41.563882638826385], [-108.23268103681036, 41.56927669276695], [-108.157080700807, 41.58725687256873], [-108.12828057280572, 41.58905489054891], [-108.12828057280572, 41.630409304093035], [-108.08868039680397, 41.64119741197413], [-108.07068031680316, 41.632207322073214], [-108.0130800608006, 41.630409304093035], [-107.95907982079821, 41.56568065680656], [-107.93387970879708, 41.51174011740119], [-107.89067951679516, 41.48297182971831], [-107.81147916479165, 41.52792227922279], [-107.80427913279132, 41.54050840508407], [-107.72507878078781, 41.56747867478674], [-107.71427873278732, 41.54949849498496], [-107.67467855678557, 41.52972029720297], [-107.63147836478365, 41.524326243262436], [-107.58827817278173, 41.53871038710389], [-107.57747812478125, 41.51174011740119], [-107.54147796477965, 41.52792227922279], [-107.51627785277853, 41.55848858488585], [-107.48027769277692, 41.52792227922279], [-107.45507758077581, 41.54770047700478], [-107.42267743677436, 41.55129651296514], [-107.40467735677356, 41.53331633316333], [-107.35067711677117, 41.544104441044425], [-107.31467695676956, 41.526124261242614], [-107.3290770207702, 41.488365883658844], [-107.30027689276892, 41.46678966789668], [-107.347077100771, 41.43622336223362], [-107.33987706877069, 41.402061020610205], [-107.28227681276813, 41.3750907509075], [-107.24987666876669, 41.39846498464985], [-107.21027649276492, 41.40026300263003], [-107.21387650876508, 41.37688876888768], [-107.15987626876269, 41.3589085890859], [-107.167076300763, 41.333736337363376], [-107.13467615676157, 41.32834228342284], [-107.16347628476285, 41.297775977759784], [-107.1130760607606, 41.24743147431474], [-107.1130760607606, 41.2258552585526], [-107.08787594875949, 41.1988849888499], [-107.077075900759, 41.20427904279043], [-106.98347548475485, 41.16831868318684], [-106.97627545275452, 41.14854048540485], [-107.01227561275613, 41.11797417974179], [-106.97267543675436, 41.11078210782108], [-106.9510753407534, 41.096397963979655], [-106.90787514875149, 41.0928019280193], [-106.88267503675037, 41.07482174821749]]]}}]}