{"type":"FeatureCollection","features":[{"type":"Feature","geometry":{"type":"Polygon","coordinates":[[[-105.1550420001321,36.995261999802814],[-105.15132100035883,36.995241000135692],[-105.14016399998856,36.995182999726694],[-105.13666900017111,36.995165999944781],[-105.13644700041327,36.995168999695537],[-105.13477500031092,36.995174999914191],[-105.13329200035446,36.995181000132376],[-105.13306800004848,36.995182000288253],[-105.13043699987129,36.995191999694107],[-105.12865199979105,36.995199000066599],[-105.12822800036683,36.99520099966044],[-105.12558999961864,36.9952119999367],[-105.12555700000669,36.9952119999367],[-105.123827000178,36.995289999828245],[-105.12210599967186,36.995368999793264],[-105.12128800006234,36.99540599972137],[-105.12080000016572,36.995428000213046],[-105.12067499959394,36.995424999755016],[-105.12055400011843,36.995422000014351],[-105.12046600025488,36.995419000273579],[-105.12043299974459,36.995418000120807],[-105.11984299974071,36.995400000238426],[-105.11963500022658,36.995395000190605],[-105.11267400000568,36.995204000127309],[-105.10334500027167,36.994949999641747],[-105.09674999974871,36.994770000235967],[-105.09179399971612,36.994634999863912],[-105.09101700011449,36.994614000023674],[-105.08984600032754,36.994581999811771],[-105.08540999997864,36.994460999987538],[-105.08535300007722,36.994458999656757],[-105.08528199993212,36.994457000043397],[-105.08483400021845,36.994442999878643],[-105.08115899957765,36.994326999951575],[-105.07542299957038,36.994147999958138],[-105.07013400035017,36.993982000341298],[-105.06646000043258,36.993868000057454],[-105.06635900015023,36.993865000255369],[-105.06628999965496,36.993862999908906],[-105.06605799985137,36.993858999933359],[-105.06595800029224,36.993857999760081],[-105.06357999983507,36.993821999970017],[-105.05644799990995,36.993713000322522],[-105.05401799957424,36.993713000322522],[-105.05378300029591,36.993709000339088],[-105.05211000036866,36.993640999870699],[-105.04951299962835,36.993534999779001],[-105.04938499958182,36.993530000326054],[-105.03600299981356,36.992984999868845],[-105.03424899969544,36.992914000348463],[-105.03150100024071,36.992803999929968],[-105.03069199995372,36.99277699989424],[-105.02922599971569,36.992726999829294],[-105.02505100038101,36.992805000117109],[-105.0226500003576,36.992849999915634],[-105.01442899976301,36.993003000322823],[-105.00794299991828,36.993124000314332],[-105.00535699994695,36.993171999753649],[-105.00055099970218,36.993262000324663],[-104.94162400000739,36.993289999651509],[-104.93014000029727,36.99329499983768],[-104.92691400009335,36.993296000018418],[-104.90258699966689,36.993308000033309],[-104.90076800014978,36.993309999676875],[-104.90047900044478,36.99330900021382],[-104.89961200043146,36.993306999852777],[-104.89932399965306,36.993306999852777],[-104.89855500044736,36.993305000209141],[-104.89624800013527,36.993298999842942],[-104.89547999985616,36.993297000199092],[-104.89141299957818,36.993288000007418],[-104.88352699961767,36.993274000344911],[-104.87921300036581,36.993261000143526],[-104.8755500003189,36.993253000128853],[-104.87531900034021,36.993275999989372],[-104.87514899956257,36.993293000193773],[-104.87507499994273,36.993297999662296],[-104.87143700001015,36.993304000028516],[-104.86030099955629,36.993325000230556],[-104.85854099959037,36.993329000234183],[-104.85658999982877,36.993333000237598],[-104.85334199988353,36.993337999703499],[-104.84360399989561,36.993354999894038],[-104.8403579996002,36.993362999897982],[-104.83557200034524,36.993370999901046],[-104.83257499957186,36.993376000081938],[-104.82735999997149,36.993385999725191],[-104.81220900001648,36.993412000083062],[-104.80922700021002,36.993417999722844],[-104.80708899995236,36.993421999721633],[-104.80144500000658,36.993433000255223],[-104.79819899971116,36.993437999714544],[-104.78846200044649,36.993454999882729],[-104.78521600015108,36.993461000236621],[-104.78115600044411,36.99346800005096],[-104.7689760004249,36.993489999668341],[-104.76491699964453,36.993497999658096],[-104.76311499984584,36.99350100019209],[-104.75771500029754,36.993510999818959],[-104.75591500014868,36.993514999812803],[-104.75536799980252,36.993514999812803],[-104.75147499960183,36.993522999799922],[-104.75054700038744,36.993525000155337],[-104.74991200017772,36.993523999977612],[-104.73815800013085,36.993497999658096],[-104.73372000013212,36.993489000207653],[-104.73344399994758,36.993488000029508],[-104.73261799994216,36.993485000212438],[-104.73234299958256,36.993485000212438],[-104.73231900019141,36.993477000221326],[-104.73228700040437,36.99346800005096],[-104.73224800004633,36.993453999704137],[-104.73222499958177,36.993445999709763],[-104.70745399963964,36.993497000197507],[-104.70578800028339,36.993497000197507],[-104.70141399985874,36.993457999700979],[-104.701375000399,36.993457999700979],[-104.70125800022313,36.993457999700979],[-104.70121899986508,36.993457999700979],[-104.69716699965572,36.993457000239879],[-104.69031799958785,36.993456000061315],[-104.68501400029901,36.993453999704137],[-104.68096299991456,36.993453999704137],[-104.6750029996013,36.993441999712282],[-104.67376900006518,36.99343899989335],[-104.66040499984025,36.993410999903908],[-104.65389899990403,36.993397000264039],[-104.65218999999176,36.993393000263978],[-104.64499699996729,36.993378999903314],[-104.64228700014741,36.993421000260049],[-104.6347190002042,36.993541000126577],[-104.63415699978943,36.993549000110967],[-104.63144799979443,36.993591999833114],[-104.63141699983231,36.993591999833114],[-104.63001900026465,36.993591999833114],[-104.62582800013811,36.993596999999482],[-104.62554399955768,36.993598000176192],[-104.62543099957978,36.993687000067609],[-104.62467099969658,36.994286000262846],[-104.62455500024394,36.994375000066555],[-104.62272300030803,36.994326999951575],[-104.61678999975895,36.994175999676294],[-104.61481600043111,36.994129000322935],[-104.61267700034853,36.994124000191547],[-104.60630000028374,36.994116000267653],[-104.60417200007183,36.994116000267653],[-104.60314600004985,36.99411500009775],[-104.60257199993949,36.99411500009775],[-104.60007100035696,36.994112999757917],[-104.59904799980973,36.994113999927833],[-104.598376999615,36.994112000305414],[-104.59755099960955,36.994109999965488],[-104.59306599975517,36.994099999699884],[-104.59157100010314,36.994096999906958],[-104.59116100002431,36.994095999736814],[-104.58993099978784,36.994092999943717],[-104.58952200043224,36.994091999773516],[-104.58930300014913,36.994091999773516],[-104.58656800021488,36.994096999906958],[-104.58187400012309,36.994104999832857],[-104.57770700028603,36.994112000305414],[-104.57475399989357,36.994117999889973],[-104.56991400021192,36.993877000180476],[-104.5672169999125,36.993854999957549],[-104.56327299965818,36.993823000143827],[-104.54459000007581,36.993931000178797],[-104.53704800007189,36.99397600002851],[-104.53666999978012,36.993970999887118],[-104.53553800035124,36.993957000350342],[-104.53516099988438,36.993952999662248],[-104.53196700036581,36.993915000289604],[-104.52702399985371,36.993857000304224],[-104.52238800038657,36.993803000253372],[-104.51919499979461,36.993766000262788],[-104.51608999996451,36.99377800020352],[-104.51133200029861,36.993798000100547],[-104.50677799994892,36.99381500018827],[-104.50367399994374,36.993828000294947],[-104.5025099998295,36.993824999773807],[-104.50054300017437,36.993820000339923],[-104.49901800038512,36.993853999784214],[-104.49785500009578,36.993881000155078],[-104.49778099957763,36.993878999809084],[-104.49696200014321,36.993878000353511],[-104.49428499993526,36.993877000180476],[-104.49339500035575,36.993877000180476],[-104.49324899986756,36.993754000320166],[-104.49314599993539,36.993703000004764],[-104.49297100003322,36.993692999685699],[-104.49244600032667,36.993665999965529],[-104.4922720002494,36.993657999993509],[-104.49121400044037,36.993699000020811],[-104.4880419997648,36.993824999773807],[-104.48698499978069,36.99386699988429],[-104.48695999966634,36.99386699988429],[-104.48681300025154,36.99386699988429],[-104.48629799969243,36.99386699988429],[-104.48612699998822,36.99386699988429],[-104.48498999963816,36.993865000255369],[-104.48158100003444,36.993861999735678],[-104.48057799957868,36.993861000279878],[-104.4804450004076,36.993861000279878],[-104.4803740002625,36.993860000106629],[-104.48016099982716,36.993860000106629],[-104.48009100040528,36.993860000106629],[-104.47967299993053,36.993858999933359],[-104.4784179995797,36.993858999933359],[-104.47800099982818,36.993858999933359],[-104.47779199959081,36.993857999760081],[-104.477164999777,36.993857999760081],[-104.47695700026284,36.993857999760081],[-104.47526199969597,36.993854999957549],[-104.47369900027188,36.993852000154952],[-104.470180000165,36.993845999831919],[-104.46848600032133,36.9938440002025],[-104.46210199968554,36.993833999901923],[-104.46197700001207,36.993833999901923],[-104.45169599987594,36.993732000061705],[-104.45054400035561,36.993721000288808],[-104.45042700017973,36.993721000288808],[-104.44294999957481,36.993725000271617],[-104.43656699966225,36.993729999711746],[-104.43521400030043,36.993733000236645],[-104.43398700043701,36.993737999676242],[-104.42982100042484,36.993750999796092],[-104.4135280000969,36.993594000186711],[-104.40956100027637,36.993502999830575],[-104.40831299959824,36.993473999686316],[-104.40043199966058,36.993485999673119],[-104.3862609996968,36.993508000002798],[-104.37553799969479,36.993523999977612],[-104.37471099986445,36.993514000352512],[-104.3689129999329,36.993445999709763],[-104.36888100014585,36.993445000248492],[-104.36783300038257,36.993448000067154],[-104.36727400034081,36.993449000245867],[-104.36715899981479,36.993450999885724],[-104.36700099963102,36.99345300024298],[-104.36652699997811,36.993461000236621],[-104.36636999961927,36.993464000054637],[-104.35748899959893,36.993485999673119],[-104.34317200004527,36.993523999977612],[-104.33883299978075,36.993534999779001],[-104.33530100015336,36.993607999790314],[-104.33084899991093,36.993700999654038],[-104.32197100026363,36.993886999757862],[-104.31874900025767,36.993903999825676],[-104.3185619997616,36.993904999998357],[-104.31837400033893,36.99390600017108],[-104.31751599964815,36.993910000144147],[-104.31718599993526,36.993911999771875],[-104.31225400019211,36.993937999949871],[-104.30485199993026,36.994015000259395],[-104.30415200032155,36.994022000022795],[-104.29969800042926,36.994069000159769],[-104.29905900002159,36.994075999918152],[-104.29714300042008,36.994098000077102],[-104.29650499983731,36.994106000002894],[-104.29201199958699,36.994158000217432],[-104.27853199990943,36.994316000264746],[-104.27404000038233,36.994368999784783],[-104.26568400006852,36.994466000096722],[-104.25053599958825,36.994643999896176],[-104.24576799987665,36.99467499991939],[-104.24061799967528,36.994707000092163],[-104.23809500035146,36.994723999976685],[-104.23513199991326,36.994743000180719],[-104.23226300008473,36.994761000218617],[-104.22568500017849,36.99480299981213],[-104.21915599977774,36.994842000336398],[-104.21890200023284,36.994842999779245],[-104.21831300005387,36.994827000081926],[-104.21563400019612,36.994753999805795],[-104.21236399961126,36.994780999857134],[-104.21083499962405,36.994793999798688],[-104.20255700002636,36.994861999953613],[-104.20007499981212,36.994882999725377],[-104.19928800016474,36.994890000126318],[-104.19457499980639,36.994928999888486],[-104.18877900042297,36.994978999940656],[-104.18122400000026,36.995043000016835],[-104.18046599976688,36.99504900024543],[-104.18043900000271,36.99504900024543],[-104.17572700036757,36.995085000172097],[-104.17510999970121,36.995089000083155],[-104.17326199987177,36.995104000285941],[-104.1726459999286,36.995109000352898],[-104.17247900042236,36.995109999792291],[-104.17197899993182,36.995113000262698],[-104.17181300025049,36.995114999858799],[-104.17002099959923,36.99512899989989],[-104.16464500034037,36.995171000007652],[-104.16285299968911,36.99518500003839],[-104.16021800021228,36.995196000317009],[-104.15231600035825,36.995231000018876],[-104.15067000019516,36.995238999825425],[-104.15054600034661,36.995239999980598],[-104.15026099994125,36.995242000290787],[-104.14968299963294,36.995243999883506],[-104.14895999955968,36.99524700034867],[-104.14679100023818,36.995256000308501],[-104.14606899998982,36.995260000210571],[-104.14527099957347,36.995262999957625],[-104.14294800026619,36.995274000224967],[-104.14287899977089,36.995274000224967],[-104.14208200007778,36.995278000126092],[-104.14136400002738,36.995280999872435],[-104.13920999987619,36.995289999828245],[-104.13849299965071,36.995293999728574],[-104.13844099977216,36.995293999728574],[-104.13582800003665,36.995306000145689],[-104.12877899995223,36.995339999643072],[-104.127834999946,36.9953440002582],[-104.12553000018207,36.995354999796348],[-104.12517600017976,36.995410999768474],[-104.12414299958677,36.995418000120807],[-104.12104500032768,36.995438999739051],[-104.12001299955962,36.995447000241192],[-104.11548199967444,36.995477999937144],[-104.11503099958774,36.995481999827533],[-104.10188999984388,36.995574000118744],[-104.09738999992086,36.995605999913224],[-104.09735999978365,36.995605999913224],[-104.09717900003368,36.995607000063515],[-104.09663500006054,36.995609999796876],[-104.09645500013549,36.995612000097395],[-104.09629399957871,36.995613000247609],[-104.09602900016314,36.995614999830565],[-104.09581099970495,36.995615999980735],[-104.09565099987137,36.995618000281091],[-104.0878250001853,36.995672999910084],[-104.06580099987298,36.995829000102432],[-104.06434999970357,36.995839000140634],[-104.05652499984244,36.995894000327269],[-104.05547399970608,36.995900999917666],[-104.05232399967015,36.995923000266188],[-104.05127500008196,36.995930999999942],[-104.05100399992031,36.995932000146013],[-104.05019299998349,36.99593700015847],[-104.04992299964674,36.995939999878821],[-104.04849499994188,36.995949999902479],[-104.04421199975383,36.995979999965364],[-104.04278499987386,36.995991000128996],[-104.04229399960417,36.995993999847222],[-104.04082099969345,36.996003999863717],[-104.04041399998768,36.996007000298896],[-104.04033199997193,36.996007000298896],[-104.00785099979636,36.996133999958694],[-104.00466099957744,36.996136999671272],[-103.99925799965609,36.996182999793312],[-103.99751299975881,36.996192999785009],[-103.99745699968233,36.996191999642363],[-103.99353699971743,36.996217000333552],[-103.99344999967882,36.996217999758386],[-103.97286999986319,36.996390000356932],[-103.97150900010546,36.996401999883616],[-103.96735300013903,36.996425000226672],[-103.96191300040776,36.996460000080354],[-103.95748200008173,36.996494999917878],[-103.9569740000936,36.996498999754841],[-103.9397610000489,36.99660000005138],[-103.93672200034105,36.996617000230145],[-103.9264479998776,36.996681999781472],[-103.92641600009057,36.996681999781472],[-103.92627799999829,36.99668299991761],[-103.92320599978017,36.996702000349678],[-103.91848999994707,36.996730999980457],[-103.90051500036937,36.996867000352644],[-103.88314800033888,36.997019999852853],[-103.87721399996489,36.997069999965085],[-103.87711199985763,36.997069999965085],[-103.87196400020443,36.997113999979248],[-103.87136800035276,36.997117999783647],[-103.86958099972438,36.997134999846608],[-103.86898499987271,36.997139999780025],[-103.86884699978043,36.997138999649842],[-103.86826299962435,36.997144999713051],[-103.86824400025608,36.997145999843163],[-103.86515799979425,36.99717500002204],[-103.85278199995645,36.997177000281326],[-103.85267599965124,36.997177000281326],[-103.84065200016597,36.9971990002607],[-103.84057500017309,36.997199999672574],[-103.84055000005873,36.997199999672574],[-103.8331700004365,36.997207999989513],[-103.82687399966426,36.997245999869051],[-103.82685899959564,36.997245999869051],[-103.82439399999814,36.997261999774885],[-103.81844899975349,36.997298000088854],[-103.8184010000729,36.997299000216891],[-103.81779600000043,36.997304000139522],[-103.8090220001102,36.997352999937704],[-103.79664200007444,36.99743099978555],[-103.78774699981041,36.997498000326814],[-103.78267100012721,36.997549999656819],[-103.7826159998756,36.997549999656819],[-103.78259199958617,36.997549999656819],[-103.78018999973787,36.997577000150365],[-103.77982999988775,36.997572999652704],[-103.77459500019589,36.997618000217123],[-103.76971299978314,36.997677000326917],[-103.76800300004595,36.997689999773407],[-103.76790199976361,36.997690999896342],[-103.76764200037093,36.997694999670323],[-103.75605099963238,36.99780799983548],[-103.75522200015222,36.997812000320828],[-103.74302200004152,36.997939999955499],[-103.74052700030678,36.997962999833355],[-103.73857999984483,36.997981999945587],[-103.73852299994341,36.997983000064679],[-103.73778800017458,36.997989000061246],[-103.73773999959569,36.997989000061246],[-103.737436999647,36.997990000180245],[-103.73590099998708,36.997996000176315],[-103.73459299993279,36.998001000053058],[-103.73323299999997,36.998008000167026],[-103.73019000009417,36.998017999918673],[-103.72175699978747,36.998049000001402],[-103.70283200035577,36.998133999955094],[-103.68931300032014,36.998218999813751],[-103.68296200019464,36.99827100008563],[-103.67628300000607,36.998304000294866],[-103.67621000021113,36.998296000093291],[-103.66603700003003,36.998353000166112],[-103.6445759999574,36.998480000212446],[-103.64366100026351,36.998487999677259],[-103.63911100011177,36.998509999994724],[-103.62873399971616,36.998601000098866],[-103.62550699968732,36.99862900032975],[-103.62485599958408,36.99862900032975],[-103.61650099999352,36.998659000053252],[-103.6120710003907,36.998676999881617],[-103.59937599981237,36.998714000352535],[-103.58066200026786,36.998775999937862],[-103.57644600002698,36.998790000022346],[-103.5732099997773,36.9987990002803],[-103.56026200037732,36.998832999650858],[-103.56024999978342,36.998832999650858],[-103.56019100023218,36.998832999650858],[-103.54939799990998,36.99887700007978],[-103.54053600015622,36.998917000056245],[-103.53891900030544,36.998924000085893],[-103.53787099964386,36.9989269996884],[-103.52397900023763,36.998965000143812],[-103.51742600044575,36.998994999734684],[-103.51093499967985,36.999037999964706],[-103.50127399968483,36.999091999885415],[-103.50017200039318,36.999096000303162],[-103.50008399963133,36.999096999690146],[-103.48977300025626,36.999132999852748],[-103.48807400038973,36.999139999862436],[-103.48797899995517,36.999142000070108],[-103.48789399956637,36.999143000173895],[-103.48515100013451,36.999133999956648],[-103.47836099961786,36.999158000294443],[-103.47829899969359,36.999158000294443],[-103.47819999995939,36.999158000294443],[-103.47232300038513,36.999157000190806],[-103.4718229998946,36.999158999680574],[-103.47064500043498,36.999163000094789],[-103.46683599989987,36.999165999687875],[-103.45417499965673,36.999192000221868],[-103.44547399956143,36.999207999718294],[-103.44167900016834,36.99921599982391],[-103.43647299989048,36.99922299982596],[-103.43235700010703,36.999235999725599],[-103.42568399976625,36.999269000233532],[-103.40813500016088,36.999347000268266],[-103.40229100019857,36.999369999720599],[-103.39304000028238,36.999397000285271],[-103.39270700019644,36.999396000184824],[-103.38071299995008,36.999427999805796],[-103.37973600033192,36.999431000105879],[-103.37773399961836,36.999443999969955],[-103.36933999966973,36.99944600016962],[-103.35080199985232,36.999447000269399],[-103.34893999977916,36.999447000269399],[-103.34296199992257,36.999435999888263],[-103.33010599968576,36.999476000288162],[-103.32986899985929,36.999476999670115],[-103.32625500021616,36.999485999846748],[-103.32457800009094,36.99949000024376],[-103.30573099957871,36.999548000237482],[-103.30431000044486,36.999550999815384],[-103.3034269996397,36.999551999913777],[-103.30102300014156,36.999555000208971],[-103.30012099996814,36.999556999688274],[-103.30009500002889,36.999556999688274],[-103.29954400038305,36.999557999786596],[-103.29832099981928,36.999559999983205],[-103.27448899986047,36.999586999763018],[-103.2734279996784,36.999588999958924],[-103.27314399999626,36.999588999958924],[-103.26937700019228,36.999592000252598],[-103.25846000002149,36.999605000089197],[-103.25827300042374,36.999605000089197],[-103.25771199983386,36.999605000089197],[-103.25752600006103,36.999606000186894],[-103.25163699989288,36.999613000153047],[-103.23964099999668,36.999629999658261],[-103.22644699965107,36.99969500022118],[-103.22278699997717,36.999713999900621],[-103.22015800034816,36.999726999716309],[-103.21687100004486,36.999742999817549],[-103.20056199982341,36.999824999745478],[-103.20049999989912,36.999824999745478],[-103.19324599977527,36.999861999657718],[-103.1882260001686,36.999886999859719],[-103.18366400032129,36.99991300014716],[-103.18243499990973,36.999920000085048],[-103.18087599978529,36.999928000115816],[-103.17752099970993,36.999943000081501],[-103.15909000002264,37.000018999957732],[-103.15600199991098,37.000018999957732],[-103.1496170003486,37.000046000291988],[-103.14405700006841,37.000053000217633],[-103.12756899974681,37.000138000083368],[-103.12066299977751,37.000159999923426],[-103.11677499959968,37.000172999662873],[-103.10248499981022,37.000196000300164],[-103.1022999998623,37.000196000300164],[-103.10024399962037,37.000194000120295],[-103.09021699992748,37.000191999940306],[-103.08610199996892,37.000188000297662],[-103.08594799998312,37.000189999760323],[-103.07024999968193,37.000164000284983],[-103.06383199960929,37.000146000091199],[-103.04513599960812,37.000087999836261],[-103.03908499995657,37.00008500027954],[-103.03896699995582,37.00008500027954],[-103.03888400011513,37.00008500027954],[-103.03744499964128,37.000078000356837],[-103.00621600034181,37.000141999728697],[-103.0028570000685,37.000148999645504],[-103.0023289999889,37.000149999736045],[-103.00214800023893,37.000141000355441],[-103.00048600018233,37.000018999957732],[-102.99784900015737,36.999725000241476],[-102.98722099969162,36.998551000275874],[-102.98697600036753,36.998524000128242],[-102.98593699992676,36.998565999795765],[-102.98580700023042,36.998571000352484],[-102.98409400012018,36.998640000110136],[-102.97976699955123,36.998551999670035],[-102.97961299956543,36.998549000052719],[-102.9755550004066,36.998612999994101],[-102.96461200029658,36.998718000072714],[-102.9644940002958,36.99871900018212],[-102.93627200001882,36.998992000134848],[-102.92790499983438,36.999080000065767],[-102.92246000008025,36.999137000268334],[-102.90662200003698,36.999303000111368],[-102.90426200002146,36.999326999678324],[-102.90322400030392,36.999338000075227],[-102.89314999985702,36.999442999870134],[-102.89267500037919,36.999447999651736],[-102.88668699957852,36.99951100017239],[-102.87548099970275,36.999628000180884],[-102.86708400027938,36.999597000024458],[-102.86544999981187,36.999591000154723],[-102.84195500013695,36.999600000317869],[-102.84192099980176,36.999600000317869],[-102.82946499959803,36.999731000100638],[-102.81945399979864,36.999761000106787],[-102.81507400042453,36.999773999914446],[-102.7936269996973,36.999374000123716],[-102.79151799975195,36.999304000213037],[-102.78470800004212,36.999132999852748],[-102.78229799979788,36.999074000155247],[-102.77323900040061,36.998853999760932],[-102.75214099965282,36.998341000229836],[-102.74262399959784,36.997764000222887],[-102.74206000043155,36.997688999650514],[-102.72168599958194,36.996496000056538],[-102.70590199996535,36.995572999968019],[-102.70580999990383,36.995567999931559],[-102.70360899989697,36.995446000088805],[-102.7029200001589,36.995413000074173],[-102.69814200040153,36.995149000159067],[-102.68337100038812,36.995199000066599],[-102.66212200002759,36.995270999760862],[-102.65590300014655,36.995085000172097],[-102.65143099981263,36.995046999930103],[-102.63567499978514,36.995054999756071],[-102.62547099964191,36.995036000347469],[-102.60208300009711,36.995089000083155],[-102.5928949999301,36.995110999949105],[-102.57865500036934,36.995127000304159],[-102.57850499968319,36.995127000304159],[-102.57090999997581,36.995133999965155],[-102.54181700038588,36.994904999650871],[-102.54094100015173,36.994904000208841],[-102.53901299995636,36.994891000286025],[-102.53042499983897,36.994873000278901],[-102.52468299998391,36.994870999959005],[-102.50046699988555,36.99496700018944],[-102.49715600019113,36.994963000271902],[-102.49702700031968,36.994963000271902],[-102.49629900022353,36.994960999954365],[-102.49444499964801,36.994939000045022],[-102.47024600016638,36.994841000176045],[-102.44629000035901,36.994744000342358],[-102.43425099990681,36.994827000081926],[-102.4038159999274,36.994793000355195],[-102.40231600025251,36.994792000194138],[-102.39003999997384,36.994776999929812],[-102.38857999958358,36.994775999768606],[-102.37546099958105,36.994580000201651],[-102.36726199962608,36.994577999874039],[-102.35536700001225,36.994575000099964],[-102.35533100002723,36.994544000035923],[-102.35528800036953,36.994506000241152],[-102.35338100009054,36.994489999755388],[-102.35333000003691,36.994489999755388],[-102.35182199996609,36.994476999761858],[-102.34377799982184,36.994408999980173],[-102.34371300042281,36.994408999980173],[-102.32515499961561,36.994347999871081],[-102.30758000007097,36.994276000020385],[-102.30755099975865,36.994276000020385],[-102.30650999966807,36.994274999852593],[-102.29932699968934,36.994248999789761],[-102.28500699976264,36.994151999918543],[-102.28373999971625,36.994174000055501],[-102.27034500042751,36.994324000167552],[-102.27022800025162,36.994325000334754],[-102.27011600009864,36.994325999784401],[-102.26493099973717,36.994385999744807],[-102.26078900001446,36.994388000077521],[-102.25557400041409,36.994256000249116],[-102.25219900024723,36.994170000096318],[-102.2510560000494,36.994102000040122],[-102.25045599999977,36.994126999983415],[-102.24847699975076,36.99419799980631],[-102.23513599999038,36.994011999745673],[-102.22119900037833,36.993864000082112],[-102.20839699966986,36.993730999886758],[-102.20831600037732,36.993729999711746],[-102.1976479997286,36.993661999979629],[-102.19750999963632,36.993664999789708],[-102.1966209998817,36.993684999716457],[-102.1887640002335,36.993626000096846],[-102.18452899972606,36.993594999645964],[-102.18427099998318,36.993593000009945],[-102.17513999971759,36.993567999891063],[-102.17511499960322,36.993567999891063],[-102.15439699969535,36.993477000221326],[-102.14833099997519,36.993449999707032],[-102.13645100042997,36.993397000264039],[-102.12545200024343,36.993346999889248],[-102.10803800035728,36.993285999645771],[-102.09058599993797,36.993246999758554],[-102.08472299970909,36.99323400027005],[-102.07793599956548,36.993097999858009],[-102.07719300029906,36.993084000160522],[-102.07662800040954,36.993089999826232],[-102.0748020003214,36.993112999735999],[-102.07424800030252,36.993112000270408],[-102.07298499955577,36.993108999721009],[-102.05440300025575,36.99312999997683],[-102.05438700036221,36.99312999997683],[-102.05433200011063,36.993091000009613],[-102.05426799963821,36.993069000276812],[-102.05417999977466,36.993053999672632],[-102.05414399978964,36.993048000004137],[-102.05368299965721,36.993026999725672],[-102.05209199974571,36.993069000276812],[-102.05180200021579,36.993068000093139],[-102.04546899963364,36.993056000040376],[-102.04538099977009,36.993056000040376],[-102.04208900034224,36.993015999850805],[-102.0421000002129,36.993522999799922],[-102.04207900029651,36.995095999747704],[-102.04199700028073,36.997248000126532],[-102.04198999970973,36.999179000314705],[-102.04206500005279,37.000825999829452],[-102.04203400009065,37.002862999694692],[-102.04203599974048,37.00547699987812],[-102.04205099980908,37.006801999678437],[-102.0420369995654,37.00830800010602],[-102.04205500000704,37.010509000199299],[-102.04203099971761,37.018025999902825],[-102.04207000007567,37.018319999848437],[-102.04203900011353,37.018570000327173],[-102.04205300035723,37.020008999950534],[-102.04204800033435,37.020724999855432],[-102.04206300040296,37.023212000278932],[-102.04206099985484,37.023436000317744],[-102.04205699965688,37.023902999936553],[-102.042059000205,37.024408000199095],[-102.04206000002992,37.02460299983521],[-102.04204800033435,37.024695999794297],[-102.04204800033435,37.024753000152543],[-102.04204800033435,37.024783000323886],[-102.04204400013639,37.025536999783796],[-102.04205400018215,37.028334000258525],[-102.04195000042506,37.030804999698113],[-102.042051999634,37.031102000157865],[-102.04206400022788,37.031606000214403],[-102.04192100011275,37.032178000273163],[-102.0417489996853,37.034397000232062],[-102.04189199980044,37.03471299980496],[-102.04197700018923,37.034900000301327],[-102.04192000028782,37.035082999662428],[-102.04208599996917,37.047343999717079],[-102.04206599987771,37.065134999859069],[-102.04206300040296,37.068218999722269],[-102.04205300035723,37.075209999921711],[-102.04205300035723,37.075292999914438],[-102.04203999993842,37.090827000128627],[-102.04203999993842,37.090925000133588],[-102.04203200044083,37.105139999801352],[-102.04199200025785,37.106537000173262],[-102.04198999970973,37.106609000349643],[-102.04198800005989,37.106700999997777],[-102.04198600041008,37.106762000138943],[-102.04196299994554,37.106874999930042],[-102.04194700005202,37.106953999886734],[-102.0419460002271,37.107328999781522],[-102.04194299985404,37.108141999682317],[-102.04194700005202,37.108815000279023],[-102.0419670001435,37.111973000085044],[-102.0419670001435,37.112038999810324],[-102.04193399963323,37.11356700011752],[-102.04194899970184,37.123617999721176],[-102.04194899970184,37.123628000120405],[-102.04195000042506,37.124310000306679],[-102.04195000042506,37.124319999898219],[-102.04195100024998,37.125015000146938],[-102.04195100024998,37.125029999752172],[-102.04195100024998,37.12505799991456],[-102.04195100024998,37.12507300022753],[-102.04195299989981,37.125820000306184],[-102.04195299989981,37.125832000149451],[-102.04195299989981,37.126145000284374],[-102.04196399977045,37.12671399989614],[-102.04196399977045,37.126727000169645],[-102.04198800005989,37.127949000147339],[-102.04195799992267,37.132209000204483],[-102.04192100011275,37.133795999801215],[-102.04189799964821,37.134309999759019],[-102.04189699982329,37.134326000141961],[-102.04184199957173,37.135566000191019],[-102.0418120003328,37.137368000192751],[-102.04186099983829,37.139614000068043],[-102.04185699964032,37.141463999819756],[-102.04185699964032,37.141522000182874],[-102.04185800036356,37.141659999707613],[-102.04193000033359,37.149174999884394],[-102.04199499973259,37.155943999961366],[-102.04199100043294,37.163150999652352],[-102.04202499986982,37.185409000156184],[-102.04202499986982,37.18542899964357],[-102.04197200016638,37.199582999876519],[-102.04196799996842,37.207414000021714],[-102.04196799996842,37.207760000110831],[-102.0419660003186,37.210800999790663],[-102.04196499959536,37.213306999816069],[-102.04196499959536,37.213823999689488],[-102.04196499959536,37.214168000173295],[-102.04196200012062,37.221910000236775],[-102.04196899979333,37.222046000278254],[-102.04217700020578,37.225608999824587],[-102.04217899985561,37.225652000316636],[-102.04217999968053,37.225661000117142],[-102.04217399983273,37.228262999671514],[-102.04212399960402,37.250020999690818],[-102.04209000016714,37.251743000308416],[-102.04207799957327,37.252350000334587],[-102.04201900002202,37.255254000147254],[-102.04201599964898,37.255419000172111],[-102.04196299994554,37.258163999696464],[-102.04195399972471,37.265571000250695],[-102.04193799983119,37.265699000304366],[-102.04192799978544,37.266608000107055],[-102.04194700005202,37.268128999761515],[-102.04194399967896,37.272191999998178],[-102.04193899965608,37.272340000274205],[-102.04194299985404,37.272380000337456],[-102.04196200012062,37.272600000305701],[-102.04197899983906,37.273302999683402],[-102.04198800005989,37.274143000101454],[-102.04198600041008,37.279331000314919],[-102.04196200012062,37.279724000187251],[-102.04186800040929,37.286030000141892],[-102.04184199957173,37.294753999707801],[-102.04184199957173,37.294764000320839],[-102.0418619996632,37.295645999997873],[-102.04186400021133,37.296064000096067],[-102.04185900018848,37.296327000335133],[-102.04182499985329,37.296470000125368],[-102.04182700040143,37.297012999666293],[-102.04182900005124,37.297649999925952],[-102.04185199961746,37.305734000044737],[-102.04185199961746,37.305749000203129],[-102.04186300038644,37.309346000084119],[-102.04189000015062,37.318728000113389],[-102.04189000015062,37.318743999993494],[-102.04190199984617,37.321010999839238],[-102.04189799964821,37.322311000230386],[-102.04190199984617,37.32387600010393],[-102.04190199984617,37.323918000119797],[-102.041911000067,37.333851000286934],[-102.0419239995875,37.334923999652453],[-102.0419239995875,37.337656000239505],[-102.04192000028782,37.338368000105405],[-102.04192000028782,37.338500000225615],[-102.04191299971683,37.341592999956895],[-102.04190500021923,37.343024000072504],[-102.04193000033359,37.344456999715121],[-102.04192100011275,37.345081000235645],[-102.04191500026496,37.345512000160831],[-102.04190600004412,37.345816000343405],[-102.04186900023421,37.347142000353564],[-102.0418829995796,37.351475000254979],[-102.04192299976258,37.352659000267515],[-102.04194899970184,37.35271699968699],[-102.04199200025785,37.352766000171179],[-102.04202499986982,37.352804999877961],[-102.04208900034224,37.352829999953983],[-102.04152199990457,37.375020999929063],[-102.04158499965376,37.382598000016245],[-102.041586000377,37.382661000020008],[-102.04158800002682,37.382924999867846],[-102.04159300004969,37.383410000053786],[-102.04159800007257,37.384037000120635],[-102.04164199955517,37.38919000027667],[-102.04179399989114,37.407126000195241],[-102.04167599989037,37.409898000166642],[-102.04181999983041,37.41014899975719],[-102.04181700035568,37.41047300031348],[-102.04167099986749,37.427533999738358],[-102.04166900021767,37.434740000062519],[-102.04175500043139,37.434855000246344],[-102.04160999976811,37.447601000011701],[-102.0416159996159,37.447935999753263],[-102.0416070002934,37.449276999978807],[-102.04162499983674,37.450281000156131],[-102.04161899998896,37.450696999838456],[-102.04179899991401,37.456298000134979],[-102.04180800013484,37.456446999744927],[-102.04180800013484,37.456543000355808],[-102.04180800013484,37.456869000039561],[-102.04180800013484,37.457899000009604],[-102.0417980000891,37.459527000144632],[-102.04180800013484,37.462360999895601],[-102.04180800013484,37.462398999954544],[-102.04180999978468,37.463176999730472],[-102.04182900005124,37.464595999853664],[-102.04181599963245,37.465904999682117],[-102.04180999978468,37.467318999856573],[-102.04177600034778,37.468000999733725],[-102.04178200019558,37.468431000083704],[-102.04178800004335,37.468852000170642],[-102.04178899986827,37.469191999650022],[-102.04178999969317,37.469351999708671],[-102.04178999969317,37.469415000190367],[-102.04179100041641,37.469612999728923],[-102.04179100041641,37.469792999826566],[-102.04179100041641,37.469859000110254],[-102.04179100041641,37.469954999900345],[-102.04178999969317,37.470060000064315],[-102.04178899986827,37.470251000140564],[-102.04178600039353,37.470917000138556],[-102.04178399984539,37.471272000079843],[-102.04180099956383,37.472779999899579],[-102.04180800013484,37.476333999762481],[-102.04180300011197,37.476900000350113],[-102.04180300011197,37.476934000057454],[-102.04180300011197,37.476978999814108],[-102.04179399989114,37.478348999950477],[-102.04180399993687,37.480039000250706],[-102.04179300006624,37.481836999822313],[-102.04179100041641,37.482196999872045],[-102.0418120003328,37.484113999992594],[-102.04182300020346,37.484727999762278],[-102.04182599967818,37.484905000241426],[-102.04182999987614,37.485132999974908],[-102.04180899995976,37.486590000167567],[-102.04182599967818,37.487998000026337],[-102.04180399993687,37.489014999699762],[-102.04180099956383,37.489934000069219],[-102.04179399989114,37.490517999909791],[-102.04178899986827,37.491009999800525],[-102.04178999969317,37.491073999855217],[-102.04180399993687,37.492317000321968],[-102.04178800004335,37.493474999719318],[-102.04178999969317,37.494507999823441],[-102.04177799999762,37.495378999694232],[-102.04177799999762,37.495403999963585],[-102.04177499962458,37.49676599988161],[-102.04178300002049,37.499631999788399],[-102.04178399984539,37.499798000319018],[-102.04178399984539,37.499876999802218],[-102.04178399984539,37.499976999794995],[-102.04178800004335,37.505526000180041],[-102.04178800004335,37.505545000283597],[-102.04178800004335,37.505855999978984],[-102.04175799990614,37.506003000229597],[-102.04175000040853,37.506019000064896],[-102.04175100023343,37.506060000161682],[-102.04183499989902,37.51238600025826],[-102.04196499959536,37.528844000261721],[-102.04201499982408,37.535139999758627],[-102.04201599964898,37.535261000160297],[-102.04189900037146,37.541185999935188],[-102.04189799964821,37.542457000345365],[-102.04189400034858,37.557976999806428],[-102.04168299956305,37.578556000091801],[-102.0418829995796,37.578972999683032],[-102.04190900041719,37.579011999745624],[-102.0419319999834,37.579047000185994],[-102.04179300006624,37.601233999990882],[-102.04167599989037,37.60779900020659],[-102.04161800016404,37.607867999748038],[-102.04159300004969,37.62501399973263],[-102.04158899985173,37.636900000004196],[-102.04158800002682,37.638134999713294],[-102.04158499965376,37.644282000057991],[-102.04158300000394,37.650403000089447],[-102.04158200017903,37.654495000253419],[-102.04167699971526,37.6586800000753],[-102.04160899994322,37.660076999977221],[-102.04169099995899,37.665681000208089],[-102.04169199978388,37.66586499991304],[-102.04169299960881,37.665982999692424],[-102.04170199982963,37.680436000085471],[-102.04170199982963,37.680613000123394],[-102.04170299965455,37.682900000191104],[-102.04169500015693,37.683285000212514],[-102.04168799958592,37.687283999868598],[-102.04166400019479,37.687486999944397],[-102.0416569996238,37.687514000182276],[-102.04164999995109,37.68754700030167],[-102.04160399992034,37.688393000029542],[-102.04160499974526,37.689241999936158],[-102.04162599966166,37.696699000018533],[-102.04187799955672,37.723964999932605],[-102.04187799955672,37.723975999776108],[-102.04201399999917,37.731127999982697],[-102.04215499956615,37.738541000151919],[-102.04234100023731,37.748207000172989],[-102.04219499974913,37.750031000213617],[-102.04227599993999,37.760279000300542],[-102.04228099996286,37.760295000166039],[-102.04227099991711,37.760335000169633],[-102.04225199965053,37.76040899972871],[-102.04224599980276,37.76043499972895],[-102.04222700043449,37.761557999976851],[-102.04225800039664,37.76211500009267],[-102.04230000022943,37.763898000195681],[-102.04230100005435,37.763944999665924],[-102.04230100005435,37.763962000056246],[-102.04230199987924,37.764004000001236],[-102.04231299974991,37.764426999943602],[-102.04232000032091,37.765128999797284],[-102.04232000032091,37.765139999915924],[-102.04232000032091,37.765157000031557],[-102.04234100023731,37.767306000055967],[-102.04239300011585,37.770440999647299],[-102.04243099975069,37.774526000097119],[-102.04248900037531,37.779406000247739],[-102.04253200003302,37.781882999893739],[-102.04253200003302,37.781909000154073],[-102.04266299955427,37.788762000102807],[-102.04266400027751,37.788791000178072],[-102.04269600006457,37.790437000237212],[-102.04269600006457,37.790454000215576],[-102.04282400011108,37.79711299986743],[-102.04285500007322,37.801145000026523],[-102.04287400033979,37.803525000114242],[-102.04287400033979,37.803551999929347],[-102.042860999921,37.806319999969837],[-102.042860999921,37.807042999974342],[-102.042860999921,37.807082000212212],[-102.04285900027116,37.809407000323482],[-102.04287299961656,37.810866999847875],[-102.04287599998962,37.811138999748202],[-102.04289400043126,37.812508000098198],[-102.04290899960156,37.815291000221123],[-102.04290299975379,37.81847299995701],[-102.04292299984526,37.824229000158894],[-102.04292299984526,37.824273000208798],[-102.04294799995962,37.82672200024259],[-102.04294899978454,37.826798000260595],[-102.04298399994464,37.829175999933646],[-102.04300999988392,37.832759000276845],[-102.04306400031058,37.837434999703781],[-102.04306400031058,37.837461999887665],[-102.0430860000519,37.839342999718852],[-102.0431429999533,37.843268999825121],[-102.04315200017412,37.844006999672644],[-102.04316100039496,37.844658000334128],[-102.04317399991544,37.853349000013154],[-102.04317399991544,37.853378999654304],[-102.04319499983184,37.867860000042874],[-102.04319499983184,37.867896000324514],[-102.04319400000693,37.86790999975954],[-102.04319099963389,37.867938999948421],[-102.04318499978609,37.875020000334267],[-102.04330799980974,37.884462000004881],[-102.04334499961966,37.884638999913541],[-102.04337099955895,37.88478900024819],[-102.04332399970326,37.885691000137648],[-102.04333499957393,37.886517000247082],[-102.04333799994698,37.886782000159286],[-102.04333799994698,37.886796999911759],[-102.04333899977189,37.886874000058313],[-102.04334200014495,37.88711700004793],[-102.04334600034289,37.88741799988599],[-102.04339300019855,37.891048999902921],[-102.04347199984127,37.897106999901588],[-102.0436919999493,37.914004000273607],[-102.04384500011017,37.926134000247195],[-102.04385900035388,37.926649999801086],[-102.04385199978287,37.926704999792662],[-102.04390200001158,37.927964999863036],[-102.04387400042249,37.928184000100373],[-102.04384599993509,37.928233000154748],[-102.04401800036254,37.943033999711524],[-102.04411399972369,37.951035999864779],[-102.04451499958169,37.98457499995051],[-102.04451999960455,38.000012000228132],[-102.04455200028993,38.004862000170874],[-102.04457099965819,38.01747400004264],[-102.04458099970392,38.024642999844737],[-102.04458099970392,38.024653000271428],[-102.04458300025206,38.026414000206344],[-102.04458300025206,38.026946000084493],[-102.04459999997049,38.029691000208196],[-102.04460099979541,38.029734000061104],[-102.04460800036641,38.029997999740367],[-102.04460800036641,38.030008000143717],[-102.04460800036641,38.030029000066435],[-102.04460900019133,38.030050999810548],[-102.04460900019133,38.030066999877626],[-102.04461000001623,38.030195000288288],[-102.04461000001623,38.030230999655899],[-102.04461500003912,38.030802000075141],[-102.04466199989479,38.035953999794486],[-102.04468600018423,38.039010000070576],[-102.04470799992554,38.041256999881341],[-102.04465799969681,38.044532999816461],[-102.04465500022209,38.044732000141693],[-102.04464600000125,38.045419999917677],[-102.04464400035143,38.045532999773847],[-102.04464400035143,38.045567999769005],[-102.04462500008485,38.047784000082736],[-102.04462300043504,38.047998000165045],[-102.04462400025996,38.048047999783407],[-102.04457400003125,38.055051000337833],[-102.04457200038139,38.055508000312606],[-102.04456999983327,38.055613000087874],[-102.04456900000835,38.055645999844629],[-102.04456900000835,38.055671999706846],[-102.04456800018343,38.055834999965562],[-102.04456800018343,38.055856999738367],[-102.04456800018343,38.055896999951337],[-102.04456700035854,38.056058000056936],[-102.04456399998547,38.056474000060696],[-102.04455899996262,38.057185000074618],[-102.0445580001377,38.057321999818839],[-102.0445580001377,38.057341000072888],[-102.04455700031281,38.05736999981827],[-102.04455700031281,38.05740200003617],[-102.04455599958956,38.057541999852432],[-102.04455300011485,38.057948999939391],[-102.04454999974179,38.058411999679336],[-102.04454800009196,38.058684999832131],[-102.04454700026704,38.05881700030244],[-102.04454700026704,38.058863999887301],[-102.04453300002335,38.060917999663673],[-102.04452999965029,38.061282999779706],[-102.0445229999776,38.062504000145275],[-102.04451999960455,38.062729999984263],[-102.04451999960455,38.062751999806132],[-102.04451899977964,38.062783999792437],[-102.04451899977964,38.062795000049697],[-102.04448299979464,38.0653740001922],[-102.04447899959668,38.068560000039611],[-102.04442900026628,38.075055000165015],[-102.04427100008253,38.109440999838014],[-102.04425799966373,38.11294600005197],[-102.04427399955726,38.128588999924766],[-102.04428699997605,38.129403999693061],[-102.04428699997605,38.134439999972834],[-102.04427000025761,38.138049000341674],[-102.04425099999104,38.141777999916343],[-102.04436800016691,38.144372000134027],[-102.04438099968738,38.144497000057569],[-102.04440699962664,38.146193999848222],[-102.04439499993109,38.150078000254481],[-102.04440499997683,38.155306000081126],[-102.04440499997683,38.156740000325911],[-102.04440499997683,38.156854000019088],[-102.04440499997683,38.156868999686658],[-102.04440599980174,38.158842000169386],[-102.04440599980174,38.158862999836899],[-102.04440599980174,38.158873999761262],[-102.04441500002257,38.1598960001336],[-102.04440400015193,38.16016099993859],[-102.04439699958091,38.161161000070173],[-102.04438599971026,38.166681000165603],[-102.04437599966451,38.169666999938087],[-102.04434399987746,38.17278299972071],[-102.04432399978599,38.174283999871733],[-102.04430700006753,38.17555899970538],[-102.04429799984671,38.181499000150879],[-102.04430000039484,38.187439999810067],[-102.04431899976311,38.193091999997471],[-102.04431899976311,38.193590999968507],[-102.04432499961088,38.196149000048941],[-102.04436300014403,38.201646000198529],[-102.04436200031913,38.201898000293703],[-102.0443609995959,38.202350999784237],[-102.0443609995959,38.202569000226809],[-102.0443609995959,38.20275699981228],[-102.04435700029624,38.20441499976765],[-102.04436300014403,38.210823999658615],[-102.04442000004543,38.217192999759881],[-102.04442199969527,38.217641999713202],[-102.04442199969527,38.21768699998799],[-102.04442199969527,38.217749000242634],[-102.04442500006832,38.218491999810439],[-102.04442500006832,38.218509999713469],[-102.04444199978674,38.221559000026225],[-102.04448199996972,38.224649999827847],[-102.04445699985537,38.22719300025522],[-102.04446299970314,38.231257999878622],[-102.04446299970314,38.231333999823633],[-102.04449000036566,38.23160099995718],[-102.04448100014481,38.232833000176313],[-102.04451799995472,38.232869999813076],[-102.04447000027416,38.232930000080437],[-102.0444669999011,38.233661000056202],[-102.04445199983249,38.234148000238882],[-102.04445299965741,38.234321000151894],[-102.04448600016767,38.239050000146918],[-102.04445000018268,38.244694999786418],[-102.04478999994132,38.249028000275977],[-102.04479599978909,38.249975999823867],[-102.04479499996417,38.2500650002047],[-102.04479499996417,38.250289999769876],[-102.044832999599,38.261283000066612],[-102.0448250001014,38.26203999965238],[-102.04478499991842,38.262248000046696],[-102.04452999965029,38.26237800034346],[-102.04446400042637,38.262411999937761],[-102.04446500025128,38.262474000152807],[-102.04448799981749,38.263007999950943],[-102.04447199992399,38.265032000188071],[-102.04445199983249,38.267467999715642],[-102.04447500029704,38.268749000112912],[-102.04449000036566,38.273702999811363],[-102.04451200010695,38.275651000258001],[-102.04452499962743,38.276999999833926],[-102.04452499962743,38.277053999802305],[-102.0445229999776,38.283116000069263],[-102.0445580001377,38.283161999904543],[-102.04458400007698,38.2831759997567],[-102.04458499990187,38.283199000011543],[-102.04458499990187,38.283217000113936],[-102.04459199957458,38.283514000101391],[-102.04461099984115,38.285909999815203],[-102.04460599981829,38.287536000134587],[-102.0445990001456,38.287760000164297],[-102.04458900009983,38.288639999883678],[-102.04460400016845,38.289227000049799],[-102.0445869995517,38.28973200006795],[-102.04458599972679,38.289933999937382],[-102.04459099974966,38.289978999887602],[-102.04460699964319,38.290512000011162],[-102.04459400012271,38.290633000291685],[-102.04458300025206,38.290820000200192],[-102.04457400003125,38.29142700009298],[-102.04452600035064,38.291712000258812],[-102.04452200015268,38.291771000121095],[-102.04451700012983,38.293007000286053],[-102.04453200019844,38.295343000207922],[-102.04452899982539,38.296886999982497],[-102.04450999955881,38.297637000025844],[-102.04451700012983,38.297820999745156],[-102.04454100041926,38.298409999736009],[-102.04450000041139,38.302350000303662],[-102.04443900031202,38.304351999798378],[-102.04445299965741,38.304619999821945],[-102.04446799972602,38.305698000173393],[-102.04440099977887,38.306095000153235],[-102.04440400015193,38.306128000147851],[-102.04442000004543,38.306162999976195],[-102.04443599993897,38.306181000022292],[-102.04448299979464,38.306235000133917],[-102.04450799990899,38.306281000118901],[-102.04452200015268,38.306336999999999],[-102.04453300002335,38.306680000266823],[-102.0445370002213,38.309302999734506],[-102.04451600030491,38.311168999817752],[-102.04452700017556,38.311654000288414],[-102.04453300002335,38.311710000250123],[-102.04455499976466,38.311784000233942],[-102.04458099970392,38.31183600000589],[-102.04459400012271,38.311851999657129],[-102.04461199966606,38.312324000115581],[-102.04452399980251,38.349173999864526],[-102.04452399980251,38.349416000335403],[-102.04452600035064,38.349526000282104],[-102.04464400035143,38.354909999658254],[-102.04466000024496,38.355473999655835],[-102.04467600013848,38.356183999861251],[-102.0449459995769,38.384358000082536],[-102.044944999752,38.384431999811063],[-102.04492300001068,38.384443000125806],[-102.04485900043659,38.384514999968367],[-102.04485000021575,38.384524999667015],[-102.04480400018501,38.384635999679261],[-102.04483799962188,38.392009999901113],[-102.04482699975122,38.392779999875138],[-102.04483599997207,38.392829999681418],[-102.04487000030724,38.3930350002857],[-102.04489200004855,38.393165999735558],[-102.04490899976699,38.393209999895284],[-102.04492100036086,38.393260000108249],[-102.04492700020865,38.393314000102279],[-102.04492499966051,38.393800000346097],[-102.04492100036086,38.394879000231747],[-102.04490999959188,38.396129999862985],[-102.04489799989634,38.397525999997775],[-102.04490899976699,38.398759000016689],[-102.04488399965263,38.398863999687308],[-102.04485199986557,38.402273000097722],[-102.04483000012426,38.403862000210971],[-102.0448259999263,38.404125000096265],[-102.0448250001014,38.404272000225461],[-102.04480400018501,38.419676000294047],[-102.04479300031434,38.41997400007827],[-102.04477700042082,38.42043000016929],[-102.04477800024573,38.42052599978458],[-102.04479499996417,38.420576000105591],[-102.04489100022363,38.420726000157003],[-102.04491600033801,38.42078000004296],[-102.04493999972912,38.420899000092263],[-102.04494700030014,38.42096099993978],[-102.04496200036876,38.422090999823581],[-102.04497700043734,38.427952000215924],[-102.04479499996417,38.436569000002528],[-102.04479300031434,38.436622000122547],[-102.04476700037509,38.439023000132345],[-102.04474599956036,38.439544999717398],[-102.04472499964396,38.440622999983034],[-102.04472800001702,38.441346000039388],[-102.04477300022286,38.44248100009716],[-102.04479099976621,38.443202000253791],[-102.04482099990344,38.445095000344935],[-102.04482299955326,38.44708900031997],[-102.04481500005565,38.448085999698328],[-102.0448109998577,38.448649000193043],[-102.04491499961476,38.45137900007991],[-102.04495300014791,38.453569000331107],[-102.04495399997282,38.453635999907668],[-102.04500500002645,38.457259000106525],[-102.04500500002645,38.457278999772207],[-102.04500500002645,38.45729200014982],[-102.04500599985137,38.457337999843901],[-102.04500599985137,38.45736199997846],[-102.04505199988212,38.460822000309605],[-102.0450300001408,38.460912000295252],[-102.04499599980561,38.46172099979804],[-102.04498999995783,38.461874000191415],[-102.04499599980561,38.46189299974867],[-102.04500099982849,38.462948999665777],[-102.04500500002645,38.463754000100593],[-102.04502500011795,38.468149999674694],[-102.04504299966129,38.468526999979169],[-102.04504299966129,38.468550999907563],[-102.04504100001145,38.468656000115836],[-102.04502000009506,38.470448000073539],[-102.04500800039951,38.472192000286491],[-102.04500800039951,38.472314999649498],[-102.04498499993497,38.484794000303133],[-102.04497499988922,38.485705999964573],[-102.04497499988922,38.48573799974308],[-102.0449949999807,38.487487999923374],[-102.04500199965339,38.489108000064633],[-102.04501099987424,38.490414999759615],[-102.0450150000722,38.490992000089399],[-102.04500800039951,38.491421999716401],[-102.04500800039951,38.491439000273516],[-102.04500800039951,38.491461999780128],[-102.04500800039951,38.491483000332053],[-102.04500099982849,38.492043999953559],[-102.04501099987424,38.493259999751608],[-102.04499599980561,38.494290000032663],[-102.04499699963053,38.494453999952626],[-102.04500300037662,38.496092000188838],[-102.04501000004933,38.499945000350628],[-102.04501000004933,38.500244999948983],[-102.04501099987424,38.500595000127475],[-102.0450150000722,38.503049000220038],[-102.04502900031591,38.504108000134309],[-102.04502299956978,38.505402999961241],[-102.04502099991997,38.505786000022653],[-102.04501199969916,38.506238000011322],[-102.04503599998858,38.509086000190393],[-102.04504500020941,38.510225999866741],[-102.04501900027014,38.511859000110306],[-102.04503400033876,38.513684000190189],[-102.04503099996572,38.514386000084656],[-102.04500099982849,38.518047999984496],[-102.04500099982849,38.519307999990261],[-102.04497599971414,38.520958000080029],[-102.0449799999121,38.52268800020277],[-102.04500400020154,38.523788999976894],[-102.04500400020154,38.52383600018856],[-102.04500300037662,38.523886999979837],[-102.04499599980561,38.52503399975329],[-102.0449799999121,38.526530000092116],[-102.0449239998356,38.528687999678205],[-102.0449170001629,38.529239999701637],[-102.04491600033801,38.529294999892144],[-102.04490999959188,38.534309000154629],[-102.04488299982771,38.558689999722418],[-102.04487299978197,38.560003999897873],[-102.04487899962974,38.560622000126422],[-102.0448960002465,38.562497000044274],[-102.04489299987345,38.563993999772457],[-102.04490299991922,38.56536500032206],[-102.04488799985059,38.566393999866591],[-102.04490100026938,38.566687000055417],[-102.04493100040659,38.566960999812586],[-102.04495599962263,38.567122000100333],[-102.04497800026228,38.567261000337787],[-102.04499599980561,38.567619999984949],[-102.04517800027882,38.577141999670786],[-102.04514200029381,38.5860019997385],[-102.04514800014158,38.586389000159407],[-102.04514200029381,38.587518999876174],[-102.04514599959346,38.58827800015731],[-102.04515099961631,38.588346999912666],[-102.04516599968493,38.588414999718708],[-102.04524799970069,38.588678999966049],[-102.04525299972357,38.588746000281304],[-102.04524400040106,38.589273000308815],[-102.04524000020309,38.589954999765517],[-102.04525299972357,38.591620000059912],[-102.04523500018021,38.594025000266193],[-102.04524199985291,38.595864999763023],[-102.04522099993652,38.597451999921745],[-102.04521699973856,38.59927199978474],[-102.0452059998679,38.60068000021333],[-102.0451640000351,38.601700999654383],[-102.04508899969204,38.602077999962304],[-102.04507399962343,38.602453000318789],[-102.04509500043814,38.609360000072158],[-102.04513200024807,38.610989999875152],[-102.04510999960844,38.614642000135007],[-102.04508200001935,38.615172000191663],[-102.04479199959113,38.615339999861099],[-102.04498800030801,38.625009000178075],[-102.04496999986637,38.625447000155532],[-102.04496999986637,38.625457000143022],[-102.04497300023939,38.625530000219882],[-102.04497300023939,38.625542999696997],[-102.04497499988922,38.625606999787799],[-102.04498099973699,38.62578400015812],[-102.04509999956269,38.629302999709502],[-102.0451139998064,38.629702999768504],[-102.04511499963132,38.629732000042168],[-102.0451139998064,38.633389000190689],[-102.0451139998064,38.634084000067688],[-102.0451139998064,38.635703000205396],[-102.04511299998148,38.639169999940371],[-102.04510999960844,38.65177699992401],[-102.04510899978352,38.654305000231432],[-102.04510899978352,38.654339999771366],[-102.04512399985214,38.654648999697876],[-102.04511299998148,38.657051000342683],[-102.04513200024807,38.658452999730422],[-102.04515200033954,38.658498999945884],[-102.04520699969281,38.65855700032786],[-102.04520699969281,38.65861300004736],[-102.04519199962421,38.659702000030755],[-102.04518699960133,38.660063000213242],[-102.04518199957847,38.660440999868705],[-102.04518099975354,38.66050700022744],[-102.04518099975354,38.660540999963423],[-102.04518099975354,38.660560999965611],[-102.04517999992864,38.6606299996497],[-102.04513899992075,38.663846999814616],[-102.04513800009585,38.663881000069182],[-102.04513800009585,38.66389100030603],[-102.04512200020231,38.6653150002739],[-102.04507500034666,38.66956100018637],[-102.04507399962343,38.669616999717583],[-102.04508000036951,38.67041800010449],[-102.04510200011083,38.67494600022539],[-102.04515999983715,38.675220999848442],[-102.04515800018733,38.683249000053763],[-102.04512700022519,38.686725000149096],[-102.04515599963919,38.688555000036828],[-102.04515700036242,38.688742000154043],[-102.04521199971568,38.697566999684504],[-102.04521000006585,38.704462000297973],[-102.04521000006585,38.704519999893868],[-102.04528000038607,38.718841999733094],[-102.04531499964784,38.726170999863825],[-102.04531499964784,38.726288000288079],[-102.04539500001378,38.742217000260638],[-102.04530299995228,38.750009000000539],[-102.04537499992232,38.754338999667098],[-102.04528700005876,38.755321999827345],[-102.04528700005876,38.755504999724344],[-102.04528700005876,38.755528000160517],[-102.04535599965573,38.770104999803095],[-102.04535599965573,38.775769999842161],[-102.04538499996805,38.783351999939725],[-102.04533399991442,38.799014000156596],[-102.04533399991442,38.799028999816613],[-102.04533399991442,38.799463000047993],[-102.04544500024249,38.812657999675984],[-102.04544000021963,38.812768000078862],[-102.04540599988445,38.81281499996372],[-102.04539800038684,38.812936000060802],[-102.0454309999988,38.813356999924842],[-102.04547299983159,38.813666000080438],[-102.04539500001378,38.825972000167411],[-102.0453959998387,38.826025000125938],[-102.04539800038684,38.828703000303825],[-102.04539699966361,38.829050999838699],[-102.04539900021175,38.830683000129831],[-102.04539900021175,38.830803999958647],[-102.04540900025749,38.842785000037487],[-102.04535099963286,38.856896999688658],[-102.04536900007453,38.857566000160951],[-102.04536900007453,38.858064000278581],[-102.04536900007453,38.858196999969941],[-102.04555099964941,38.870571000215762],[-102.04555300019753,38.870634999941892],[-102.04555499984737,38.870766999763298],[-102.04558300033477,38.872996000324115],[-102.04557699958866,38.873296000152969],[-102.04545799976297,38.875007000110905],[-102.0456000000532,38.886260999929974],[-102.04575999988677,38.917221999889598],[-102.0458679998418,38.93872499983128],[-102.04604199991908,38.97321400024321],[-102.04604199991908,38.974389999698076],[-102.04604600011704,38.981775999809429],[-102.04628200011859,39.00000399968021],[-102.04642400040882,39.01696100014923],[-102.04639799957123,39.017958999946629],[-102.04648600033309,39.032768000003138],[-102.04653499983858,39.040978999910756],[-102.04654300023451,39.042223999685575],[-102.0465709998236,39.047038000053824],[-102.04664899964139,39.06021099983014],[-102.04665600021241,39.061374999909631],[-102.04674099970291,39.075627000179566],[-102.04690800010748,39.103929999866047],[-102.0469089999324,39.104197999807845],[-102.04692700037405,39.107046999692891],[-102.04701199986455,39.121246999776268],[-102.04710499975097,39.125001999813151],[-102.04713400006328,39.12970099990266],[-102.04716099982747,39.133146999863918],[-102.0471909999647,39.136858999835404],[-102.04725000041424,39.137020000144723],[-102.04724600021629,39.139379000176298],[-102.04726299993473,39.143912999694855],[-102.04727700017843,39.147723000090437],[-102.04730499976752,39.148121999704692],[-102.04730599959242,39.148280000229285],[-102.04761799976197,39.198665999665934],[-102.04771700039448,39.214688000128106],[-102.04775099983135,39.220289999905297],[-102.04783799987,39.234106999908285],[-102.04784100024303,39.234582000265966],[-102.04801699997012,39.243047000222923],[-102.04807399987153,39.249994000056979],[-102.04790099961917,39.253122000023538],[-102.04822000035973,39.274139000022473],[-102.04852999998113,39.302915999892591],[-102.04853900020196,39.305653999689923],[-102.04855699974529,39.306756999755542],[-102.04856299959309,39.307088000022183],[-102.04856099994325,39.307420999855175],[-102.04856099994325,39.307483999682894],[-102.04854699969955,39.309291999741163],[-102.04855699974529,39.310619999749427],[-102.04855500009548,39.311706999658391],[-102.04856199976818,39.312514000166182],[-102.04856000011834,39.314214999849248],[-102.04858299968457,39.315181999925208],[-102.04857900038493,39.315616000034801],[-102.04859100008049,39.316869999687256],[-102.04858500023271,39.317205999769683],[-102.04858600005761,39.317332999895626],[-102.0486139996467,39.320357999701784],[-102.04861299982178,39.320979999674378],[-102.04863700011124,39.322320000289778],[-102.04863100026346,39.323013999900581],[-102.04863600028632,39.323529999834207],[-102.04867300009624,39.326957000184933],[-102.04867399992116,39.32781499965354],[-102.04867399992116,39.327895000008525],[-102.04867899994404,39.329540000178852],[-102.04867899994404,39.329551999698765],[-102.04868099959386,39.329840000065523],[-102.0486610004007,39.331258999883033],[-102.04866700024847,39.331502000288346],[-102.04867300009624,39.331728999832535],[-102.04867399992116,39.331777999741519],[-102.04867599957099,39.331875000282501],[-102.04867800011912,39.331951999863982],[-102.04868099959386,39.332093999691054],[-102.04868800016487,39.332259000258155],[-102.04869300018774,39.332380000287628],[-102.04869499983755,39.332425000296816],[-102.04869599966247,39.332445000291649],[-102.04869599966247,39.332463999725526],[-102.04869700038569,39.332485000264064],[-102.04870599970822,39.332702999989593],[-102.04872300032497,39.333125000185134],[-102.04873400019562,39.334224000010821],[-102.04874900026424,39.33572199971799],[-102.04876599998266,39.3363869998594],[-102.04875099991406,39.336570999729958],[-102.04876599998266,39.338127000296261],[-102.04876299960962,39.339238999708385],[-102.04877500020349,39.339522000284475],[-102.04877199983046,39.339854999971351],[-102.04882600025712,39.345366000101642],[-102.04882999955677,39.347707000239481],[-102.04887200028789,39.35067299980205],[-102.0488530000213,39.350764000152104],[-102.04882799990696,39.350823999661614],[-102.04878500024923,39.350880000037229],[-102.04884200015064,39.350931000303035],[-102.04888399998345,39.351010000314389],[-102.04888599963327,39.351591999808385],[-102.04888599963327,39.351692000092754],[-102.04890099970189,39.355707000250682],[-102.0489300000142,39.359794000311901],[-102.0489300000142,39.359827000159228],[-102.04895599995346,39.362785000303404],[-102.04895900032652,39.363090999898382],[-102.04896599999921,39.363871999920953],[-102.04896699982413,39.364026000039118],[-102.04896699982413,39.364042000302469],[-102.04897000019717,39.364398000006027],[-102.04897799969477,39.365295000256815],[-102.04897799969477,39.365322999859316],[-102.04904600036515,39.373130999885738],[-102.04903899979415,39.373431000168772],[-102.04905200021294,39.373990999840601],[-102.04908800019795,39.374086000207356],[-102.04910400009146,39.374207000041395],[-102.04920399965059,39.374988000048553],[-102.04920200000078,39.375615999674395],[-102.04917900043455,39.394063999655863],[-102.04915799961984,39.403474999909704],[-102.04913099985566,39.403492999925653],[-102.04907999980203,39.403525999942836],[-102.04903100029654,39.403708999754862],[-102.04903100029654,39.403754999863452],[-102.0490639999085,39.408409999678838],[-102.04906599955832,39.408534000174363],[-102.04907999980203,39.409680999857407],[-102.04907899997711,39.418057000150057],[-102.04911999998501,39.418192999707003],[-102.04921000039668,39.418251000223215],[-102.04922499956699,39.418260999732993],[-102.04924899985642,39.418266999854538],[-102.04937100005517,39.418296999760713],[-102.04937100005517,39.418343999980927],[-102.04936400038248,39.423333000073121],[-102.04945499972075,39.443239000179034],[-102.04950599977438,39.465342999795496],[-102.04944700022315,39.466532000193851],[-102.04959399963793,39.467034999900868],[-102.04959199998811,39.471252999996416],[-102.04957199989661,39.471252999996416],[-102.04942700013166,39.471295000094678],[-102.04936699985721,39.471354999992833],[-102.0493590003596,39.471386999824936],[-102.04934099991793,39.471462000283879],[-102.04940600021527,39.478819999888813],[-102.04943399980436,39.480786000295133],[-102.04943399980436,39.480799999799011],[-102.04950300029964,39.485037000319153],[-102.04950300029964,39.485061999735564],[-102.0495359999116,39.487098999743701],[-102.04967499982877,39.495598999756744],[-102.04967599965369,39.495666000168363],[-102.04973199973018,39.499995000187852],[-102.04974900034695,39.500133999866151],[-102.04975099999676,39.500154000325622],[-102.04975299964657,39.500169999857192],[-102.04976900043842,39.500298000136482],[-102.0497679997152,39.500331000051155],[-102.04956799969865,39.505796999794995],[-102.0495839995922,39.506082000250103],[-102.04956500022394,39.506191000078637],[-102.04961600027754,39.521756999794569],[-102.04967300017896,39.536578999768174],[-102.04965399991238,39.536634000224957],[-102.04964499969155,39.536658999788344],[-102.04963899984376,39.536735000207088],[-102.04962399977516,39.536915000064752],[-102.04966999980591,39.538755999838813],[-102.04959399963793,39.538859999910635],[-102.04955199980513,39.538895000252857],[-102.04963999966868,39.548951999940094],[-102.04975500019472,39.562349999792232],[-102.04976400041555,39.568179999879234],[-102.04980600024834,39.57405800020986],[-102.04992500007404,39.590478999902238],[-102.04995400038635,39.592330999786107],[-102.04997199992971,39.59262600019882],[-102.04999200002119,39.592966999711273],[-102.05004300007481,39.593816999829137],[-102.05018799983976,39.606144000015739],[-102.05024599956609,39.611014999818231],[-102.05024599956609,39.611198000035515],[-102.05025999980978,39.615756999926923],[-102.05027599970332,39.620672000313277],[-102.05028999994701,39.624994000141925],[-102.05026900003061,39.625433999982555],[-102.05028300027432,39.633465000134869],[-102.0502969996197,39.640952999683634],[-102.05041799999354,39.645896000108252],[-102.05041899981846,39.645934999804112],[-102.05042200019149,39.646048000022439],[-102.05030800038868,39.646237000109622],[-102.05024499974118,39.646345000223874],[-102.05017899961894,39.649708999967203],[-102.05015900042577,39.650758000124561],[-102.05010800037215,39.65334299985394],[-102.05010499999909,39.653476000255466],[-102.05009900015131,39.653811999766098],[-102.05009499995336,39.65402899976359],[-102.05010199962605,39.65414700032413],[-102.05011400021992,39.654349000101],[-102.05014199980901,39.654819000180233],[-102.05016299972542,39.65516999976478],[-102.05018700001484,39.655572000226364],[-102.05028300027432,39.657183000258833],[-102.05050099983423,39.660820000017878],[-102.05050500003219,39.660880000047634],[-102.05050800040522,39.660936000074493],[-102.05050800040522,39.661118999660616],[-102.0505350001694,39.670723000095265],[-102.05058299984996,39.674658999928191],[-102.05059299989573,39.675496999977369],[-102.05059399972063,39.67559399971185],[-102.05059799991859,39.67644700007888],[-102.05059799991859,39.676566000150309],[-102.05066599969066,39.690770999673113],[-102.05066700041387,39.691058999740953],[-102.05069500000297,39.696940000220955],[-102.05074500023167,39.707538999839535],[-102.05064200029952,39.719089999803941],[-102.05068199958417,39.723194000088192],[-102.0508659997072,39.741793999836624],[-102.05095199992093,39.749993000296456],[-102.05095600011889,39.750927000263708],[-102.05095600011889,39.751023000283631],[-102.0510070001725,39.761572000157614],[-102.0510070001725,39.761599999734372],[-102.05102300006604,39.764827999708693],[-102.05112799964802,39.790202999984501],[-102.05112799964802,39.790294999732566],[-102.05119100029553,39.80465000014712],[-102.05125400004471,39.818992000299154],[-102.05125400004471,39.819013999995164],[-102.0512819996338,39.825216999903112],[-102.05129699970242,39.828774000108417],[-102.05131799961882,39.83331499985885],[-102.05136299982466,39.843441999684011],[-102.05136299982466,39.843459000015073],[-102.05136299982466,39.843470999840498],[-102.05136899967245,39.843510000293264],[-102.05142999977181,39.843903999840414],[-102.05144700038856,39.844014999840262],[-102.05146699958173,39.844973999674053],[-102.05146800030496,39.845021999973234],[-102.05146900012986,39.845080000318724],[-102.05146900012986,39.845090999784169],[-102.05146999995478,39.845142000229522],[-102.05147199960462,39.845250000074003],[-102.05147199960462,39.845269000105695],[-102.05151699981045,39.847535999686997],[-102.05162800013852,39.847650000140661],[-102.05166599977335,39.847689000288668],[-102.05166400012354,39.847724000261174],[-102.05156899968897,39.849805000290367],[-102.05150500011487,39.857456000334679],[-102.05150500011487,39.857508999660674],[-102.05148800039645,39.8594830000767],[-102.05146800030496,39.861890999724586],[-102.05139100031205,39.87098199985811],[-102.05135699997687,39.874991000333111],[-102.05136399964957,39.876591999882869],[-102.0513660001977,39.876994000145395],[-102.05141600042641,39.888088000261902],[-102.05141600042641,39.88815600005929],[-102.05141700025133,39.888381999955456],[-102.05144099964245,39.893561000323622],[-102.05149500006914,39.905295999979465],[-102.05150400028997,39.907206999736864],[-102.05147300032782,39.908101000064143],[-102.05148900022137,39.912470999998384],[-102.05148900022137,39.912547999829776],[-102.05151500016062,39.920216999734492],[-102.05153000022923,39.924220999955779],[-102.05153100005415,39.924436999871617],[-102.05153199987905,39.924654000089546],[-102.05153299970397,39.92475399986003],[-102.05160200019927,39.943770999733694],[-102.05160200019927,39.94385300025089],[-102.05161700026787,39.947934000152166],[-102.05162800013852,39.950943999999232],[-102.05162800013852,39.95099999978239],[-102.05162800013852,39.951035999963047],[-102.0516330001614,39.952359999720187],[-102.05164200038223,39.95493099988051],[-102.05166400012354,39.961095999837212],[-102.05166499994846,39.961310000218504],[-102.05170799960615,39.973387999724231],[-102.05170900032938,39.973646999815671],[-102.05172000020004,39.978160000044852],[-102.05172600004782,39.978175000302649],[-102.05172600004782,39.978270000023244],[-102.05172600004782,39.978344000272052],[-102.05172799969765,39.978807999782212],[-102.05175399963692,39.984864999740537],[-102.051752999812,39.984891999755284],[-102.05174899961403,39.984908000013959],[-102.05172000020004,39.985152999806907],[-102.05172100002494,39.985361000017583],[-102.05172100002494,39.98541099995392],[-102.05175600018504,39.995984000078238],[-102.05176500040587,39.998680000312653],[-102.05176899970552,39.999989999789882],[-102.05176000038301,40.00019200028111],[-102.05174100011644,40.000606000258522],[-102.05174399959115,40.003078000298821],[-102.05175899965978,40.013985999994922],[-102.05175899965978,40.014002000317838],[-102.05175799983486,40.014100999824187],[-102.05175799983486,40.014123999904406],[-102.05175899965978,40.014430999664292],[-102.05175899965978,40.014738000107243],[-102.05175899965978,40.014896999677276],[-102.05176000038301,40.015260999859819],[-102.0517739997284,40.026394999701971],[-102.05178899979701,40.037591000215187],[-102.05179100034515,40.039529999727442],[-102.05179100034515,40.039621000112845],[-102.05181800010932,40.060708000300657],[-102.05181800010932,40.06106199992572],[-102.05181800010932,40.06124299979637],[-102.05181399991137,40.061259000035314],[-102.05181899993423,40.061658999974682],[-102.05182300013219,40.064531999817163],[-102.05182399995711,40.064814999795686],[-102.05182399995711,40.064893999890778],[-102.05181499973627,40.065629000256706],[-102.051824999782,40.065652000149555],[-102.05182700033016,40.066872000134019],[-102.05182899997997,40.068523999781526],[-102.05182999980489,40.068768999874514],[-102.05182999980489,40.068798000194796],[-102.05182999980489,40.069039999944238],[-102.05182999980489,40.069053999926155],[-102.05183200035302,40.069539999970097],[-102.05183200035302,40.06960500021944],[-102.05183200035302,40.069664999918672],[-102.05183200035302,40.069949999658611],[-102.05183200035302,40.070066999770987],[-102.05183200035302,40.070217999848111],[-102.0518580002923,40.088528999741456],[-102.05182599960693,40.111687000041897],[-102.05182599960693,40.112065999782033],[-102.05182599960693,40.112175000023214],[-102.0518380002008,40.124990999679923],[-102.05190099994999,40.134108999857325],[-102.05190199977491,40.134221999682737],[-102.05190199977491,40.134246999697758],[-102.05190199977491,40.134270999731008],[-102.05190299959982,40.134381000060991],[-102.0519710002702,40.148208999826103],[-102.05197200009511,40.148349000087201],[-102.05192299969131,40.148386000323782],[-102.05184999989639,40.148471999960712],[-102.05179800001784,40.148555999964067],[-102.05176600023078,40.148684000325296],[-102.05174299976626,40.149442999684005],[-102.05174399959115,40.153057000026756],[-102.05171299962902,40.154373999684566],[-102.051724000398,40.156141000055761],[-102.05173100007069,40.157585000067485],[-102.05178299994922,40.159054000078385],[-102.05177899975125,40.159360999819533],[-102.05176500040587,40.160501000063419],[-102.05176299985774,40.160635999719041],[-102.05172199984986,40.162163999900308],[-102.05172100002494,40.162220000066007],[-102.05173500026865,40.162282999853979],[-102.05179399981988,40.162422999936204],[-102.05191099999575,40.162602000258225],[-102.05172100002494,40.174633000033708],[-102.05172100002494,40.174651999889925],[-102.05165300025287,40.178873000336068],[-102.05177899975125,40.182618999704381],[-102.05177999957617,40.182643999750518],[-102.0518580002923,40.184597000111239],[-102.05186800033803,40.185409000016826],[-102.05183499982778,40.191128000263539],[-102.05183300017794,40.191410999993607],[-102.05183300017794,40.191463000091993],[-102.05183300017794,40.191619000148009],[-102.05196799989714,40.201351000090973],[-102.0519710002702,40.201521999873485],[-102.05191900039166,40.20568699980209],[-102.05188400023157,40.208672999692041],[-102.05188099985853,40.20886499989988],[-102.05170699978125,40.212553000118227],[-102.0517670000557,40.213338000003887],[-102.05180200021579,40.21379399969296],[-102.05184200039876,40.214310000117599],[-102.05190599997287,40.215156000009436],[-102.05193299973705,40.217428000308075],[-102.05183599965267,40.218642999878575],[-102.05163999983409,40.223282000292663],[-102.05161300006992,40.22399199972498],[-102.05164499985695,40.22577999999983],[-102.05177700010144,40.227356000227999],[-102.05160999969686,40.227892000245802],[-102.05161600044296,40.228491000170699],[-102.05149500006914,40.229248000064253],[-102.05154100009989,40.229399999816543],[-102.05157299988694,40.230265999874398],[-102.05157100023712,40.231031999775503],[-102.05157000041221,40.232385000126129],[-102.05155899964323,40.232908000164841],[-102.0515770000849,40.233470999725789],[-102.0515200001835,40.234849999901876],[-102.05154199992479,40.235284999785918],[-102.05172600004782,40.242564999711263],[-102.05167900019215,40.249991999732458],[-102.0516680003215,40.253649000081879],[-102.05165300025287,40.259515999848027],[-102.051640999659,40.264028999764435],[-102.05163900000917,40.264868999729885],[-102.05163700035936,40.26586000029323],[-102.05163399998632,40.267043999934828],[-102.05160100037435,40.280558999718643],[-102.05159800000131,40.282093000204817],[-102.05151199978758,40.29795100021768],[-102.05150900031283,40.298501000244705],[-102.0514990002671,40.300492999861163],[-102.05144800021347,40.310216000221885],[-102.05144900003839,40.312207000228618],[-102.05144599966533,40.312731999970147],[-102.05138999958885,40.322213000317994],[-102.05138999958885,40.32224199997961],[-102.05138399974106,40.322390999910276],[-102.05138000044143,40.322490999867732],[-102.05130900029629,40.338381000272499],[-102.05158600030572,40.34921299982171],[-102.05179700019292,40.36000299993826],[-102.05179800001784,40.360069000144854],[-102.0515550003436,40.374995000191369],[-102.05155399962037,40.375118999823805],[-102.05144400001551,40.393027000011379],[-102.05146900012986,40.393054999759102],[-102.05147199960462,40.393067000136114],[-102.05148699967322,40.393128000195055],[-102.05151299961248,40.393655000253972],[-102.05151299961248,40.393679000107831],[-102.05151299961248,40.393710000333989],[-102.05151299961248,40.393789999748286],[-102.05151699981045,40.393874000057167],[-102.05151500016062,40.394377999710272],[-102.05150500011487,40.394920999855174],[-102.05147499997764,40.396560000037248],[-102.05148400019849,40.397404000210031],[-102.05162800013852,40.410894999845432],[-102.05162899996344,40.411003999843608],[-102.05162999978835,40.411036000292711],[-102.05162999978835,40.411047000208448],[-102.05162999978835,40.411062000090688],[-102.05153000022923,40.418161999877249],[-102.05152900040433,40.418421999963812],[-102.05152900040433,40.418440999783428],[-102.05146499993189,40.440008000196457],[-102.05146900012986,40.442811999668706],[-102.0514990002671,40.449852999684197],[-102.05148699967322,40.453016999805222],[-102.05148800039645,40.453385000122559],[-102.05148800039645,40.453623999854734],[-102.0514850000234,40.454789000043355],[-102.05148400019849,40.455030000293931],[-102.05150900031283,40.465508000182034],[-102.05138100026632,40.48129899984788],[-102.05138100026632,40.481357999907821],[-102.0513229996417,40.483884999867605],[-102.05127400013619,40.486269999886822],[-102.05127499996111,40.486326000325683],[-102.05127599978601,40.486452999842307],[-102.05127699961093,40.486585000295648],[-102.05127900015907,40.486753000000292],[-102.0512819996338,40.487026999706252],[-102.05129300040277,40.488005999962169],[-102.05131000012121,40.488458000288233],[-102.05155399962037,40.500023000221191],[-102.05151299961248,40.519959999685895],[-102.05149400024422,40.519977999744235],[-102.05145999990903,40.520109999796844],[-102.05147499997764,40.521717999869175],[-102.05146599975681,40.522719000062942],[-102.05147499997764,40.523160999736433],[-102.05148000000052,40.523379999789455],[-102.05147599980256,40.523598000126285],[-102.05147300032782,40.523727999833078],[-102.05146300028208,40.524215000064942],[-102.05149300041933,40.525738999947187],[-102.05148699967322,40.527183000280502],[-102.05150900031283,40.527704999752594],[-102.05151500016062,40.527839999837276],[-102.05151599998554,40.527857999828051],[-102.0515279996811,40.528214999783728],[-102.05150199974183,40.528932000312693],[-102.05150599993979,40.531094999894442],[-102.05150099991691,40.531487999760174],[-102.05150900031283,40.532023999794859],[-102.05149400024422,40.533234000107896],[-102.05149500006914,40.533936999954157],[-102.05148699967322,40.534615999871527],[-102.05149000004626,40.534881999807432],[-102.05149699971895,40.535455999700233],[-102.05151199978758,40.535944000232789],[-102.05150900031283,40.536403000327056],[-102.05153899955177,40.536896999748635],[-102.05160499967398,40.537436000005115],[-102.05163099961325,40.537716999956835],[-102.05162599959039,40.537837000094612],[-102.0516199997426,40.537962000094858],[-102.05158999960537,40.538272000072212],[-102.05151799963537,40.539172999808564],[-102.05153100005415,40.541013999858158],[-102.05153000022923,40.541697000118177],[-102.05153000022923,40.541937000256226],[-102.0514990002671,40.542873999961365],[-102.05151199978758,40.54378499989101],[-102.05151900035858,40.544702000026184],[-102.05151799963537,40.545625000119934],[-102.05153199987905,40.547471999701521],[-102.05151500016062,40.548389999865755],[-102.0515200001835,40.549278000248492],[-102.05151299961248,40.54995600033407],[-102.05151099996266,40.550195000260203],[-102.05151699981045,40.551095000070326],[-102.05153000022923,40.551982000134657],[-102.0515200001835,40.552518000018772],[-102.05151799963537,40.552601000004273],[-102.05152600003127,40.552840000045848],[-102.05150400028997,40.553663000048076],[-102.05152400038146,40.554519999673197],[-102.05151500016062,40.556236999779308],[-102.05152500020638,40.556512999972746],[-102.05152299965822,40.556522000212134],[-102.0515200001835,40.556535999823787],[-102.05150099991691,40.556626000084748],[-102.05151299961248,40.55734000000632],[-102.05149000004626,40.558154999809616],[-102.0514990002671,40.559042999687101],[-102.05150900031283,40.563046000245293],[-102.05151500016062,40.563672999701197],[-102.05151599998554,40.563765999903971],[-102.05151900035858,40.564029000122829],[-102.05149699971895,40.565965999779927],[-102.05151099996266,40.566477000334665],[-102.05152299965822,40.566914999752129],[-102.05152299965822,40.566931000041102],[-102.05152699985619,40.567081999808103],[-102.05152900040433,40.567153999875309],[-102.05153100005415,40.568135000068054],[-102.05150599993979,40.569415000050888],[-102.05150400028997,40.570854000277656],[-102.05150400028997,40.570921999694832],[-102.05150400028997,40.571184999770516],[-102.05149300041933,40.572906999785225],[-102.05149699971895,40.574645999931782],[-102.05151699981045,40.576355000280543],[-102.05149300041933,40.57791500020388],[-102.05149099987118,40.578036000186678],[-102.05149000004626,40.578089999933567],[-102.05150699976471,40.579746000118185],[-102.05150799958962,40.581413999740441],[-102.05153699990193,40.581914999946889],[-102.05154299974971,40.582232000290801],[-102.05151099996266,40.583105999819985],[-102.05150599993979,40.586602999817572],[-102.05151199978758,40.588360000162069],[-102.05150699976471,40.589328000330674],[-102.05150699976471,40.589349999753054],[-102.05150299956675,40.590142000061149],[-102.05150199974183,40.591917000027678],[-102.05150500011487,40.592823999684335],[-102.05150500011487,40.592961000186698],[-102.05150699976471,40.593656999877233],[-102.05149000004626,40.597237999819406],[-102.05148900022137,40.5990250000972],[-102.05150199974183,40.600020000245543],[-102.05151299961248,40.6008479999782],[-102.05150000009199,40.602534000230719],[-102.05150099991691,40.604183999703736],[-102.05149400024422,40.605667999704828],[-102.05150400028997,40.606651000121921],[-102.05151000013775,40.608235000216176],[-102.05150599993979,40.609783999784959],[-102.05150000009199,40.610365000223979],[-102.0514990002671,40.610522000016751],[-102.05149300041933,40.611638000071615],[-102.05151599998554,40.612501000219986],[-102.05150199974183,40.613336000137195],[-102.05150099991691,40.613406999812156],[-102.05149099987118,40.614047000007986],[-102.0514790001756,40.616153999745578],[-102.05149199969608,40.616800000204123],[-102.05149500006914,40.617310000101682],[-102.05149199969608,40.617973999923386],[-102.0514850000234,40.619882999725164],[-102.0514859998483,40.620763999990068],[-102.0514859998483,40.620851999895237],[-102.05148699967322,40.622837999962535],[-102.05149300041933,40.623672000000056],[-102.05148199965035,40.62428600031474],[-102.05149099987118,40.624997000241592],[-102.05149000004626,40.625012000057801],[-102.05148900022137,40.625395999661151],[-102.05148800039645,40.625603999888028],[-102.0514850000234,40.625798000033683],[-102.05147599980256,40.626379000304169],[-102.05148699967322,40.627134999841068],[-102.05147699962747,40.627779000120427],[-102.05148000000052,40.628197999902113],[-102.05148099982543,40.628336000333526],[-102.05148099982543,40.628356999707229],[-102.05148099982543,40.628406000265457],[-102.05148199965035,40.628489999677917],[-102.05148199965035,40.628526000075539],[-102.0514850000234,40.630874999753217],[-102.0514709997797,40.631429999811857],[-102.05147499997764,40.631699999978181],[-102.05148300037358,40.632192000079748],[-102.05147599980256,40.632734000174089],[-102.0514850000234,40.633275999959302],[-102.05149000004626,40.634925999738705],[-102.05148000000052,40.635725000310103],[-102.05149300041933,40.636702000008185],[-102.05148300037358,40.637523999730568],[-102.05149599989404,40.638137000144425],[-102.0514990002671,40.639483000333044],[-102.05149599989404,40.639622999928882],[-102.05149300041933,40.639787999757274],[-102.05149500006914,40.640698999973736],[-102.05148900022137,40.641605000195348],[-102.05149300041933,40.642551999804809],[-102.0514859998483,40.643079999735988],[-102.05147599980256,40.643714000248607],[-102.0514850000234,40.644434999769061],[-102.05148000000052,40.64516800000046],[-102.0514859998483,40.646162000176467],[-102.0514859998483,40.646396999672625],[-102.0514859998483,40.646413999923112],[-102.0514859998483,40.646745000248885],[-102.05148699967322,40.649033000302225],[-102.05148300037358,40.6503029997873],[-102.05148800039645,40.650545999718688],[-102.05149400024422,40.650884000151585],[-102.0514990002671,40.651149000219107],[-102.05150000009199,40.651177999861723],[-102.05150000009199,40.651234000146488],[-102.05148199965035,40.653198999912895],[-102.05149000004626,40.654018000230579],[-102.05149000004626,40.654050000010621],[-102.0514850000234,40.655825999859736],[-102.05146599975681,40.657316000002325],[-102.05148099982543,40.657577999876622],[-102.05148000000052,40.659156000267359],[-102.05146800030496,40.659912999734388],[-102.0514790001756,40.660509000254315],[-102.05146499993189,40.661057000167673],[-102.0514859998483,40.661854999689922],[-102.05148300037358,40.66199599971722],[-102.0514709997797,40.6625580002666],[-102.05147699962747,40.663386000339464],[-102.05146599975681,40.665030999774359],[-102.05147300032782,40.665858999809807],[-102.05146300028208,40.667520999897789],[-102.0514709997797,40.668518000325335],[-102.0514709997797,40.668543999862351],[-102.05145200041143,40.669857000092158],[-102.05144599966533,40.671615000017674],[-102.05144999986329,40.672054999836412],[-102.05144999986329,40.672083999930003],[-102.05145200041143,40.672258000226506],[-102.05143899999264,40.67282400018815],[-102.05145300023635,40.673318000000478],[-102.05145099968821,40.673783000217355],[-102.05146199955885,40.674545000000677],[-102.05146599975681,40.676504999915629],[-102.05144900003839,40.677679000333306],[-102.0514580002592,40.678394000129543],[-102.05145999990903,40.679972999964754],[-102.05146999995478,40.680722999794334],[-102.05146999995478,40.683025999822846],[-102.05146999995478,40.683065000175844],[-102.05146900012986,40.683272999856428],[-102.05148300037358,40.683916000030351],[-102.05147199960462,40.684690999822877],[-102.05148199965035,40.685396000108312],[-102.05145900008412,40.686389999666666],[-102.05148199965035,40.686634000257911],[-102.05145499988616,40.687073999725015],[-102.05146900012986,40.687938000232649],[-102.05147599980256,40.68874599967863],[-102.05146300028208,40.690583000135376],[-102.051464000107,40.691578999773455],[-102.05145599971107,40.692519999761764],[-102.05145099968821,40.695558000094202],[-102.0514580002592,40.695788999907521],[-102.05146800030496,40.696118999905401],[-102.05146599975681,40.696959999709911],[-102.05145700043431,40.697538999944868],[-102.05145599971107,40.698927000339154],[-102.05144400001551,40.699844999810935],[-102.05145200041143,40.700587999685879],[-102.05145099968821,40.70112000033717],[-102.05146300028208,40.701160999825689],[-102.05146300028208,40.701408999814994],[-102.05146800030496,40.701544000107617],[-102.05146599975681,40.703613999841593],[-102.05145900008412,40.704788999817914],[-102.05145900008412,40.704847000110952],[-102.05145900008412,40.704912999983819],[-102.05145900008412,40.7049490000107],[-102.0514580002592,40.704985999715404],[-102.05145200041143,40.705863999836303],[-102.05145200041143,40.706250000030074],[-102.05145200041143,40.7062609998952],[-102.05145300023635,40.709260000092989],[-102.05145400006124,40.709454000131593],[-102.05146499993189,40.711492999999898],[-102.05146499993189,40.711660000331896],[-102.05145999990903,40.714406000285322],[-102.05144800021347,40.716454000159167],[-102.05144800021347,40.716497999675269],[-102.05144800021347,40.716510000095354],[-102.05144700038856,40.716545999980795],[-102.05144700038856,40.716627000162539],[-102.05144700038856,40.716698000266014],[-102.05144700038856,40.716759000323222],[-102.05144700038856,40.71681099988141],[-102.05144400001551,40.717418999924149],[-102.05144400001551,40.718127999817689],[-102.05144400001551,40.718139999943901],[-102.05144499984043,40.719204999978963],[-102.05144499984043,40.71923399998132],[-102.05144499984043,40.719264000134849],[-102.05144599966533,40.720293000006976],[-102.05144599966533,40.720532999761765],[-102.05144599966533,40.720543999990767],[-102.05144400001551,40.723839999852139],[-102.05143499979468,40.726645000251338],[-102.05143399996976,40.730718000317651],[-102.05144200036568,40.733916000204026],[-102.05142300009911,40.736891999894098],[-102.05142899994689,40.739693999836952],[-102.05141700025133,40.742793000269515],[-102.05143399996976,40.745179999748537],[-102.05143399996976,40.745209999775668],[-102.05143399996976,40.745233999787622],[-102.05143399996976,40.745254000017823],[-102.05143399996976,40.745271000242816],[-102.05143399996976,40.74528499978431],[-102.05143399996976,40.745296999777842],[-102.05143399996976,40.7453070002245],[-102.0514370003428,40.745557000013427],[-102.05143300014484,40.746348000113052],[-102.05143300014484,40.746379000050126],[-102.05143300014484,40.74641800006021],[-102.05143300014484,40.746468000074572],[-102.05143300014484,40.746531000256937],[-102.05143300014484,40.746609999828749],[-102.05143300014484,40.746658000194671],[-102.05143200031995,40.74668399986804],[-102.05143200031995,40.746707000277304],[-102.05141600042641,40.749585999876231],[-102.05140999968032,40.750642999995101],[-102.05142700029707,40.752088999823577],[-102.05143200031995,40.755571999808076],[-102.0514370003428,40.755925000131427],[-102.05144599966533,40.756586000116066],[-102.05142999977181,40.757882000053925],[-102.05142999977181,40.757918000012879],[-102.05143099959672,40.758221000142164],[-102.05143200031995,40.758428999860385],[-102.05143200031995,40.758457999779225],[-102.05143200031995,40.758521999743067],[-102.05143300014484,40.758829999727766],[-102.05143399996976,40.759010000162768],[-102.05143399996976,40.759024000213962],[-102.05144099964245,40.761016000188334],[-102.05142899994689,40.762080999829351],[-102.05141999972605,40.763732999686717],[-102.05141999972605,40.763780999938533],[-102.05141399987828,40.764410999690362],[-102.05141399987828,40.764427999780231],[-102.05140999968032,40.764730000010935],[-102.0514149997032,40.765995000072685],[-102.05139999963458,40.766383000156907],[-102.05139200013697,40.767734999949212],[-102.05140300000764,40.769330999761891],[-102.05141899990114,40.770606000048176],[-102.05142399992403,40.770951999660909],[-102.05142800012199,40.772573000153081],[-102.05142599957385,40.775745999889821],[-102.0514149997032,40.77738599986111],[-102.0514370003428,40.778053999736755],[-102.05142899994689,40.778989000124589],[-102.05142899994689,40.778999000264953],[-102.05142899994689,40.77905999966007],[-102.05142399992403,40.780229999854392],[-102.05142300009911,40.780447000072513],[-102.05143300014484,40.782010999738425],[-102.05142899994689,40.783433000290202],[-102.05143800016772,40.784182000125142],[-102.0514580002592,40.785071999716564],[-102.05145900008412,40.785186000037534],[-102.05145900008412,40.785199000163153],[-102.05146499993189,40.786052000227031],[-102.05145099968821,40.789350999753218],[-102.05142599957385,40.790847000097656],[-102.0514580002592,40.792383000053178],[-102.05143399996976,40.793618000073771],[-102.05145599971107,40.79554500011303],[-102.05144900003839,40.796747000209891],[-102.05144499984043,40.799786000209544],[-102.05144499984043,40.799808000291215],[-102.05144499984043,40.800044000214591],[-102.05145700043431,40.802157999794673],[-102.05146199955885,40.804141999975613],[-102.05144099964245,40.805879999777645],[-102.05144700038856,40.80825499971327],[-102.05144700038856,40.808888999963038],[-102.05144599966533,40.810720000118245],[-102.05145999990903,40.812710000006611],[-102.05145400006124,40.814270000153627],[-102.05144900003839,40.814608000019241],[-102.05143999981756,40.815236999674667],[-102.05144599966533,40.815516999756127],[-102.05146499993189,40.816391999872309],[-102.05146199955885,40.818035000261311],[-102.05146499993189,40.819322999886893],[-102.05145900008412,40.820390000170271],[-102.05146999995478,40.821364000131446],[-102.05144999986329,40.822143000276064],[-102.05146099973395,40.822847000028936],[-102.05146099973395,40.822872999803323],[-102.05146699958173,40.823235999693978],[-102.05146499993189,40.823939000132277],[-102.05147499997764,40.825860999843918],[-102.05147300032782,40.826681999719305],[-102.05147300032782,40.826694999875706],[-102.05148900022137,40.827538000026955],[-102.05149300041933,40.828265000337197],[-102.0514780003507,40.828821999822551],[-102.05147599980256,40.828966000059587],[-102.05147300032782,40.829167999950094],[-102.05149300041933,40.830005999963639],[-102.05148099982543,40.831207999862805],[-102.05148099982543,40.831299000130528],[-102.0514790001756,40.832019999666642],[-102.05148300037358,40.832656999952661],[-102.05148000000052,40.833835999904117],[-102.05148800039645,40.835788999941464],[-102.05148300037358,40.836513000222283],[-102.05148199965035,40.836596999660316],[-102.05146699958173,40.837030999932175],[-102.05148800039645,40.838047999700791],[-102.05148400019849,40.838729000024017],[-102.05148400019849,40.839629999741682],[-102.05148800039645,40.840270999796871],[-102.05149800044218,40.841727999731688],[-102.05148199965035,40.843810999739297],[-102.05149800044218,40.846601999687408],[-102.05148800039645,40.847969999917389],[-102.05148900022137,40.850689999713097],[-102.05149500006914,40.852097999812194],[-102.05149500006914,40.852200000128008],[-102.05150199974183,40.853948999737575],[-102.05150000009199,40.85784899969714],[-102.05150000009199,40.85795599988851],[-102.0514990002671,40.859252000044641],[-102.05150000009199,40.859381000036194],[-102.05150000009199,40.859397000175605],[-102.05151099996266,40.861938000195252],[-102.05150199974183,40.8626020001998],[-102.05151299961248,40.864110000132939],[-102.05150900031283,40.866849999958369],[-102.05150900031283,40.866864999671421],[-102.05150900031283,40.86700400024759],[-102.05151299961248,40.867815999679038],[-102.05151299961248,40.867859000258107],[-102.05152500020638,40.870180000322144],[-102.0515200001835,40.87089399997631],[-102.05151699981045,40.871436999776485],[-102.05152600003127,40.872436999719383],[-102.0515279996811,40.87265900017001],[-102.05152500020638,40.875008999712655],[-102.05153100005415,40.877545999847634],[-102.05154799977258,40.878189000175674],[-102.05154299974971,40.87895100023951],[-102.05154399957462,40.879954999924628],[-102.05152199983331,40.880618999936104],[-102.05153000022923,40.88136099988499],[-102.05153000022923,40.881386000038646],[-102.05153100005415,40.882364999690104],[-102.05152900040433,40.882428000000083],[-102.05151199978758,40.883077999955873],[-102.0515200001835,40.883830000146112],[-102.0515200001835,40.884536999929594],[-102.05153000022923,40.885040999810499],[-102.05152699985619,40.885535999923164],[-102.0515340004272,40.885981000204879],[-102.05150900031283,40.886995999715744],[-102.05152600003127,40.887648999987931],[-102.05153000022923,40.889019000010649],[-102.05153199987905,40.889170000055806],[-102.05153899955177,40.8897800000315],[-102.05153199987905,40.891468000140264],[-102.05153699990193,40.891784999752389],[-102.05154399957462,40.892297999880824],[-102.05154000027497,40.893410999917215],[-102.05154000027497,40.89344999981509],[-102.05153899955177,40.89374800005163],[-102.05152299965822,40.894243000221493],[-102.05151799963537,40.89526299977787],[-102.05153199987905,40.896475999780243],[-102.05153199987905,40.89650400029241],[-102.05153299970397,40.896583000024513],[-102.05153100005415,40.898952999722802],[-102.05153899955177,40.900237000187396],[-102.05153899955177,40.900271000038614],[-102.05154199992479,40.900932000144252],[-102.05154500029785,40.901512999758907],[-102.05154500029785,40.901627999722677],[-102.05153600007701,40.90366400005739],[-102.05153600007701,40.903703000021231],[-102.0515489995975,40.906288999835226],[-102.05154500029785,40.909837999791201],[-102.05154000027497,40.913596000166528],[-102.05155100014564,40.916015999761072],[-102.05155100014564,40.91620899975468],[-102.05155100014564,40.91702300016486],[-102.05155100014564,40.91809799987977],[-102.05153100005415,40.920072000331366],[-102.05153199987905,40.920356999986055],[-102.05153299970397,40.920456999978526],[-102.05154100009989,40.922358999919055],[-102.05154399957462,40.922986000141769],[-102.05154600012276,40.923447999714774],[-102.05154699994767,40.923802999980886],[-102.05155000032072,40.924455000247811],[-102.05154100009989,40.925505000144511],[-102.05154100009989,40.925555000337567],[-102.05153699990193,40.927274999690184],[-102.05155399962037,40.928921999736943],[-102.05155399962037,40.929462999708711],[-102.0515550003436,40.930638000217861],[-102.0515550003436,40.930649999959861],[-102.0515550003436,40.931064000245044],[-102.05153899955177,40.932717000204953],[-102.05154299974971,40.933262999959965],[-102.05154399957462,40.933380000338353],[-102.05154500029785,40.937875999986048],[-102.05156799986406,40.940110999794463],[-102.05155299979545,40.940636999802159],[-102.05157000041221,40.941245000316947],[-102.05155600016852,40.941411999859156],[-102.0515639996661,40.942054000103845],[-102.05155100014564,40.943096999952893],[-102.05157100023712,40.943297000174482],[-102.05155600016852,40.94439000026015],[-102.05156500038933,40.945081000242901],[-102.05156500038933,40.945094999708253],[-102.05157500043508,40.9458910000033],[-102.05155799981833,40.946474999811919],[-102.05157500043508,40.947067000211611],[-102.0515629998412,40.947776000038274],[-102.05158499958252,40.948106999945203],[-102.05157200006202,40.948530999744982],[-102.05157200006202,40.948811999742787],[-102.05157100023712,40.949012999715144],[-102.0515639996661,40.949091999806804],[-102.05157200006202,40.949992999902996],[-102.05155299979545,40.950517999835931],[-102.05156000036648,40.951034999819335],[-102.05155199997056,40.952287000204691],[-102.05156700003914,40.952986999969454],[-102.05156200001629,40.954670999831073],[-102.05156200001629,40.954681999945983],[-102.05155399962037,40.956116999899706],[-102.05156600021425,40.959633999853089],[-102.0515629998412,40.959799999766183],[-102.0515489995975,40.960462000146819],[-102.05155899964323,40.963330999874472],[-102.05154199992479,40.964653000096746],[-102.05155699999341,40.966228999678364],[-102.05155100014564,40.96695399983652],[-102.05155299979545,40.968108999952072],[-102.05156799986406,40.969136999686427],[-102.05156700003914,40.969300999859755],[-102.05156700003914,40.969338999965807],[-102.05155199997056,40.971027000198823],[-102.05156100019137,40.974206999921229],[-102.05156100019137,40.974266999722389],[-102.05156200001629,40.974747000236462],[-102.0515489995975,40.976652999691296],[-102.05155600016852,40.978986999810026],[-102.05157500043508,40.9821760000846],[-102.05155699999341,40.983448000055333],[-102.05155799981833,40.983881999767547],[-102.05156100019137,40.985218000303171],[-102.05158200010777,40.98679199988041],[-102.05158299993269,40.988141000103788],[-102.05157600025998,40.988383999672685],[-102.05156899968897,40.988626000206217],[-102.05157200006202,40.988783000228622],[-102.05157299988694,40.988871999855064],[-102.05156500038933,40.989186999876367],[-102.05156899968897,40.99041099997217],[-102.0515629998412,40.991920999901261],[-102.0515629998412,40.992011000161099],[-102.05156500038933,40.994279000187653],[-102.05155199997056,40.995685000239924],[-102.0515550003436,40.995872999687862],[-102.05157100023712,40.996673000056568],[-102.05157000041221,40.998040000045521],[-102.0515629998412,40.999127000002943],[-102.05157899973473,40.999944000245343],[-102.05157999955964,40.999989999661615],[-102.05160399984908,41.000723000221228],[-102.05161399989483,41.000904000301269],[-102.05161499971975,41.000922000079747],[-102.0516619995754,41.001772000294828],[-102.05170900032938,41.002275999834602],[-102.0517119998041,41.00230400026097],[-102.05171699982698,41.002358999756403],[-102.05206400015663,41.00235999972216],[-102.05251799971806,41.002360999687895],[-102.05566100008132,41.00235999972216],[-102.05576300018856,41.00235999972216],[-102.05964299997046,41.002367000159921],[-102.06323700042041,41.002372999953444],[-102.06528600009133,41.002376999815468],[-102.06555399987992,41.002376999815468],[-102.06870700028892,41.002403000268821],[-102.0702839999567,41.002415999813664],[-102.07055500011836,41.002415999813664],[-102.0753949998,41.00241499984876],[-102.08921900033248,41.002397999765243],[-102.09394400038639,41.002390000043441],[-102.09422300004564,41.002389000078153],[-102.09880300033461,41.0023809996773],[-102.10183399964654,41.002393999904442],[-102.10626999999546,41.002391999973952],[-102.10811100015221,41.002386000182156],[-102.1190509998892,41.002353999927401],[-102.12204699993936,41.0023450002343],[-102.12466200022301,41.002459000323789],[-102.12493199966143,41.002470999893582],[-102.12508900002027,41.002487999958312],[-102.12792299968871,41.002465000108977],[-102.12843999989767,41.002465000108977],[-102.12861099960188,41.002465000108977],[-102.1329130000565,41.002462000216454],[-102.13578299970996,41.002460000288032],[-102.13746499985804,41.002457999681631],[-102.13910000015048,41.002456999717367],[-102.14739100016693,41.002449999967119],[-102.14759200000842,41.002449999967119],[-102.15288500032489,41.002445000145009],[-102.15456900012281,41.002444000180553],[-102.16373300000036,41.002441000287114],[-102.16413999970614,41.002441000287114],[-102.16429600024006,41.002441000287114],[-102.17053900041056,41.002437999715539],[-102.17101200023856,41.002437999715539],[-102.1773370004248,41.002435999786435],[-102.17771999984113,41.002435999786435],[-102.17861899964149,41.002435999786435],[-102.17922799991196,41.002435999786435],[-102.17935799960829,41.002435999786435],[-102.18274899966868,41.00243499982183],[-102.18314100020413,41.00243499982183],[-102.18324099976324,41.00243499982183],[-102.18341700038867,41.002435999786435],[-102.18355499958261,41.002435999786435],[-102.1886510002556,41.002450999931497],[-102.18903000037228,41.00241999967313],[-102.18914099980206,41.002382000320679],[-102.18927300004653,41.002310000060234],[-102.18986600042346,41.00231399992613],[-102.19009400002911,41.002315999858936],[-102.19037500023649,41.002318999758124],[-102.19099299982948,41.002325000233959],[-102.19120999956445,41.002326000200235],[-102.19128300025768,41.002327000166488],[-102.19138299981681,41.002328000132728],[-102.19147200040356,41.002328000132728],[-102.19155799971898,41.002328000132728],[-102.1950080002289,41.002339999726331],[-102.19741099990213,41.002350000063977],[-102.20776300018338,41.002440000322594],[-102.20908299993322,41.002441000287114],[-102.20923400044427,41.002442000251627],[-102.20936099976755,41.002442000251627],[-102.21005000040397,41.0024470000739],[-102.2122000003572,41.002462000216454],[-102.22444499977543,41.002325000233959],[-102.22451799957035,41.002324000267677],[-102.22899300027733,41.002273999900531],[-102.22901099982066,41.002273999900531],[-102.23105100016905,41.002311999993204],[-102.23161600005859,41.002322000335063],[-102.23209200025966,41.002330000065164],[-102.23227600038265,41.002332999963656],[-102.23302799986995,41.002355999859049],[-102.23339000026817,41.002350000063977],[-102.23714399965338,41.002338999760269],[-102.23950899969178,41.002346000200262],[-102.23985400037158,41.00234700016621],[-102.2401790000616,41.002348000132152],[-102.24074800014908,41.002350000063977],[-102.24702099955847,41.002353999927401],[-102.24785099976188,41.002362000331523],[-102.24856600033753,41.002368000125557],[-102.24866000004887,41.002369000091122],[-102.25383600018948,41.0023809996773],[-102.25643899987925,41.002402000303718],[-102.25755199993988,41.00240600016398],[-102.25805400008022,41.002408000094057],[-102.25958899991521,41.002398999730417],[-102.25977399986313,41.002397999765243],[-102.25983900016047,41.002397999765243],[-102.26586300004783,41.00241499984876],[-102.26721200010999,41.002422000280681],[-102.26752299955631,41.002423000245479],[-102.26792799961224,41.002425000175037],[-102.26799999958227,41.002393999904442],[-102.26801200017617,41.002376999815468],[-102.26803200026764,41.002375999850024],[-102.27146799963552,41.002265000196502],[-102.27210000037051,41.002245000171889],[-102.27224900033343,41.002248000074246],[-102.27524100018563,41.002261000327628],[-102.27786300014196,41.002272999933467],[-102.28753800038071,41.002317999791735],[-102.28818500028599,41.002320999690824],[-102.2913539996902,41.002207000040578],[-102.29242900011597,41.002207000040578],[-102.29250600010886,41.002207000040578],[-102.29255299996453,41.002207000040578],[-102.29262199956152,41.002229999979946],[-102.29276600039985,41.002213999816632],[-102.292833000347,41.002207000040578],[-102.29305900030283,41.002207000040578],[-102.29311200000626,41.002207000040578],[-102.31901199990256,41.002208000008643],[-102.33265499978674,41.002198000327404],[-102.33591500032584,41.002194999744759],[-102.3361220000151,41.002194999744759],[-102.34487199961586,41.002188999935036],[-102.3553290003774,41.00234700016621],[-102.36065899960552,41.002428000069251],[-102.36327800008709,41.002421000315863],[-102.36408400000106,41.002427000104525],[-102.36905699975209,41.002407000129026],[-102.37070100026534,41.00240900005906],[-102.37530999996832,41.002404000233909],[-102.37629099978444,41.002415999813664],[-102.37906500007675,41.002449000002727],[-102.37957899991264,41.002445000145009],[-102.37969500026361,41.002444000180553],[-102.38021900014525,41.002438999680095],[-102.38319199973087,41.002446000109465],[-102.38340199979315,41.0024470000739],[-102.38345299984677,41.0024470000739],[-102.38384799985698,41.002443000216125],[-102.38562399971642,41.0024470000739],[-102.38984900017813,41.002443000216125],[-102.3899959995929,41.002443000216125],[-102.39486399976195,41.002443000216125],[-102.39571200040702,41.002443000216125],[-102.39627399992349,41.002443000216125],[-102.40256999979741,41.002444000180553],[-102.40364900042115,41.0024470000739],[-102.40857100011856,41.0024470000739],[-102.40882899986141,41.0024470000739],[-102.41173500039821,41.0024470000739],[-102.42997399956654,41.0024470000739],[-102.43039600023926,41.0024470000739],[-102.43048800030077,41.0024470000739],[-102.43064999978415,41.0024470000739],[-102.45965000038598,41.002384000251425],[-102.46033400010118,41.002383000286038],[-102.46399399977508,41.002399999695513],[-102.4684240002762,41.00241999967313],[-102.46922299961913,41.002424000210262],[-102.46937099975715,41.002426000139785],[-102.47014300023422,41.002438999680095],[-102.47089399989659,41.002451999895847],[-102.47096699969151,41.002452999860139],[-102.47162100016781,41.002465000108977],[-102.4718160001615,41.002468000001329],[-102.47221500036964,41.002450999931497],[-102.4735209998758,41.0024470000739],[-102.47649699983445,41.002436999751019],[-102.47680900000401,41.002435999786435],[-102.47720900003709,41.002438999680095],[-102.47786199979016,41.002436999751019],[-102.4788789995913,41.00243499982183],[-102.47926600010391,41.002440000322594],[-102.48201699993166,41.002426000139785],[-102.48549400020576,41.002427000104525],[-102.48702900004078,41.002428000069251],[-102.48807599997915,41.002443000216125],[-102.4881770002615,41.002442000251627],[-102.48876600044046,41.002436999751019],[-102.48904699974953,41.00243499982183],[-102.50046600006063,41.002339999726331],[-102.502907000267,41.002333999929803],[-102.51044099987502,41.002316999825346],[-102.51715500022368,41.002302000327745],[-102.51766599968653,41.002299999716563],[-102.52785200028642,41.002277999768573],[-102.54264599986604,41.002247000106792],[-102.54371000042117,41.002245000171889],[-102.55672099957037,41.002200000263727],[-102.55676800032434,41.002232999882985],[-102.55690399986848,41.002328000132728],[-102.55714099969495,41.002410000024057],[-102.55750499974302,41.002438999680095],[-102.55878699985803,41.002429999998597],[-102.56226599978194,41.002428000069251],[-102.56346699970609,41.002413999883892],[-102.56430199993235,41.002405000198976],[-102.56439700036691,41.002404000233909],[-102.56599800032416,41.002366000194272],[-102.56655999984062,41.002356999824848],[-102.57549600011257,41.002200000263727],[-102.57573799996189,41.002268000097999],[-102.57869600037722,41.002291000016079],[-102.58135699979331,41.002308000127179],[-102.58207900004167,41.002311000026729],[-102.59825099999577,41.002416999778553],[-102.60692899962652,41.002473999785707],[-102.62047600014957,41.00259699998989],[-102.62103299964316,41.00259699998989],[-102.62546800016716,41.002353999927401],[-102.63672799957129,41.002346000200262],[-102.64965699960304,41.002335999862055],[-102.6534629997651,41.002331999997487],[-102.65946900010911,41.002328000132728],[-102.65978200010355,41.002328000132728],[-102.66487700005332,41.002324000267677],[-102.67073699990917,41.002319999724484],[-102.67088500004716,41.002319999724484],[-102.68771800015026,41.002333999929803],[-102.68791099959579,41.002333999929803],[-102.69234799976964,41.002288000115627],[-102.69240499967101,41.002288000115627],[-102.70551100015309,41.002241000301801],[-102.70606599999687,41.002232999882985],[-102.7086589996409,41.002194999744759],[-102.70868100028052,41.002194999744759],[-102.71236400041894,41.002192999808287],[-102.71251500003169,41.002193999776502],[-102.71490199981139,41.002199000295597],[-102.72972200022858,41.002187999966687],[-102.73482499967596,41.002209999944668],[-102.73484399994254,41.002209999944668],[-102.73570400028316,41.002212999848673],[-102.74225000040234,41.002211999880686],[-102.74230999977847,41.002211999880686],[-102.74253400008448,41.002211999880686],[-102.74313300030917,41.002211999880686],[-102.74318000016486,41.002224000173356],[-102.74339699989982,41.002279999702523],[-102.74346300002207,41.002280999669473],[-102.7443109997688,41.002291999982859],[-102.74622700026865,41.002290000049278],[-102.74649000003436,41.002232999882985],[-102.74655299978355,41.002186000029937],[-102.74725900013838,41.002180000219397],[-102.74759399987414,41.002293999916347],[-102.75458600005715,41.00235999972216],[-102.76660600024279,41.002275999834602],[-102.76668499988551,41.002340999692372],[-102.76680200006138,41.002422000280681],[-102.76696400044308,41.002453999824468],[-102.7671279995763,41.002440000322594],[-102.76731500007236,41.002382000320679],[-102.76744999979157,41.002362000331523],[-102.76793299966533,41.002366000194272],[-102.76880300005169,41.002395999834874],[-102.76885699958007,41.002388000112838],[-102.76978700024087,41.002382000320679],[-102.77163900026828,41.002377999780954],[-102.7726040001909,41.00237399991898],[-102.77345500031068,41.002392999939211],[-102.77356099971757,41.00241899970829],[-102.79281499993556,41.002316999825346],[-102.82723699982698,41.002143000019657],[-102.82727500036013,41.002180000219397],[-102.82737099972128,41.002249000041687],[-102.8275120001866,41.002296999816522],[-102.82758900017949,41.002310000060234],[-102.82910700029605,41.002322000335063],[-102.82984700008777,41.002338999760269],[-102.83030300019735,41.002350000063977],[-102.84374000021721,41.002270999999304],[-102.84379899976842,41.002270999999304],[-102.84643499996848,41.002344000268366],[-102.84646599993061,41.002351999995746],[-102.84652100018221,41.002366000194272],[-102.84926100013932,41.002320999690824],[-102.85147300001684,41.002258999715188],[-102.86073399997879,41.002082999816501],[-102.86101400036127,41.002077999966573],[-102.86577000037732,41.001988999862952],[-102.86576700000428,41.002138000174327],[-102.86580100033946,41.002230999947656],[-102.86587900015728,41.002285000215039],[-102.86594799975425,41.002311000026729],[-102.86608300037176,41.002316999825346],[-102.86685800032359,41.002312999959685],[-102.8679789998818,41.002306000194132],[-102.86810399955526,41.002318999758124],[-102.87555100002295,41.002332999963656],[-102.88559000030975,41.002134000297744],[-102.88560299983023,41.002229999979946],[-102.88566200027975,41.002308000127179],[-102.88573400024978,41.002349000098079],[-102.88578299975528,41.002360999687895],[-102.88605999976473,41.002360999687895],[-102.88650599982854,41.002346000200262],[-102.88713400036558,41.002311000026729],[-102.88728099978036,41.00231399992613],[-102.90485100020044,41.002207000040578],[-102.90487499959156,41.002208000008643],[-102.90487600031479,41.00221699972041],[-102.90492599964519,41.002249000041687],[-102.90503399960021,41.002287000148783],[-102.90524799986046,41.002306000194132],[-102.90608800010961,41.002314999892569],[-102.9062289996766,41.002323000301381],[-102.90635800044633,41.002312999959685],[-102.92397300017393,41.002142000050604],[-102.92397700037191,41.002294999883077],[-102.92426100005402,41.002335999862055],[-102.9243589999633,41.002336999828159],[-102.92464000017071,41.002307000160691],[-102.92508899970929,41.002283000281288],[-102.925323000061,41.002279999702523],[-102.92556699956016,41.002279999702523],[-102.92843000043925,41.002242000269348],[-102.92860000031855,41.00224000033424],[-102.94315899972155,41.002050000122132],[-102.94316399974443,41.002072000146185],[-102.94317999963795,41.002131999681446],[-102.94320800012535,41.002184000093187],[-102.94324300028545,41.002214999784599],[-102.94330000018687,41.00223399985066],[-102.94355299990684,41.002256999780599],[-102.94453999957076,41.002274999867574],[-102.94460800024113,41.002286000181918],[-102.94482900017407,41.002303000294361],[-102.95510600011225,41.002159000200201],[-102.95938599992724,41.002195999713003],[-102.95962699995167,41.002208000008643],[-102.96063600025519,41.002222000237751],[-102.96072099974569,41.002206000072505],[-102.96252199971948,41.002072000146185],[-102.96272900030702,41.002093000193099],[-102.96366900011527,41.002186000029937],[-102.96570199989264,41.002177000313893],[-102.98148200020958,41.002112000294382],[-102.9815180001946,41.00211300026389],[-102.98158400031686,41.002116000172251],[-102.98159799966224,41.00213600023605],[-102.98171200036336,41.002194999744759],[-102.98182299979314,41.002223000205547],[-102.98205700014486,41.002244000204392],[-102.98261199998863,41.002259999682465],[-102.98271400009588,41.002271999966396],[-103.00096700040626,41.002311999993204],[-103.00113700028557,41.002314999892569],[-103.00118199959311,41.002315999858936],[-103.00163799970268,41.002288000115627],[-103.00173499978706,41.002291999982859],[-103.0018360000694,41.002306000194132],[-103.00191300006229,41.002332999963656],[-103.00202000019242,41.002393999904442],[-103.00208799996449,41.002486000030672],[-103.01953000033804,41.0024470000739],[-103.02142099982518,41.002427000104525],[-103.03870400019008,41.002250999976525],[-103.04063099966223,41.002288000115627],[-103.04344400031262,41.002344000268366],[-103.04477699958292,41.002346000200262],[-103.0449570004063,41.002346000200262],[-103.05853400016824,41.002307000160691],[-103.05933900025728,41.002303000294361],[-103.05952699967993,41.002314999892569],[-103.05959000032743,41.002344000268366],[-103.05962600031245,41.002370000056722],[-103.07678699958031,41.002227000076722],[-103.07695999983265,41.002227000076722],[-103.07746399962282,41.002243000236874],[-103.07765000029397,41.002286000181918],[-103.07780299955652,41.002297999783217],[-103.08662900022361,41.002305000227558],[-103.09025700011043,41.00230900009371],[-103.09082799984775,41.002310000060234],[-103.09108099956774,41.002311000026729],[-103.09700900009393,41.002315999858936],[-103.11500399976312,41.002342000336355],[-103.12548900011377,41.002158000231397],[-103.12998099964088,41.002188999935036],[-103.13055899994919,41.002189999903372],[-103.13317300040792,41.002191999839987],[-103.13695399955731,41.002238999688771],[-103.13721300002341,41.002242000269348],[-103.1436410001418,41.002311999993204],[-103.1533640000611,41.002222000237751],[-103.16177899992613,41.002152999709239],[-103.16526500042106,41.002083999786443],[-103.17243699963082,41.002167999918711],[-103.17264599986819,41.002165999981358],[-103.17966499981537,41.002107999738314],[-103.19105099961622,41.002075000056465],[-103.19179799997893,41.00207300011629],[-103.20074500012151,41.002165999981358],[-103.21074099985229,41.002247000106792],[-103.2194150001834,41.002011999878391],[-103.2298849995671,41.002235999785938],[-103.23007700008604,41.002237999721174],[-103.2362830004466,41.002024000207484],[-103.24177500005639,41.002175999667458],[-103.24604800019871,41.002099000011619],[-103.24900599971571,41.002209999944668],[-103.24919400003667,41.00215500032489],[-103.25048299982438,41.001776000193331],[-103.26827900020028,41.002079999906577],[-103.2768709996173,41.002048000181205],[-103.28069400039611,41.002034999885808],[-103.28704700017146,41.00201399982042],[-103.29717199977365,41.001960000008907],[-103.30624500031294,41.001911999988636],[-103.31543299958163,41.001863999933406],[-103.32387099991118,41.001819999739098],[-103.33409199977288,41.001826000260387],[-103.34551100008397,41.001834000050643],[-103.35365300013753,41.00183799994543],[-103.36297900039679,41.001843999787106],[-103.36531400029797,41.001845999734222],[-103.37548699958074,41.002298999749897],[-103.38144500024417,41.002273999900531],[-103.38249200018255,41.002251999943915],[-103.3853819999275,41.002312999959685],[-103.39405399971047,41.00249599966822],[-103.39694500017865,41.0025570001361],[-103.39698899966125,41.002558000098809],[-103.39889400029043,41.002473999785707],[-103.40440199979375,41.00223399985066],[-103.40474199955237,41.002221000269913],[-103.4066930002123,41.00215099977143],[-103.40803300005363,41.002102999890269],[-103.41205400030086,41.001959000037083],[-103.4133949999671,41.001911999988636],[-103.41384799970362,41.001913999933691],[-103.41520699981153,41.001919999768454],[-103.41566100027129,41.001921999713268],[-103.41691300024905,41.001931000142051],[-103.42067199965716,41.001959000037083],[-103.42192500035814,41.001968999754581],[-103.42193500040391,41.001976000233881],[-103.42196499964281,41.001999000253853],[-103.42197499968857,41.00200700002312],[-103.4233150004282,41.001999000253853],[-103.42733499995221,41.001977000205443],[-103.42867599961845,41.001969999726256],[-103.4324039999627,41.001929000197556],[-103.44180800003979,41.001827000234222],[-103.44358899992207,41.001807000076695],[-103.44731800009123,41.001766999743388],[-103.4473780003657,41.001765999768629],[-103.44744199993978,41.00176499979387],[-103.44781699985852,41.001760999894643],[-103.44794300025524,41.001759999919855],[-103.44956500012886,41.001767999718126],[-103.45443199957468,41.001793999733721],[-103.45556700027491,41.001800000257361],[-103.45605500017153,41.001803000180026],[-103.45653100037259,41.001805000128392],[-103.45795900007748,41.001811999947151],[-103.45843500027854,41.001814999869261],[-103.45905399969644,41.0018179997912],[-103.46091199957161,41.001827000234222],[-103.46153199971273,41.001831000129386],[-103.46191400020247,41.0018330000769],[-103.463064000073,41.001838999919038],[-103.46344700038763,41.00184099986631],[-103.46471400043403,41.001846999707723],[-103.46851700022306,41.001867999826381],[-103.46978500009436,41.001875000316396],[-103.48669699984016,41.001913999933691],[-103.49591699979425,41.001867999826381],[-103.49605200041177,41.001846999707723],[-103.49742400004016,41.001640000117447],[-103.49754500041396,41.001638000164064],[-103.50047000031903,41.001733999890796],[-103.52552599976821,41.001503999760871],[-103.52649499988877,41.001495999930555],[-103.5281729998389,41.001481000246109],[-103.5332069996893,41.001434999836576],[-103.53488600036265,41.001421000118249],[-103.53495999998249,41.001421000118249],[-103.53498099989891,41.001421000118249],[-103.53526899977899,41.001423000078205],[-103.53536500003845,41.001424000058115],[-103.53605200012672,41.00142899995766],[-103.53811599986622,41.001444000331915],[-103.5388039997794,41.001449000229904],[-103.53910300042847,41.001451000189],[-103.53999999968069,41.001459000024774],[-103.54029900032975,41.001461999962963],[-103.5410979996727,41.001467999838873],[-103.54251600023014,41.001479000287915],[-103.54349500039643,41.001486000141334],[-103.54404400039245,41.001490000057196],[-103.5442949995643,41.001492000015062],[-103.54519000006501,41.001497999888237],[-103.54787499977056,41.001519000118044],[-103.54877100009618,41.001525999967221],[-103.55037299987833,41.001541000319342],[-103.55517900012309,41.001585999999499],[-103.55678099990526,41.001602000315266],[-103.56032900032446,41.001624999787808],[-103.57097299978543,41.001697000118639],[-103.5737739998419,41.001716000334035],[-103.57657200042368,41.001734999866038],[-103.57663500017287,41.001734999866038],[-103.57706899964282,41.001734999866038],[-103.57912800025778,41.001732999915546],[-103.57928200024355,41.001732999915546],[-103.57941199993989,41.001732999915546],[-103.57943100020648,41.001732999915546],[-103.5794899997577,41.001731999940276],[-103.57955699970485,41.001731999940276],[-103.57984600030817,41.001731999940276],[-103.59159399960893,41.001720000235984],[-103.59267200040776,41.001719000260515],[-103.59500599958571,41.001718000285031],[-103.59513000033257,41.001718000285031],[-103.61528800037379,41.001701999997429],[-103.61834499962501,41.001726000088397],[-103.62021599991898,41.001717000309547],[-103.62549400016685,41.001542000297512],[-103.63628199956788,41.00164899990682],[-103.63923499996032,41.001640000117447],[-103.64073700018336,41.001635000233954],[-103.64519199990055,41.001584000044488],[-103.64587700033897,41.001584000044488],[-103.64616199984603,41.001584000044488],[-103.64651500002343,41.001575000246234],[-103.64883700040413,41.001557999946002],[-103.64921200032285,41.001552000078284],[-103.64923200041433,41.001552000078284],[-103.64979099955777,41.001545000231914],[-103.65141800035258,41.00153899968506],[-103.65726700033777,41.001526999945575],[-103.65773699979273,41.001520000096548],[-103.66193399976704,41.001493999972858],[-103.66624399971927,41.001460999983586],[-103.66905399999659,41.001441999694627],[-103.67010900033088,41.001460000004194],[-103.67238899998046,41.001496999909399],[-103.67378700044642,41.001509000332319],[-103.67648399984752,41.001561999857543],[-103.67977500034877,41.001626999741575],[-103.68339400001477,41.001697000118639],[-103.68579500003818,41.001742999667343],[-103.68774499997487,41.001781000066181],[-103.68797500012865,41.001781000066181],[-103.68912699964899,41.001777000167934],[-103.68989199955506,41.001775000218764],[-103.69110300042328,41.001771000320154],[-103.69253899962575,41.001766999743388],[-103.69463199967758,41.001759999919855],[-103.69623500018297,41.001755000045414],[-103.69852599970319,41.001745000295436],[-103.70090800035834,41.001733999890796],[-103.7029479998084,41.001725000113034],[-103.70665100003831,41.001707999851483],[-103.7100579999922,41.00169500016699],[-103.71030700041256,41.00169300021529],[-103.71059600011755,41.001692000239409],[-103.7117550002089,41.001688000335811],[-103.71370500014561,41.00167999984987],[-103.71538599957049,41.001673000017107],[-103.72295299968876,41.001623999810903],[-103.72618599956537,41.001603000292512],[-103.72790600024662,41.001608000178429],[-103.72823400030968,41.00160100033802],[-103.72959300041758,41.001597999728197],[-103.73123899968236,41.001594999796247],[-103.73222899971931,41.001598999705493],[-103.73404999978457,41.001597999728197],[-103.74223799986888,41.001588999931855],[-103.74937800018991,41.001566999746572],[-103.75960200042462,41.00150099982465],[-103.76333999991633,41.001467999838873],[-103.77031100018293,41.001484000183289],[-103.78316200039689,41.001569999679845],[-103.78325799975802,41.001573000290882],[-103.7843039998715,41.00160100033802],[-103.78842499967783,41.00164899990682],[-103.79608600040575,41.00176499979387],[-103.8115229996927,41.001734999866038],[-103.84273699982188,41.001682999777998],[-103.85844900036676,41.00174900019563],[-103.85903900037063,41.001751000145639],[-103.8593740001064,41.001747000245565],[-103.87421799991475,41.001728000039101],[-103.87500200008738,41.001727000063759],[-103.87699399985686,41.001717000309547],[-103.87766500005161,41.001717000309547],[-103.87794100023612,41.001717000309547],[-103.87809699987174,41.001717000309547],[-103.87825500005547,41.001717000309547],[-103.88618799987165,41.001717000309547],[-103.88620600031332,41.001722000186817],[-103.88834799987063,41.001717000309547],[-103.88840300012222,41.001717000309547],[-103.89562899975867,41.001718000285031],[-103.89583399979807,41.001729000014436],[-103.89596299966949,41.00174900019563],[-103.89599600017978,41.001754000070484],[-103.89609900011195,41.001784999964137],[-103.89617699992974,41.001818999765156],[-103.89620700006697,41.00183200010315],[-103.89629099973256,41.001882000127708],[-103.89630499997625,41.001905000180507],[-103.89637399957321,41.001829000181857],[-103.8965180004116,41.001745000295436],[-103.89667599969702,41.001698000094386],[-103.89727400009681,41.001675999945491],[-103.89761399985544,41.001675999945491],[-103.89762700027423,41.001675999945491],[-103.90000700038125,41.00167499996936],[-103.90400099996597,41.001686999681894],[-103.90731900023141,41.001664000231003],[-103.90845099966027,41.001652999812791],[-103.91207500024746,41.001627999718437],[-103.91391800005404,41.00169100026352],[-103.9139299997496,41.00169100026352],[-103.91425299978978,41.001702999973148],[-103.91484500034181,41.00170100002169],[-103.91652300029193,41.001697000118639],[-103.92016799989722,41.001714999680544],[-103.92453099955287,41.001756000020329],[-103.92894500016048,41.001775000218764],[-103.93079999966263,41.001799000283107],[-103.93081700027938,41.001799000283107],[-103.93199200026426,41.001813999895234],[-103.93270399956856,41.001761999869473],[-103.93293299989742,41.001721000211433],[-103.93318200031777,41.001696000142822],[-103.93366600001644,41.001690000287617],[-103.934811999689,41.001694000191144],[-103.93483199978049,41.001694000191144],[-103.93682000025034,41.001702999973148],[-103.9378520001201,41.001696000142822],[-103.94217399976787,41.00169300021529],[-103.94636700044256,41.001672000040919],[-103.95055299964788,41.001682999777998],[-103.95210799957438,41.001697000118639],[-103.95212699984096,41.001697000118639],[-103.95224800021478,41.001671000064725],[-103.95236799986537,41.001588999931855],[-103.95240200020056,41.001612000086887],[-103.95242899996474,41.00161999990317],[-103.95249199971393,41.00163900014077],[-103.9527570000278,41.001641000094111],[-103.95326900021388,41.001662000278358],[-103.95352500030693,41.001660000325657],[-103.97125200018752,41.001532999815609],[-103.97137199983813,41.001530999858993],[-103.97150900010546,41.001533999793907],[-103.97152900019695,41.001544000253801],[-103.97159699996901,41.001579000156738],[-103.97193199970476,41.001636000210638],[-103.97223999967635,41.001664000231003],[-103.97264200025755,41.001666000183583],[-103.98789899961945,41.001725000113034],[-103.99296599998013,41.001766999743388],[-104.0005029999612,41.001816999817208],[-104.0005029999612,41.001781000066181],[-104.01100800040331,41.001682999777998],[-104.01822300016907,41.001616999972185],[-104.01834000034496,41.001633000280421],[-104.02338300041619,41.001886999992472],[-104.03923800017789,41.001501999803423],[-104.04105000002232,41.001501999803423],[-104.04434200034848,41.001480000267016],[-104.04967400012471,41.001515000203945],[-104.05152899962687,41.001526999945575],[-104.0532490003081,41.001405999738765],[-104.05407699996336,41.001615000018106],[-104.0670129996678,41.001615000018106],[-104.06701600004084,41.001784999964137],[-104.08885399968203,41.001559999901801],[-104.08977199974896,41.001558999923908],[-104.1008849997383,41.001546000210027],[-104.10458999961804,41.001543000275667],[-104.10843599996308,41.001558999923908],[-104.11997599974968,41.001608000178429],[-104.12382299991964,41.001624999787808],[-104.12415900037861,41.001621999857043],[-104.12516799978384,41.001612000086887],[-104.12550500006772,41.001610000132715],[-104.12550500006772,41.001628999695228],[-104.12550500006772,41.001685999705941],[-104.12550500006772,41.001704999924549],[-104.12902400017462,41.00169100026352],[-104.13958099959696,41.001650999859862],[-104.14310100042705,41.00163900014077],[-104.14699600027758,41.001624999787808],[-104.15868300037729,41.001582000089414],[-104.16257900005272,41.001568999702101],[-104.16474999992235,41.001609000155582],[-104.17126400025448,41.001729000014436],[-104.17343599994904,41.001769999667502],[-104.17508100028721,41.001763999819083],[-104.18001899987813,41.001746000270508],[-104.18166500004122,41.0017409997171],[-104.18356599957413,41.001730999964991],[-104.18926999979433,41.001701999997429],[-104.19117200005047,41.00169300021529],[-104.19522500008473,41.001670000088524],[-104.19715099973197,41.001660000325657],[-104.20738699966226,41.001602000315266],[-104.21144100041977,41.001580000134332],[-104.21207400008134,41.001564999791036],[-104.21220200012787,41.001562999835393],[-104.21241899986286,41.00161799994919],[-104.21245400002294,41.001633000280421],[-104.21434399968518,41.001634000257198],[-104.21533799992011,41.001636000210638],[-104.21592399972603,41.001645999977143],[-104.21596499973391,41.001646999953721],[-104.2164560000036,41.001655999742148],[-104.21657200035455,41.001654999765705],[-104.22328900017796,41.00161799994919],[-104.23314900036461,41.001618999926187],[-104.2342470003566,41.001618999926187],[-104.23754100033258,41.001618999926187],[-104.23864000014949,41.001618999926187],[-104.23965199992777,41.001618999926187],[-104.24268999981072,41.001618999926187],[-104.24370300031222,41.001618999926187],[-104.24506300024504,41.001618999926187],[-104.24914600041653,41.001618999926187],[-104.25050700017425,41.00161999990317],[-104.25050700017425,41.001720000235984],[-104.25749000013644,41.001678999873796],[-104.25756899977917,41.001678999873796],[-104.27686700037808,41.00169500016699],[-104.29425399960174,41.001718000285031],[-104.29537000003538,41.001720000235984],[-104.29559000014341,41.001720000235984],[-104.29581199990126,41.001719000260515],[-104.29641500032393,41.001717000309547],[-104.31463099992607,41.001643000047395],[-104.31466299971312,41.001643000047395],[-104.33698400012638,41.001670000088524],[-104.33703099998205,41.001670000088524],[-104.33710999962476,41.001671000064725],[-104.3383649999756,41.001645999977143],[-104.34236600013134,41.001568999702101],[-104.34357799992613,41.001759999919855],[-104.34610000032336,41.001533999793907],[-104.3532980003707,41.001502999782126],[-104.35569799967087,41.001493999972858],[-104.35572299978523,41.001493999972858],[-104.35577499966378,41.001492999993978],[-104.35882900033856,41.001492999993978],[-104.36814999967665,41.001494999951689],[-104.37125799987979,41.001495999930555],[-104.37210800017468,41.001495999930555],[-104.37465999981083,41.001495999930555],[-104.37551099993061,41.001496999909399],[-104.37551099993061,41.001523000031959],[-104.39047600011277,41.001498999867053],[-104.39051799994557,41.001497999888237],[-104.41960200021298,41.001455000106986],[-104.42055200006696,41.001454000127559],[-104.42600900041499,41.001459000024774],[-104.44237999966242,41.001473999714243],[-104.44783700001044,41.001480000267016],[-104.44884600031398,41.001482000225181],[-104.45187300032626,41.001491000036133],[-104.45288299955641,41.001493999972858],[-104.45584000014681,41.001489000078237],[-104.46471399959614,41.001475999672593],[-104.46767200001148,41.001472999735036],[-104.47354899958574,41.00153899968506],[-104.48721699958428,41.00169300021529],[-104.48746000015683,41.00169300021529],[-104.48747699987527,41.00169300021529],[-104.48800300030506,41.00169100026352],[-104.48841300038387,41.001692000239409],[-104.48893999974025,41.00169100026352],[-104.48944799972837,41.00169100026352],[-104.49014499986238,41.001690000287617],[-104.49133900011384,41.001689000311742],[-104.49218699986058,41.001689000311742],[-104.49294300044413,41.001688000335811],[-104.49377799977206,41.001688000335811],[-104.49462100039425,41.001688000335811],[-104.49620100043511,41.001689000311742],[-104.49705300037979,41.001690000287617],[-104.497116000129,41.001690000287617],[-104.49741700042787,41.001690000287617],[-104.49754499957608,41.001690000287617],[-104.49758899995702,41.001689000311742],[-104.49770000028509,41.001690000287617],[-104.4995389998937,41.001692000239409],[-104.50017499992833,41.00169300021529],[-104.50046199998351,41.00169300021529],[-104.50077099978,41.00169300021529],[-104.50232400005667,41.00169500016699],[-104.50290099964177,41.00169500016699],[-104.50369499986013,41.001696000142822],[-104.50571199974398,41.001694000191144],[-104.5077119999094,41.001689000311742],[-104.50940999995103,41.001684999729953],[-104.51179000005801,41.001681999801967],[-104.51455900032745,41.00167499996936],[-104.51701800007717,41.00166300025468],[-104.51924599984822,41.001650999859862],[-104.52049600017619,41.001645000000565],[-104.52126799975494,41.001641000094111],[-104.52207799986685,41.001637000187365],[-104.52269399981,41.001633000280421],[-104.52355199960247,41.001628999695228],[-104.52436500008744,41.001624999787808],[-104.52501700001559,41.001621999857043],[-104.52772900038363,41.001602000315266],[-104.5308390002366,41.001591999864125],[-104.53263699983734,41.001586999976979],[-104.54016899979553,41.001563999813222],[-104.54328000037171,41.001555000012239],[-104.54361599993237,41.001554000034268],[-104.55013899958702,41.001534999772119],[-104.5502840002503,41.001534999772119],[-104.57071900030095,41.001552000078284],[-104.5775790002395,41.001558999923908],[-104.58196799983443,41.001544000253801],[-104.58703799966985,41.001527999923944],[-104.59513600024077,41.001501999803423],[-104.59952599966063,41.001488000099272],[-104.5996360001638,41.001487000120292],[-104.59996599987667,41.001486000141334],[-104.60007700020475,41.001486000141334],[-104.6046850000828,41.001469999797408],[-104.61851200009001,41.001425000038047],[-104.62243399970471,41.001413000277857],[-104.62312099979296,41.001411000317596],[-104.62360000036709,41.001408999679313],[-104.62503899994262,41.001404999758535],[-104.62551900034164,41.001403999778297],[-104.62551900034164,41.001427999977793],[-104.63328399992832,41.001355000050062],[-104.65091799992251,41.001191000251957],[-104.65658100013485,41.001136999766139],[-104.66434700044476,41.00106500017948],[-104.66667700032306,41.001042999819241],[-104.67366799978284,41.000978000037215],[-104.67599900038435,41.000957000313001],[-104.67680399957507,41.00094699976399],[-104.67921899984219,41.000917000141783],[-104.67960999965443,41.000913000191098],[-104.68002499975613,41.000908000252451],[-104.68285000010206,41.000872999993177],[-104.69132799971628,41.000768999771751],[-104.69415399988713,41.000735000107099],[-104.69605899961797,41.000711000333176],[-104.70177399970886,41.000641000264835],[-104.70368000016295,41.00061899976312],[-104.70695099967438,41.000579000064739],[-104.71676700037843,41.000458000151333],[-104.72003899971479,41.000418999672483],[-104.72334299973652,41.000378999852728],[-104.73325700034984,41.000258000250184],[-104.73656200019649,41.000219000330915],[-104.73935400003215,41.000170999720666],[-104.74773000043741,41.000028999716342],[-104.75052300009799,40.999982000325517],[-104.75184799987072,40.999982000325517],[-104.755824999737,40.999982000325517],[-104.75715100023294,40.999982000325517],[-104.75765300037327,40.999982000325517],[-104.75916200026901,40.999982000325517],[-104.75966500023425,40.999982000325517],[-104.76120500009212,40.999965000292363],[-104.76199400028763,40.999956000273045],[-104.76898399992251,40.99987700005066],[-104.77099499995856,40.999854999971902],[-104.77131399980081,40.99985099995677],[-104.77181699976606,40.999845999937556],[-104.77294999991815,40.999832999885797],[-104.77301799969021,40.999832999885797],[-104.77394099978001,40.99982299984422],[-104.77884699958389,40.999769000271471],[-104.79786700034848,40.999456999990599],[-104.80973100000017,40.999351000223982],[-104.81488399967627,40.999304999683822],[-104.81628399979206,40.999293000215587],[-104.81830999989674,40.999197000323299],[-104.82430600019501,40.999116999854252],[-104.83016400040103,40.999022999738408],[-104.83480599971595,40.998936000290698],[-104.83514800002271,40.998931000202035],[-104.83557499981998,40.998930000184302],[-104.83584799963144,40.998929000166505],[-104.83868899987091,40.998857000201767],[-104.84080000036438,40.998754000209672],[-104.85527299955365,40.998048000295299],[-104.85671899970019,40.998071999682892],[-104.86096199970527,40.9981439998271],[-104.86203100028327,40.998161999681365],[-104.86319899969715,40.998181000237878],[-104.86651699996257,40.998237999840491],[-104.86670299973541,40.998240999925279],[-104.86787199987252,40.998260999808963],[-104.86814200020925,40.998264999920544],[-104.86895200032116,40.998280000336933],[-104.86922299958449,40.998284999796937],[-104.86935599965391,40.998286999852063],[-104.86938800033927,40.998286999852063],[-104.8698839997335,40.998296000099273],[-104.87005000031316,40.998299000181426],[-104.87252999997928,40.998290999962101],[-104.8755240003796,40.998281999714202],[-104.87997099970086,40.998220000006981],[-104.8824520000902,40.998185999705385],[-104.88582899990688,40.998187999763509],[-104.89596299972992,40.998195999995332],[-104.89909600004742,40.998199000082039],[-104.89934100026981,40.998200000110899],[-104.90469200031262,40.998229000263343],[-104.90550999992212,40.998233999727269],[-104.90632900025487,40.998216999921276],[-104.90644800008054,40.998213999835407],[-104.90650499998196,40.998212999806746],[-104.90664800009709,40.998209999720721],[-104.90690500001504,40.998205000254977],[-104.90760899982173,40.998191999879516],[-104.9076830003399,40.998191999879516],[-104.90943900010784,40.998192999908497],[-104.91382500022806,40.998194999966401],[-104.9183140002804,40.998198000053151],[-104.92016100028492,40.998199000082039],[-104.92343400034453,40.998201000139716],[-104.93225099989245,40.998206000283758],[-104.93667200017276,40.998208999692004],[-104.9383929997806,40.998209999720721],[-104.93877799974506,40.998209999720721],[-104.93993500018661,40.998210999749375],[-104.94032099997598,40.998211999778071],[-104.94093100007134,40.998211999778071],[-104.94276100035745,40.998211999778071],[-104.9433709995545,40.998212999806746],[-104.95114699991016,40.99821799994988],[-104.95669799996949,40.998222000064068],[-104.95674400000026,40.998221000035528],[-104.95689899981095,40.998280999686578],[-104.95718199966819,40.998335999827198],[-104.9574860003401,40.998307999749017],[-104.95768899983139,40.998220000006981],[-104.95788200017523,40.998223000092587],[-104.96068499988154,40.998225000149588],[-104.96087300020253,40.998225000149588],[-104.96143800009204,40.998225000149588],[-104.96145999983334,40.998226000178065],[-104.96162700023793,40.998223000092587],[-104.96187699958486,40.998216999921276],[-104.96257799991683,40.998203000197371],[-104.96262999979537,40.998203000197371],[-104.96288199969045,40.998204000226188],[-104.96673499970817,40.998211999778071],[-104.97829399976135,40.998235999783937],[-104.98214699977909,40.998244000009933],[-104.98838999994956,40.998254000291077],[-105.00052599958782,40.998276000226213],[-105.00712199993573,40.998280000336933],[-105.01336599993111,40.998284999796937],[-105.01815499955913,40.998285999824503],[-105.02254300022749,40.998286999852063],[-105.02478799971696,40.998286999852063],[-105.02630300035877,40.998286999852063],[-105.03255900004974,40.998288999907111],[-105.03438699978769,40.998288999907111],[-105.0398719997248,40.99828999993462],[-105.04170100018598,40.998290999962101],[-105.04771000000473,40.998291999989533],[-105.05266299966429,40.998293000016993],[-105.06344900031381,40.998295000071863],[-105.06650700028823,40.998296000099273],[-105.06852699964681,40.998297000126676],[-105.07191299968432,40.998297000126676],[-105.07480900017538,40.998298000154058],[-105.07487699994742,40.998299000181426],[-105.07514300008621,40.998303000290704],[-105.07540900022497,40.998306999721784],[-105.07576599970203,40.998312999884895],[-105.07612399990234,40.998319000047466],[-105.07701400038019,40.998332999746729],[-105.08417600044251,40.998333999773564],[-105.10292900034509,40.998312999884895],[-105.10914400002815,40.998305999694537],[-105.1131950004126,40.998298000154058],[-105.12535000031744,40.998275000198497],[-105.12553100006741,40.998275000198497],[-105.12940199962848,40.998270000059733],[-105.13083799972929,40.998268000004096],[-105.13514900040474,40.998263999892707],[-105.13658600033044,40.998262999864806],[-105.13743900010006,40.998261999836892],[-105.13999900013211,40.998259999781013],[-105.14049000040181,40.998259999781013],[-105.14085299972665,40.998259999781013],[-105.14601600034678,40.998255000319062],[-105.15350899994691,40.998248000122544],[-105.15487499972751,40.998247000094402],[-105.15505399982766,40.998247000094402],[-105.15713900038187,40.998270000059733],[-105.15885199959381,40.998315999966273],[-105.15924499995418,40.998315999966273],[-105.16058200032079,40.998318000020447],[-105.16073600030657,40.998318000020447],[-105.16192600036007,40.998320000074507],[-105.16419900033696,40.998323000155573],[-105.17111799982672,40.998331999719873],[-105.1729110003029,40.998333999773564],[-105.1737210004148,40.998335999827198],[-105.17401000011982,40.998335999827198],[-105.17590700035306,40.998338999907475],[-105.1767269996124,40.998339999934224],[-105.17918799991025,40.998343000014373],[-105.18000899989281,40.99834500006768],[-105.18250500035077,40.998348000147594],[-105.19159399988527,40.998360999814295],[-105.19529100026739,40.998365999946152],[-105.20638499999016,40.99838099966157],[-105.21008300019719,40.998385999791914],[-105.2101479995962,40.998385999791914],[-105.21031699965062,40.998386999817946],[-105.21034599996294,40.998386999817946],[-105.21041299991009,40.998386999817946],[-105.21119799990763,40.99838799984397],[-105.21434299992069,40.998391999947835],[-105.22258299988354,40.998403000232315],[-105.22339399982036,40.998404000258091],[-105.22583000000387,40.998407000335327],[-105.22650399967333,40.998408999708694],[-105.22664199976559,40.998408999708694],[-105.2314930002162,40.998415999888167],[-105.23741099979836,40.998424000092314],[-105.24102600016471,40.998430000244774],[-105.24264899986326,40.998432000295495],[-105.24838499987052,40.998439999819709],[-105.24882199971354,40.998439999819709],[-105.24913800008103,40.998432000295495],[-105.25021299960848,40.998405000283846],[-105.25042500021891,40.998398000103265],[-105.25053700037189,40.99839500002561],[-105.25053700037189,40.998256999697091],[-105.25119799962258,40.998249000150665],[-105.25393199973192,40.998218999978413],[-105.25477899965375,40.998209999720721],[-105.25484399995109,40.998208999692004],[-105.25652699992408,40.998190999850571],[-105.26700100040406,40.998193999937456],[-105.26949399959067,40.998194999966401],[-105.26971000039904,40.998194999966401],[-105.27018499987688,40.998184000325203],[-105.27116099967014,40.998161000329908],[-105.27489599968709,40.998074999775177],[-105.27528499984952,40.998066000175776],[-105.27560299986683,40.998178000150347],[-105.27685999986748,40.998171999974943],[-105.27691599994401,40.998167999857678],[-105.27708099980043,40.998170999945657],[-105.27713600005202,40.998171999974943],[-105.27758499959059,40.998180000208713],[-105.27894500042173,40.998191999879516],[-105.27939800015824,40.998195999995332],[-105.28111499956813,40.998184000325203],[-105.28626999979234,40.998150000005047],[-105.28798799992546,40.998138999678346],[-105.28892699990878,40.99813500023712],[-105.29174600040695,40.998126999997893],[-105.2926860002152,40.998123999907918],[-105.29530200032374,40.998115000315209],[-105.30315300012418,40.998091000265276],[-105.30577000005763,40.998083000020721],[-105.30718000021918,40.998077999867391],[-105.3114140000034,40.998065000144884],[-105.31282499998983,40.99806100002116],[-105.31494999982871,40.998053999804036],[-105.32132500024368,40.998033999857554],[-105.32345099990746,40.998027999669048],[-105.34141499961454,40.997971999917105],[-105.34427000009769,40.997947999815111],[-105.36355000025496,40.99787400006722],[-105.37108300003804,40.997882000337157],[-105.37228899998506,40.997882999692834],[-105.37554199995319,40.997886999827394],[-105.37590799965108,40.997885999793787],[-105.37711500032133,40.997882999692834],[-105.37807900041902,40.997880000269795],[-105.3809719996387,40.99787400006722],[-105.3819369995613,40.997871999999568],[-105.38229399993666,40.997870999965777],[-105.38563599959325,40.997862999694505],[-105.39265200006571,40.997847999861222],[-105.39338099998676,40.997846999827004],[-105.39673299968906,40.997839000230833],[-105.40043300044424,40.997830999955681],[-105.41272100041846,40.997803999697851],[-105.4128429997189,40.997803999697851],[-105.41374400006741,40.997801000271167],[-105.41450399995058,40.997801000271167],[-105.41471800021083,40.997801000271167],[-105.41556000010981,40.997799000201319],[-105.4285910002488,40.997769999859692],[-105.42992199986929,40.997764999682566],[-105.4325770003359,40.997756000040845],[-105.43391800000217,40.997750999862717],[-105.43525000034586,40.997747999755617],[-105.43662399962408,40.997747999755617],[-105.44074699997854,40.997749999827029],[-105.44212199997997,40.997750999862717],[-105.44241700043106,40.997749999827029],[-105.4433060001857,40.997747999755617],[-105.4436019995634,40.997747999755617],[-105.44441199967528,40.997740000147417],[-105.44684399966086,40.997716999997159],[-105.44765499959766,40.997709999743506],[-105.44803999956213,40.997704000203498],[-105.44919799982857,40.997688000297408],[-105.44942100030967,40.997685000187502],[-105.44958500034119,40.997685000187502],[-105.45196799992293,40.997677999930396],[-105.45911699956648,40.997659999943963],[-105.46150099987143,40.997653999721415],[-105.46207800035485,40.997653999721415],[-105.46380900000842,40.997653999721415],[-105.46438700031673,40.997654999758545],[-105.46522099981978,40.997654999758545],[-105.46771700027773,40.997654999758545],[-105.46854999995585,40.997655999795668],[-105.46927999970183,40.997655999795668],[-105.47147300021109,40.997655999795668],[-105.47220399978197,40.997656999832778],[-105.47235500029301,40.997655999795668],[-105.47281200022751,40.997655999795668],[-105.47296399966515,40.997655999795668],[-105.47299200015257,40.997655999795668],[-105.47307900019119,40.997655999795668],[-105.47310799960519,40.997655999795668],[-105.47352899955469,40.997653999721415],[-105.47479300012635,40.99765100028791],[-105.47521499990073,40.99765100028791],[-105.47686500026178,40.99764600010181],[-105.47832899995167,40.997642999989935],[-105.48181799992132,40.997634000331558],[-105.48346999993218,40.997631000219137],[-105.48504999997303,40.997627000069087],[-105.48979000009557,40.99761600033311],[-105.49137099996132,40.997613000219864],[-105.49284200022221,40.997610000106548],[-105.49350300037121,40.997608000030887],[-105.4961710003583,40.997603999879388],[-105.49757899997169,40.997600999765652],[-105.49989899980424,40.997596000253722],[-105.50054700043275,40.997595000215689],[-105.50203100021413,40.99759000002534],[-105.50333300042064,40.997584999834615],[-105.50723999996671,40.997572000014877],[-105.50854299999813,40.997567999861197],[-105.51155999996467,40.997557000115371],[-105.52061400023739,40.997527000306214],[-105.52363200002887,40.997516999914779],[-105.52389999981746,40.997514999836291],[-105.52470400008158,40.99751299975776],[-105.52497299969508,40.997511999718462],[-105.52728699967986,40.997503000042201],[-105.53423000035738,40.997479999809293],[-105.53654500016707,40.997473000208416],[-105.53842800015663,40.997465999928849],[-105.54407700012526,40.997445999803951],[-105.54596099993971,40.997440000239926],[-105.54690800031895,40.997436000078231],[-105.5497489996601,40.997427999754173],[-105.55069699986429,40.997425000310379],[-105.55071500030594,40.997424000269795],[-105.55076899983432,40.997424000269795],[-105.55078800010088,40.997424000269795],[-105.55391800004533,40.997401000009269],[-105.55432499975112,40.997399999968287],[-105.5573240001743,40.997390000235583],[-105.55805200027045,40.997387000112113],[-105.55980300001552,40.997379999823359],[-105.56505600014904,40.997361999755547],[-105.56680799971903,40.997356000183871],[-105.56927999988754,40.997345999766495],[-105.57669800004291,40.997320000030236],[-105.57917100003633,40.997311000327763],[-105.57957699991719,40.997309000243028],[-105.58079499955979,40.997305000073389],[-105.58120200016388,40.997304000030937],[-105.58268599994526,40.997297999775974],[-105.58713800018769,40.997282999814168],[-105.588622999794,40.997278000278108],[-105.58966999973235,40.997274000106636],[-105.59281300009559,40.997263000311754],[-105.59361200033686,40.997261000225564],[-105.59373600018542,40.99726000018245],[-105.59386099985889,40.99726000018245],[-105.59392600015622,40.99726000018245],[-105.59519900005039,40.997254999966685],[-105.59921600009964,40.997241000038471],[-105.60055500011606,40.997236999864747],[-105.6013889996191,40.997232999690738],[-105.60389299957467,40.997225000020038],[-105.60472799980093,40.997222999932703],[-105.60544599985133,40.99721999980158],[-105.60760000000252,40.997212000129302],[-105.60831899987782,40.997210000041569],[-105.60933499985407,40.997205999865969],[-105.61238600015581,40.99719500005974],[-105.61340299995695,40.997191999927338],[-105.6134260004215,40.997191999927338],[-105.6134409995918,40.997191999927338],[-105.61350599988911,40.99719099988318],[-105.61370400025584,40.99719099988318],[-105.61377000037807,40.99719099988318],[-105.61864699986965,40.997173999808197],[-105.62547400019621,40.997150000093711],[-105.62847400044433,40.99711900005402],[-105.62893800005152,40.997112999782225],[-105.63096900017908,40.997118000008747],[-105.63585800026452,40.997131999963102],[-105.64546800020591,40.997114999872849],[-105.6495289997378,40.997108000233268],[-105.66171600032801,40.997087999999749],[-105.66577799968478,40.997081999725133],[-105.66653799956798,40.997080000311456],[-105.66881800011588,40.997077000173825],[-105.66957899982397,40.997076000127919],[-105.6719870004184,40.997070999898199],[-105.67274200027872,40.997069999852201],[-105.67839100024734,40.997061000115593],[-105.679211000405,40.997059000023278],[-105.68161999992601,40.997054999838511],[-105.68322699973105,40.9970460000998],[-105.68467100022777,40.997037999728406],[-105.69173200000775,40.997001000032057],[-105.69382599988448,40.996990000191616],[-105.69687800001115,40.996974000112267],[-105.70204699958076,40.996963000267321],[-105.7043659995884,40.996954999885844],[-105.70714800027662,40.996945000085645],[-105.70729399986649,40.996944000037729],[-105.71474499963381,40.996926999899046],[-105.72208300032156,40.996911999852813],[-105.72290699977886,40.996914999997912],[-105.72352899956979,40.996909999755978],[-105.72403900010603,40.996909999755978],[-105.72423199955156,40.996908999707543],[-105.72471000030077,40.996907000288616],[-105.72482900012646,40.996906000240138],[-105.72485800043879,40.996907000288616],[-105.72523500000733,40.996920000239506],[-105.72565299958377,40.996884999896523],[-105.72610899969332,40.996876000134655],[-105.72644099995435,40.996836000198776],[-105.72704799967669,40.996833000050088],[-105.72761299956619,40.996838999669365],[-105.72811899990448,40.996884999896523],[-105.72855300027277,40.996905000191639],[-105.72905899971273,40.996867999742626],[-105.72940600004237,40.996822000181609],[-105.72990499980966,40.996857999929219],[-105.74136400030373,40.996907000288616],[-105.75055199957242,40.996895999754486],[-105.76438299977758,40.996917000094591],[-105.76601100039731,40.996919000191212],[-105.77014800009717,40.996926999899046],[-105.77054999978007,40.996927999947211],[-105.79328700011993,40.996961000172028],[-105.79773099996646,40.99696799982727],[-105.79813099999956,40.996968999874809],[-105.80613999998369,40.996984999955373],[-105.8115189996156,40.996993999702369],[-105.81814199972767,40.997004000173156],[-105.8190599997946,40.997004000173156],[-105.82181399999544,40.997007000314049],[-105.82273200006237,40.997007999683049],[-105.82375800008434,40.997009999776864],[-105.82683600015027,40.997017000104854],[-105.82786299999717,40.997020000245222],[-105.83003200021697,40.997023999754141],[-105.83018000035497,40.997023999754141],[-105.83713300017992,40.9970360003134],[-105.83945100036267,40.997039999821354],[-105.84024100038309,40.997040999867814],[-105.84261100044435,40.997045000053475],[-105.84340200028969,40.997047000146168],[-105.8458250000544,40.997044000007087],[-105.84680500004562,40.997041999914252],[-105.85701500003664,40.997030000034052],[-105.86041899961748,40.99702599984753],[-105.86073300033514,40.99702599984753],[-105.86167499979321,40.997027999940791],[-105.86199000033579,40.997028999987428],[-105.86349300038374,40.997031000080653],[-105.86800300035252,40.99703699968196],[-105.86950700022537,40.997038999774894],[-105.8700930000313,40.997038999774894],[-105.87036199964481,40.997039999821354],[-105.87185399982211,40.997040999867814],[-105.87244200017615,40.997041999914252],[-105.8755579998769,40.997059000023278],[-105.87570000016713,40.997059000023278],[-105.87772000042403,40.997061000115593],[-105.89355599991917,40.997080999679298],[-105.89667099979501,40.997084999862487],[-105.89883499999195,40.997087999999749],[-105.89898300012995,40.997087999999749],[-105.89900999989415,40.997087999999749],[-105.89953700014881,40.997090000091184],[-105.8997129998759,40.997091000136876],[-105.93206000015718,40.997140000323085],[-105.95154899965348,40.997169000263924],[-105.95179899989873,40.997169000263924],[-105.95700000015373,40.997176999941409],[-105.97227900015525,40.997199000236002],[-105.9773730002801,40.997206999909906],[-105.9945310000732,40.997239999995045],[-106.00056199963328,40.997250999793771],[-106.00340399969765,40.99724500021199],[-106.00869799983904,40.997234999777767],[-106.00896499980273,40.997233999734263],[-106.01386800013188,40.997199000236002],[-106.0139409999268,40.997198000192],[-106.01404600040709,40.997199000236002],[-106.01480600029029,40.997205999865969],[-106.01662999983031,40.997223999976377],[-106.01740099958414,40.997217999714138],[-106.01826699977256,40.997212000129302],[-106.01884099988291,40.997206999909906],[-106.0205659996887,40.997194000015618],[-106.0211420003472,40.99719099988318],[-106.02253700044012,40.997182000163086],[-106.02442999957709,40.997169000263924],[-106.02463700016465,40.997167000174883],[-106.0351240001651,40.997097999778262],[-106.03713600002607,40.997084999862487],[-106.03861999980744,40.997080000311456],[-106.03970100008102,40.997076000127919],[-106.04294400000337,40.997063000207852],[-106.04402600010184,40.997060000069439],[-106.04424000036208,40.997059000023278],[-106.04488100041958,40.997055999884694],[-106.04509599960643,40.997055999884694],[-106.04641299988154,40.997051000331467],[-106.05036499963346,40.99703699968196],[-106.05097499972884,40.997035000266926],[-106.0516829997335,40.997033000173822],[-106.05762600032831,40.997010999823772],[-106.05785300010905,40.997010999823772],[-106.06118100042021,40.996998999937922],[-106.07545699996598,40.997110000324099],[-106.08140100038572,40.997156999728823],[-106.08204699956779,40.99716199995202],[-106.08398700035706,40.997176999941409],[-106.08463400026234,40.997182000163086],[-106.08568399967545,40.997189999838994],[-106.08792300021544,40.997206999909906],[-106.08873300032735,40.997212000129302],[-106.10343900004345,40.997223999976377],[-106.10885100018562,40.997227000107266],[-106.11500399994441,40.997232000325205],[-106.1206789998523,40.997235999821271],[-106.12554700002136,40.997340000193361],[-106.12788799977031,40.9973319998576],[-106.1283020000471,40.997328999731486],[-106.12925500027414,40.997327000325313],[-106.13856999976444,40.997343999682819],[-106.15007399956605,40.997363999838676],[-106.15921099967942,40.99749599976581],[-106.15975300000274,40.997504000081626],[-106.16082000003257,40.997520000032338],[-106.16092899981254,40.997522000110663],[-106.16134100043949,40.997522000110663],[-106.16138099972414,40.997522000110663],[-106.16192399987237,40.997522000110663],[-106.16234399999693,40.997522000110663],[-106.1636510002263,40.997521000071508],[-106.16377900027283,40.997521000071508],[-106.1639390001064,40.997521000071508],[-106.17064000003627,40.997530999784331],[-106.17678299974932,40.997540000134777],[-106.17709200044412,40.997540000134777],[-106.18404699991889,40.997567999861197],[-106.18424699993543,40.997568999899642],[-106.18441799963966,40.997568999899642],[-106.18662500039262,40.997579000283181],[-106.19055399968002,40.9975780002449],[-106.19065599978728,40.9975780002449],[-106.19096299993393,40.9975780002449],[-106.1910659998661,40.9975780002449],[-106.19345400036902,40.9975780002449],[-106.19519199969531,40.9975780002449],[-106.20031900033042,40.997630000181687],[-106.20061800008119,40.99763200025663],[-106.20300700040902,40.997648000176312],[-106.2032679996266,40.997649000213542],[-106.2037870003837,40.99765200032509],[-106.20405099997434,40.997653999721415],[-106.20431200009025,40.997655999795668],[-106.20526199994424,40.997663000055056],[-106.20811200040453,40.997684000150819],[-106.20906200025851,40.99769099972923],[-106.21027400005335,40.997700000057826],[-106.21173500026849,40.997711999816062],[-106.2139100003361,40.997719000069509],[-106.2151229999558,40.99772300021403],[-106.21801299970076,40.997737000039827],[-106.22005100039931,40.997783999675512],[-106.22563500007062,40.997898000196152],[-106.22866000043309,40.997915000084419],[-106.23439200024241,40.998037999982905],[-106.24029399993103,40.998128000027805],[-106.24154900028188,40.998139999708123],[-106.24518600038952,40.998176000091931],[-106.24702900019609,40.998224000121091],[-106.25037699970045,40.998282999741761],[-106.26188700024814,40.998405000283846],[-106.27124600011936,40.998506000094949],[-106.28359799966772,40.998638999791346],[-106.29851699981911,40.998776999998043],[-106.30304699987937,40.998819000150995],[-106.31421799959506,40.998923000059406],[-106.31663600023522,40.998991999901634],[-106.32116499957222,40.999122999943687],[-106.32621299966632,40.999267999903992],[-106.32645600023888,40.999274999992181],[-106.33823899969974,40.999528999977862],[-106.34136299979642,40.999570000321604],[-106.34641400026356,40.999637000150358],[-106.35142499964944,40.999972000306542],[-106.35396600031324,40.999971000304541],[-106.35882500026145,41.000137999746961],[-106.37556700012794,41.000720000249402],[-106.38353000008135,41.001062000223222],[-106.38635600025221,41.001144000333809],[-106.38650600004003,41.001140999703182],[-106.38695799995165,41.0011349997975],[-106.38710899956438,41.001132999828805],[-106.38759800018424,41.001125999937933],[-106.38906699989701,41.001106000245599],[-106.38955700034178,41.001100000336734],[-106.39001500010117,41.001115000107895],[-106.39139299957735,41.001160000078912],[-106.39185200005997,41.001175999820134],[-106.39699300004048,41.001093999749358],[-106.39863699965545,41.00109699970416],[-106.40289599955403,41.001206000002405],[-106.40320299970068,41.001212999884778],[-106.41110399972983,41.001366999820867],[-106.42883800018141,41.001710999778339],[-106.4292599999558,41.001719000260515],[-106.43052700000221,41.001742999667343],[-106.43094999960149,41.001752000120618],[-106.43101800027189,41.001746000270508],[-106.43122099976317,41.001730999964991],[-106.43129000025846,41.001726000088397],[-106.43192999959271,41.001734999866038],[-106.43385000029051,41.001761999869473],[-106.4344899996248,41.001772000294828],[-106.43507499960582,41.001776000193331],[-106.43683299992186,41.001789999836305],[-106.43741899972781,41.001794999708039],[-106.43773400027038,41.001820999713033],[-106.43867999992642,41.001902000262483],[-106.43899600029391,41.001929000197556],[-106.43910900027181,41.001937999947465],[-106.43944900003044,41.001967999782906],[-106.43956299983326,41.00197800017694],[-106.44133200001998,41.00198699992017],[-106.44664100023,41.00201399982042],[-106.44841100024165,41.002023000236683],[-106.44906700036775,41.002025000178321],[-106.45103499984781,41.002033999915128],[-106.45169099997392,41.002036999827148],[-106.45210400042579,41.002037999797778],[-106.45334299998478,41.002044000299207],[-106.45375700026158,41.002046000240263],[-106.45385900036881,41.002056999914871],[-106.45571499969587,41.002118000111118],[-106.4790129997273,41.00213900014338],[-106.48339399982463,41.00213900014338],[-106.4846440001526,41.00213900014338],[-106.48839599988798,41.00213900014338],[-106.48964700004085,41.002140000112469],[-106.49051300022926,41.002140000112469],[-106.49311199972105,41.002140000112469],[-106.49397899973438,41.002140000112469],[-106.50043500034019,41.001900000317065],[-106.50058799960274,41.001894999775324],[-106.51981699970638,41.001953000205873],[-106.52627800033507,41.00197300031909],[-106.53188200009785,41.001971999669507],[-106.56869699961676,41.002063999706863],[-106.56881600034076,41.002064999677096],[-106.57619400031317,41.002083999786443],[-106.5859549998673,41.002108999707879],[-106.58754300030408,41.002112000294382],[-106.59230699981774,41.002124999896623],[-106.59389500025451,41.00212899977376],[-106.60163800009988,41.002123999927363],[-106.62486800035924,41.002109999677373],[-106.62559200025743,41.002109999677373],[-106.63261200002954,41.002141000081544],[-106.63562999982099,41.002153999678129],[-106.6446840000937,41.002194999744759],[-106.64770199988516,41.002208999976638],[-106.64893799996942,41.002213999816632],[-106.65264600022219,41.002230999947656],[-106.65388300013136,41.002236999753563],[-106.66017499980734,41.002265000196502],[-106.67905300028168,41.002351000029876],[-106.68534599978257,41.00237999971187],[-106.68751800037542,41.002390000043441],[-106.69403299963416,41.002422000280681],[-106.69620600005192,41.002432999892584],[-106.70089799959557,41.002454999788789],[-106.7149740000231,41.002523000037847],[-106.71966700028996,41.002545999866939],[-106.72288000007511,41.002560999986962],[-106.73252099997863,41.002608000250532],[-106.73573499958867,41.002624000318193],[-106.73641500000426,41.002627000203297],[-106.73845700000244,41.002635999857894],[-106.73913800024293,41.002639999704009],[-106.74168999987907,41.002651999918754],[-106.74934900005886,41.002688999832735],[-106.75059600001379,41.002695000274905],[-106.75190200041823,41.002701999999125],[-106.75284600042443,41.002695000274905],[-106.75567900026797,41.002675999663794],[-106.75662400009909,41.002669999897854],[-106.75672399965822,41.002667999975728],[-106.75702800033014,41.002665000092442],[-106.75712899971417,41.002664000131311],[-106.75745099992945,41.002667000014654],[-106.75842000005002,41.002678000263565],[-106.75874300009021,41.002682000107136],[-106.75995999990788,41.002681000146261],[-106.76361200008417,41.002681000146261],[-106.76482999972677,41.002681000146261],[-106.77048799991623,41.002681000146261],[-106.77657299990295,41.002681000146261],[-106.78746499995937,41.002681000146261],[-106.79312399997373,41.002681000146261],[-106.79333800023397,41.002680000185379],[-106.79398199976623,41.002680000185379],[-106.79419699985139,41.002680000185379],[-106.79443299985294,41.002680000185379],[-106.81393300011823,41.002674999702826],[-106.81467799993278,41.002674999702826],[-106.81639799971572,41.002674999702826],[-106.83362400017921,41.002669999897854],[-106.83446299970514,41.002669999897854],[-106.8371290000424,41.002667999975728],[-106.8451270001559,41.002666000053559],[-106.84779400031809,41.002666000053559],[-106.84978899956232,41.002665000092442],[-106.85577700036298,41.002663000170173],[-106.85777300033044,41.002663000170173],[-106.86648600012128,41.002824999777829],[-106.87559999977013,41.002995999948581],[-106.88794399982086,41.003042999901929],[-106.89263100023996,41.003059999819065],[-106.90130200019802,41.003092999685656],[-106.90134800022877,41.003092999685656],[-106.90143400044248,41.003091999731026],[-106.90169899985804,41.003092999685656],[-106.90179000009465,41.003094000318221],[-106.90187299993532,41.003094000318221],[-106.90197400021765,41.003094000318221],[-106.90212200035565,41.003095000272779],[-106.90220500019633,41.003097000181938],[-106.90783400007348,41.003119999810714],[-106.91660499959065,41.003154000278919],[-106.93562199998217,41.003230000105468],[-106.93755000017758,41.003237999725307],[-106.95763100022592,41.003313000181699],[-106.95935799968154,41.003318999889103],[-106.95980600029351,41.003319999840286],[-106.96270500025928,41.003330999980257],[-106.96660799960742,41.003344999970814],[-106.97415299998438,41.00337199999263],[-106.97420700041106,41.00337199999263],[-106.97868399986956,41.003384000074085],[-106.98003700012967,41.003386999924643],[-106.99067499974285,41.003416999778445],[-106.99752800000871,41.003435000226489],[-107.00060600007463,41.003443999770759],[-107.00311900025102,41.003421000255059],[-107.0033589995522,41.003421000255059],[-107.00880000000673,41.00341000013016],[-107.02487499987645,41.003379000322902],[-107.0251250001217,41.003377999694656],[-107.03056700040109,41.003367000240523],[-107.03061500008165,41.003367000240523],[-107.03249999972104,41.00336299976059],[-107.03830299967545,41.003350999675312],[-107.04023699971864,41.003347999823106],[-107.04122199973273,41.003344999970814],[-107.044176999775,41.003340000216625],[-107.04516299961401,41.003338000314834],[-107.04734600007751,41.003333999833188],[-107.04891799972245,41.003330000029244],[-107.05018099957087,41.003327000176078],[-107.06305500024935,41.003302999990176],[-107.06523600016473,41.003298000232839],[-107.06741200005725,41.00329499970033],[-107.07025499994654,41.003288999990694],[-107.07083200042992,41.003287000087418],[-107.07256300008352,41.003284000232298],[-107.07314100039183,41.003283000280568],[-107.07440500006516,41.00327999974737],[-107.07900799992034,41.003270000228788],[-107.09200100042452,41.003245000069811],[-107.09224300027385,41.003242000212829],[-107.0965480002032,41.003189999957925],[-107.09661299960221,41.00318900000476],[-107.0992530000002,41.003158000093549],[-107.10226199957084,41.003119999810714],[-107.10248300040209,41.003119999810714],[-107.1030189999793,41.003117999902301],[-107.1046309998072,41.003115000039493],[-107.10516999975745,41.003115000039493],[-107.10528500028349,41.003114000085191],[-107.10555399989701,41.003114000085191],[-107.10563000006498,41.003114000085191],[-107.10565000015647,41.003114000085191],[-107.10574600041593,41.003114000085191],[-107.10587100008941,41.003114000085191],[-107.10596599962567,41.003113000130881],[-107.10662900032277,41.003111000222198],[-107.10685000025573,41.003111000222198],[-107.10869600043536,41.003104999817921],[-107.1142340000759,41.003090999776376],[-107.11608100008044,41.003086999957688],[-107.11646299967187,41.003085000048216],[-107.11761199971748,41.003083000138702],[-107.11799599985703,41.003082000183909],[-107.11837099977575,41.003080000274345],[-107.11840599993586,41.003080000274345],[-107.11876900015901,41.003077999686724],[-107.11932300017787,41.003076999731867],[-107.1194999997299,41.003075999776989],[-107.11987899984659,41.003076999731867],[-107.12052300027712,41.00307399986719],[-107.12116500015956,41.003071999957385],[-107.12214500015078,41.003070000047465],[-107.12239399967279,41.003068000137489],[-107.12561400002895,41.003055000043297],[-107.12994099969958,41.003046999723296],[-107.13245800007395,41.003042999901929],[-107.133848000144,41.003039000080271],[-107.13801900017906,41.003030999758337],[-107.13941000007399,41.003027999891614],[-107.14056599979232,41.003024000069047],[-107.14403499967048,41.003013999833719],[-107.14519200011205,41.003010999966172],[-107.14520600035574,41.003010999966172],[-107.14526699955677,41.003010000010306],[-107.14551699980203,41.003010000010306],[-107.15041299956017,41.003000999728826],[-107.16420100010764,41.002975000189387],[-107.16607999989922,41.002970999685658],[-107.17009799977338,41.002963000033411],[-107.17115800013055,41.002961000120244],[-107.1713029998955,41.002963000033411],[-107.17136499981979,41.002961000120244],[-107.1715549997906,41.002962000076856],[-107.17162099991282,41.002963000033411],[-107.17869000008872,41.002949999918513],[-107.18741899977312,41.002935999844041],[-107.19412700027401,41.002923999681009],[-107.19497500002075,41.002921999766606],[-107.19990000009122,41.002912000193696],[-107.20652400002818,41.00289900006873],[-107.20679799966459,41.002898000111159],[-107.20696900026711,41.002898000111159],[-107.20700699990195,41.002896000195953],[-107.20712499990272,41.002894000280754],[-107.20716400026079,41.002895000238325],[-107.20717699978125,41.002895000238325],[-107.20721799978915,41.002895000238325],[-107.20723200003286,41.002895000238325],[-107.20909900012887,41.00288200011002],[-107.20985200033937,41.002878000278642],[-107.21470200006675,41.002846000262764],[-107.2165709998126,41.002834000083354],[-107.21690700027159,41.002832000166208],[-107.21791900004985,41.002829000290383],[-107.21825799998356,41.002830000249006],[-107.21930699957174,41.002831000207621],[-107.22245800033092,41.002836999958895],[-107.22350899956892,41.002839999834357],[-107.22474899985116,41.002837999917396],[-107.22529500037241,41.002836000000379],[-107.22658300033521,41.002834000083354],[-107.23065399991283,41.002824999777829],[-107.2324409996429,41.002821999901698],[-107.23357499961992,41.002819000025468],[-107.23675099959513,41.002813000272496],[-107.23697699955093,41.002809999717911],[-107.238113999901,41.002804999923171],[-107.23861699986624,41.002803000005144],[-107.24013099978484,41.002803999964165],[-107.24063600029822,41.002803999964165],[-107.24069300019963,41.002804999923171],[-107.24074699972799,41.002803999964165],[-107.24108200036206,41.002803999964165],[-107.24119399961674,41.002803999964165],[-107.24143999966402,41.002805999882106],[-107.24456999960849,41.002831000207621],[-107.24566099992778,41.002840999792809],[-107.25061199993752,41.002881000152179],[-107.25424300019739,41.002862000272643],[-107.2547009999568,41.002858999720239],[-107.25786199986339,41.002852999970955],[-107.25788199995486,41.002845000304383],[-107.25807799977346,41.002845000304383],[-107.25866799977734,41.002843999668038],[-107.26142399962798,41.002840999792809],[-107.27146499956459,41.002832000166208],[-107.27481299996727,41.002829000290383],[-107.27483399988367,41.002828000331746],[-107.27489900018098,41.002828000331746],[-107.2749209999223,41.002829000290383],[-107.27496399958001,41.002829000290383],[-107.27722499986132,41.002837999917396],[-107.27833899974684,41.002841999751254],[-107.28859499976862,41.002887999856704],[-107.29196800028564,41.002904999813822],[-107.2920140003164,41.002904999813822],[-107.29204199990548,41.002904999813822],[-107.29212800011923,41.002904999813822],[-107.29215700043152,41.002905999771286],[-107.29251200025877,41.002906999728751],[-107.29266299987151,41.002905999771286],[-107.29418000016315,41.002912000193696],[-107.29446700021835,41.002913000151061],[-107.29457699982319,41.002913000151061],[-107.29468800015127,41.002913000151061],[-107.29477299964176,41.002913000151061],[-107.29485899985549,41.002913000151061],[-107.2958520002655,41.002916000023063],[-107.29934799990787,41.00292500031609],[-107.30041400011281,41.002928000187552],[-107.30051399967192,41.002929000144668],[-107.3005970004109,41.002929000144668],[-107.30067900042668,41.002929000144668],[-107.30081199959774,41.002929000144668],[-107.30170899974829,41.002932000015946],[-107.30200800039735,41.002933999929994],[-107.30217900010156,41.002932999972948],[-107.30269200011257,41.002934999887032],[-107.3028639996417,41.002936999801044],[-107.30293700033495,41.002936999801044],[-107.3037640001653,41.002938999714999],[-107.30646599958928,41.002946000091264],[-107.30717199994409,41.00294899996171],[-107.30727099967831,41.002948000004885],[-107.30736699993776,41.002948000004885],[-107.30747800026585,41.00294700004811],[-107.30757399962701,41.002946000091264],[-107.30792299960646,41.002941000306791],[-107.30959200023408,41.002919999852132],[-107.31014899972767,41.002914000108404],[-107.31078800013535,41.002915000065741],[-107.31117599957456,41.002915000065741],[-107.31156399991208,41.002915000065741],[-107.31167699988997,41.002915000065741],[-107.31626399985164,41.002917999937601],[-107.31779399966376,41.002919999852132],[-107.31805399995477,41.002919999852132],[-107.31870800043106,41.002920999809376],[-107.31936100018412,41.002921999766606],[-107.31949400025353,41.002921999766606],[-107.31960700023143,41.002921999766606],[-107.32016600027316,41.002922999723822],[-107.32617500009191,41.002934999887032],[-107.32948400013653,41.002941000306791],[-107.33941100027032,41.002960000163604],[-107.34272000031493,41.00296699985968],[-107.34496900000237,41.002970999685658],[-107.3517169997879,41.002984999752748],[-107.35363499993754,41.002989000255575],[-107.35377700022778,41.002989000255575],[-107.35396700019859,41.002993000080217],[-107.35408799967409,41.002994999992481],[-107.35419800017725,41.002996999904667],[-107.35453600028606,41.003003000318785],[-107.35624299965021,41.003036000213875],[-107.3566729998205,41.003044999812616],[-107.35673499974479,41.003045999767963],[-107.35681299956258,41.003045999767963],[-107.35691800004288,41.003044999812616],[-107.35732399992375,41.003045999767963],[-107.35885700010894,41.003050000267145],[-107.35937799961752,41.003053000132866],[-107.36093900029012,41.003055999998487],[-107.36565099992524,41.003068000137489],[-107.36707699998028,41.003071999957385],[-107.36722299957015,41.00307299991232],[-107.36727600017191,41.003071999957385],[-107.36732499967741,41.003071999957385],[-107.36748799988402,41.00307299991232],[-107.36754099958746,41.00307299991232],[-107.36950800014093,41.003066000227449],[-107.37541099965446,41.003049000311862],[-107.37562300026487,41.003049000311862],[-107.37737900003283,41.003039000080271],[-107.37914300019668,41.003036000213875],[-107.38314099997935,41.003031999713897],[-107.38443899998788,41.003029999802763],[-107.38608000012812,41.003028999847224],[-107.3861920002811,41.003027999891614],[-107.38620800017465,41.003024000069047],[-107.38630199988594,41.003027999891614],[-107.38732000041031,41.003023000113366],[-107.3886910002138,41.003015999745287],[-107.3934940000855,41.002993000080217],[-107.39615200002687,41.002979999971231],[-107.39855800007315,41.002968999772733],[-107.39859999990594,41.002968999772733],[-107.3986400000889,41.002968999772733],[-107.39877099961015,41.002967999816214],[-107.40368300016016,41.002945000134396],[-107.41881499984858,41.002878000278642],[-107.42380699986619,41.002855999845686],[-107.42385999956964,41.002855999845686],[-107.4240410002179,41.002854999887454],[-107.42458500019103,41.002852999970955],[-107.42476699976591,41.002852999970955],[-107.42480799977379,41.002852999970955],[-107.4250539998211,41.00285200001268],[-107.42770000006688,41.002840999792809],[-107.42787499996906,41.002840999792809],[-107.43650099972129,41.002807999800034],[-107.43943499984715,41.002798000209829],[-107.44147400037062,41.002789999858685],[-107.44759399961916,41.002767000114744],[-107.44963399996753,41.002759999719466],[-107.45012799971195,41.002758999759791],[-107.45110100003046,41.002755999880634],[-107.45550600041724,41.002750000121985],[-107.45662399960241,41.002749000162147],[-107.45697599995491,41.002748000202288],[-107.46132199989214,41.002732000164741],[-107.47210199979557,41.002694000314222],[-107.47436200025196,41.002684999989647],[-107.47859600003621,41.002670999858886],[-107.47867800005197,41.002670999858886],[-107.47870900001411,41.002669999897854],[-107.48087900005883,41.002637999780987],[-107.48310600000497,41.002604999686561],[-107.48371000025256,41.00259699998989],[-107.49629899962737,41.002411999954006],[-107.50062000034853,41.002349000098079],[-107.50069700034142,41.002349000098079],[-107.50718099963802,41.002350000063977],[-107.51102399961,41.002351000029876],[-107.518492999819,41.002353999927401],[-107.5266380002456,41.002355999859049],[-107.52672799975896,41.002356999824848],[-107.53312599974015,41.002312999959685],[-107.53325299996175,41.002311000026729],[-107.53400699999717,41.00230900009371],[-107.53665900009075,41.00230400026097],[-107.53754500037061,41.00230400026097],[-107.54099900018019,41.002295999849807],[-107.55136900000478,41.002282000314359],[-107.55478900037745,41.002276999801616],[-107.55482700001231,41.002276999801616],[-107.55671500002472,41.002273999900531],[-107.55858700014359,41.002270999999304],[-107.56986400016447,41.002254999845952],[-107.5731330000261,41.002250999976525],[-107.57362400029579,41.002250999976525],[-107.61339899987983,41.002152999709239],[-107.62564900021924,41.002122999958019],[-107.63064600025974,41.002122999958019],[-107.6365089995903,41.002124999896623],[-107.64301899972448,41.002125999865939],[-107.66087200000176,41.002131999681446],[-107.66264399966322,41.002131999681446],[-107.66918800013259,41.002134000297744],[-107.66926299957733,41.002134000297744],[-107.6694919999062,41.002134000297744],[-107.66956899989908,41.002134000297744],[-107.66959599966327,41.002134000297744],[-107.67039900010248,41.002138000174327],[-107.67052399977594,41.00213900014338],[-107.67065699984535,41.00213900014338],[-107.67197400012044,41.002146999895686],[-107.67259500008647,41.002149999802512],[-107.67836100023098,41.002153999678129],[-107.67858600036188,41.002153999678129],[-107.68936299989224,41.002160000168992],[-107.68976100027548,41.002157000262578],[-107.69096200019965,41.002159000200201],[-107.69136300005766,41.002160000168992],[-107.6914099999133,41.002160000168992],[-107.69418800040357,41.00215500032489],[-107.70266199981982,41.002143999988697],[-107.70528100030144,41.002141000081544],[-107.70529700019497,41.002141000081544],[-107.70548799999068,41.002146999895686],[-107.7055940002959,41.002147999864611],[-107.70570200025092,41.002149999802512],[-107.70576599982502,41.00215099977143],[-107.70660400042435,41.002166999950049],[-107.70688399990853,41.002172999761775],[-107.70694500000789,41.002166999950049],[-107.70696500009937,41.002165999981358],[-107.70707700025235,41.002159000200201],[-107.70712900013091,41.00215500032489],[-107.70719199988008,41.002152999709239],[-107.70729099961429,41.002143999988697],[-107.70731900010169,41.002142000050604],[-107.70762600024835,41.002141000081544],[-107.70894400034838,41.002138000174327],[-107.70933099996266,41.002138000174327],[-107.70938600021427,41.002138000174327],[-107.70948900014642,41.002138000174327],[-107.70959399972841,41.002138000174327],[-107.71046099974171,41.002135000266897],[-107.71369000031868,41.002133000328556],[-107.71445199985172,41.002133000328556],[-107.71460900021053,41.002131999681446],[-107.71476900004411,41.00213600023605],[-107.71490399976334,41.002133000328556],[-107.71533300010871,41.002131999681446],[-107.71703199997523,41.00212899977376],[-107.71728700024337,41.00212899977376],[-107.717442999879,41.00212899977376],[-107.71760199988765,41.002129999743005],[-107.71772499991128,41.002127999804493],[-107.71815300043178,41.002126999835227],[-107.71981100029043,41.002125999865939],[-107.72026300020205,41.002125999865939],[-107.72036600013422,41.002126999835227],[-107.72109099985731,41.002122999958019],[-107.72327199977268,41.002112000294382],[-107.72399900004392,41.002108999707879],[-107.73123300007626,41.002070000205919],[-107.73736099972069,41.002038999768409],[-107.74865399963511,41.001982000062995],[-107.75062700003635,41.001970999697861],[-107.75293799964805,41.001966999811195],[-107.75572000033628,41.001963999895992],[-107.75622999997422,41.001962999924231],[-107.7570440002841,41.001961999952506],[-107.76018299955106,41.001957000093391],[-107.7625099999546,41.001953000205873],[-107.76692100018919,41.001947999668111],[-107.76952399987894,41.001944999752098],[-107.77186299997808,41.001945999724136],[-107.77436899958346,41.0019419998359],[-107.78189100039422,41.001933000086524],[-107.78414199973147,41.001931000142051],[-107.78479200000983,41.001929000197556],[-107.78659800000648,41.001938999919609],[-107.79164699992549,41.001966999811195],[-107.79198699968411,41.001961999952506],[-107.80001699958467,41.001944999752098],[-107.80031200003577,41.001944999752098],[-107.80060800031177,41.001945999724136],[-107.8033979995993,41.001940999863798],[-107.80382399957166,41.00193999989169],[-107.80425100026721,41.001938999919609],[-107.80794399955305,41.001932000114302],[-107.80803599961457,41.001932000114302],[-107.80812799967607,41.001933000086524],[-107.80832900041584,41.001933000086524],[-107.8084599999371,41.001934000058746],[-107.81078300014269,41.00195100026199],[-107.81098800018212,41.001953000205873],[-107.81230100025927,41.001952000233935],[-107.81491099962172,41.001950000290037],[-107.83786800006962,41.001937999947465],[-107.83790400005462,41.001938999919609],[-107.83793599984168,41.001936999975314],[-107.8386770003566,41.001936000003141],[-107.84090299957951,41.001932000114302],[-107.84165499996512,41.001931000142051],[-107.84236399979467,41.001931000142051],[-107.84451999959568,41.001930000169843],[-107.84523799964609,41.001931000142051],[-107.84651499973823,41.001929000197556],[-107.85034799966448,41.001927000252955],[-107.85162700030475,41.001928000225263],[-107.85181999975028,41.001926000280626],[-107.85194299977393,41.001926000280626],[-107.85289400035114,41.001934000058746],[-107.85321200036847,41.001937999947465],[-107.8536580004323,41.001936999975314],[-107.85500099974837,41.001936999975314],[-107.85544900036035,41.001936999975314],[-107.85701599998239,41.001936000003141],[-107.85985100037408,41.001935000030954],[-107.8617200001199,41.001933000086524],[-107.86326199962761,41.001933000086524],[-107.86328799956688,41.001933000086524],[-107.86390299968512,41.001932000114302],[-107.86574899986473,41.001932000114302],[-107.86636499980787,41.001932000114302],[-107.8666390003426,41.001932000114302],[-107.86917300043538,41.001957000093391],[-107.87563199961761,41.002023000236683],[-107.87759699962294,41.002023000236683],[-107.88040600007534,41.002024000207484],[-107.88302100035898,41.002021000294931],[-107.88448400022395,41.002018999675165],[-107.8938099995849,41.00200799999422],[-107.89672000031966,41.002004000109743],[-107.90079900029319,41.002000000225074],[-107.90181000024656,41.00200799999422],[-107.90484599958137,41.002033999915128],[-107.90585800025795,41.002043000328662],[-107.90791699997459,41.002041999680138],[-107.91409700039588,41.002046000240263],[-107.91411099974127,41.002048000181205],[-107.91615899958725,41.002049000151686],[-107.9166110003972,41.002041999680138],[-107.91695700000361,41.002036999827148],[-107.91796700013204,41.002034999885808],[-107.91842099969348,41.002035999856481],[-107.91933299991264,41.002030000032285],[-107.92207100021994,41.002015999762378],[-107.92281100001163,41.002012999849413],[-107.9228980000503,41.002011999878391],[-107.92298400026401,41.002011999878391],[-107.92307399977739,41.002011999878391],[-107.92316400018906,41.002010999907363],[-107.9231950001512,41.002010999907363],[-107.92776299984628,41.002008999965241],[-107.93074600037595,41.00200799999422],[-107.93964599976456,41.002006000052006],[-107.94210299986447,41.002004000109743],[-107.94608099955566,41.002002000167415],[-107.94688300016998,41.002002000167415],[-107.94813299959961,41.002001000196223],[-107.95188299968518,41.001999000253853],[-107.95313399983803,41.001999000253853],[-107.95331799996107,41.001999000253853],[-107.95490800004765,41.002000000225074],[-107.96022999977815,41.002004000109743],[-107.96200399998774,41.002006000052006],[-107.9636690004174,41.00200700002312],[-107.96866399990975,41.002009999936313],[-107.9703300001643,41.002011999878391],[-107.97780600004599,41.001962999924231],[-107.97785799992454,41.001961999952506],[-107.99322099959164,41.001861999986829],[-108.00022299982041,41.001816999817208],[-108.00044299992842,41.001814999869261],[-108.00063600027228,41.001813999895234],[-108.00797099968865,41.001891999856902],[-108.00829299990393,41.001894999775324],[-108.00926200002448,41.001905000180507],[-108.00958500006467,41.001909000070931],[-108.00999000012064,41.001912999961171],[-108.01120600011342,41.00192500030829],[-108.01161299981918,41.001931000142051],[-108.01175299956128,41.001932000114302],[-108.01296000023153,41.001943999780039],[-108.01700499986987,41.00198699992017],[-108.01835399993205,41.002002000167415],[-108.01888299983655,41.00200799999422],[-108.0200069997678,41.002018999675165],[-108.02423700025241,41.002063999706863],[-108.02496799982329,41.002063999706863],[-108.02662200038228,41.002063999706863],[-108.03002400031332,41.002063999706863],[-108.0339319996843,41.002063999706863],[-108.04023299958109,41.002063999706863],[-108.04363600023534,41.002063999706863],[-108.04391999991748,41.002063999706863],[-108.04653900039908,41.002063999706863],[-108.04887299957703,41.002036999827148],[-108.05275300025724,41.001991999777005],[-108.06359799955968,41.00186999977273],[-108.07257900003745,41.001767999718126],[-108.07293999971247,41.001763999819083],[-108.08010599997276,41.001681999801967],[-108.08922399981958,41.001578000179137],[-108.08927800024625,41.001506999697007],[-108.08944700030065,41.001301999680422],[-108.0895080004,41.001233000222555],[-108.09266699975848,41.001262999700977],[-108.09929800026647,41.001332999786676],[-108.10214899965338,41.001361999916611],[-108.10530999955996,41.001394999955458],[-108.10538099970508,41.001393999975058],[-108.10550399972873,41.00139299999465],[-108.10559699961514,41.001391000033834],[-108.10566899958516,41.001391000033834],[-108.10653499977356,41.001381000228633],[-108.10913300033877,41.001351000126014],[-108.11000000035209,41.001342000295942],[-108.11041000043092,41.001336999711882],[-108.11163899994416,41.001322999972679],[-108.11204999984791,41.001319000046685],[-108.11228699967438,41.001316000101987],[-108.11416299999122,41.001293999825577],[-108.12050499989589,41.001220999749449],[-108.12261899986412,41.001198000135929],[-108.12331699982303,41.001229000291104],[-108.12541300024792,41.001322999972679],[-108.12564199967845,41.001333999768008],[-108.12611000038191,41.001286999951816],[-108.12621499996391,41.00127600014865],[-108.13060299973394,41.001215999834166],[-108.13302899987168,41.001182999705691],[-108.14408599978454,41.001031999975396],[-108.14561800014481,41.001012000254548],[-108.14858099968468,41.000972000116704],[-108.14865799967757,41.000970000143063],[-108.14871399975407,41.000970000143063],[-108.1488900003795,41.000967000182534],[-108.1489680001973,41.000966000195639],[-108.14932100037471,41.000962000247931],[-108.15279899957538,41.00090200032556],[-108.16414500009155,41.00070999966448],[-108.16429400005448,41.000705999701232],[-108.16799399991133,41.000611999817664],[-108.16812600015581,41.000609999833088],[-108.16836100033244,41.000605999863772],[-108.16906799961387,41.000595999939527],[-108.16930399961544,41.000593999954468],[-108.16939499985205,41.000594999947005],[-108.17168799992039,41.000601999894265],[-108.17368300006295,41.000609999833088],[-108.17884199958679,41.000502999892944],[-108.1812269997167,41.000455000167506],[-108.18141000001479,41.000455000167506],[-108.18181599989566,41.000455000167506],[-108.18196099966062,41.000455000167506],[-108.18214599960854,41.000455000167506],[-108.18318500004929,41.000449000199374],[-108.18624800004662,41.000432000286686],[-108.18852799969619,41.00041999966767],[-108.19855699993724,41.000425000321314],[-108.20200700044717,41.000427000311497],[-108.20266100002513,41.000424000326255],[-108.20406799981362,41.000418999672483],[-108.20646100033943,41.000411999705783],[-108.20828800025247,41.000363999914079],[-108.20964399998734,41.000329000043898],[-108.20969500004094,41.000329000043898],[-108.20992600001962,41.000330000040435],[-108.21219399997366,41.000341000001491],[-108.21655099978152,41.00036499991009],[-108.21969300031986,41.000381999840073],[-108.22219300007748,41.000395999779101],[-108.22263199957031,41.000346999979449],[-108.22486799973726,41.000336000019402],[-108.22868099957202,41.00031900007756],[-108.23210299959452,41.000339000008701],[-108.23290299966069,41.000342999994174],[-108.23366300044219,41.00034799997573],[-108.23558200041676,41.000355999945384],[-108.23840900041252,41.00035299995686],[-108.24372399957198,41.000348999971997],[-108.24689200004958,41.000334000026513],[-108.24693399988239,41.000334000026513],[-108.24971999987028,41.000361999921978],[-108.25064899980785,41.000113999755698],[-108.25127700034488,41.000112999755864],[-108.25604699970633,41.000108999756435],[-108.25763799961781,41.000107999756523],[-108.25775099959573,41.000107999756523],[-108.26151699957481,41.000104999756715],[-108.27315699981887,41.000094999756392],[-108.27703699960075,41.000092999756191],[-108.27921199966836,41.000089999755694],[-108.28573699987116,41.000082999754056],[-108.28751899957837,41.000081999753753],[-108.28791399958858,41.000068999748549],[-108.28790400044115,41.000090999755884],[-108.29748300042041,41.000074999751263],[-108.29755799986516,41.000074999751263],[-108.29778499964588,41.000074999751263],[-108.29786099981385,41.000074999751263],[-108.29833299981698,41.000073999750839],[-108.29974899982626,41.000072999750408],[-108.3002219996543,41.000072999750408],[-108.30141599990576,41.000071999749949],[-108.30499799976182,41.000067999748033],[-108.30619299983822,41.000067999748033],[-108.31019499981886,41.000063999745826],[-108.3222019995857,41.000053999739286],[-108.32620500028956,41.000051999737842],[-108.32691800031709,41.000049999736277],[-108.32906200042255,41.000047999734655],[-108.32955500034205,41.000047999734655],[-108.32977700009991,41.000047999734655],[-108.33420900025087,41.00004399973129],[-108.34750399998049,41.000033999721715],[-108.35044300012926,41.000032999720666],[-108.35193600013146,41.00003199971961],[-108.35421800032917,41.000029999717441],[-108.36106599967383,41.000023999710628],[-108.36334899969644,41.000022999709429],[-108.36819000010132,41.000018999704537],[-108.3756529995642,41.000012999696672],[-108.38271599989233,41.000017999703267],[-108.38755800012213,41.000022999709429],[-108.38768600016863,41.000022999709429],[-108.38807299978293,41.000022999709429],[-108.38820300037759,41.000022999709429],[-108.39132800029915,41.000024999711805],[-108.39368499994166,41.000027999715215],[-108.40070600043698,41.000032999720666],[-108.40383300000839,41.000035999723757],[-108.40388999990981,41.000035999723757],[-108.40406099961403,41.000035999723757],[-108.40409800032226,41.000035999723757],[-108.40411800041375,41.000035999723757],[-108.40440000044605,41.000035999723757],[-108.40852200007728,41.000038999726669],[-108.42173399996625,41.000049999736277],[-108.42613799962982,41.000053999739286],[-108.4263910002481,41.000052999738543],[-108.42715299978111,41.000052999738543],[-108.42740700022435,41.000054999740016],[-108.42810199981021,41.000054999740016],[-108.42925400022887,41.000054999740016],[-108.43479600006739,41.000059999743421],[-108.43664399989684,41.000060999744058],[-108.43711000005217,41.000061999744624],[-108.43987199975058,41.000062999745232],[-108.44955899968488,41.000070999749482],[-108.45278900008677,41.000074999751263],[-108.45383900039819,41.000074999751263],[-108.45699299973377,41.000077999752392],[-108.45804499969502,41.000079999753105],[-108.4581989996808,41.000079999753105],[-108.45860899975963,41.000079999753105],[-108.46030299960329,41.000080999753436],[-108.46086800039113,41.000081999753753],[-108.46124199958662,41.000081999753753],[-108.46236499969297,41.000081999753753],[-108.46273999961171,41.000082999754056],[-108.46524199991745,41.000083999754338],[-108.46571499974546,41.00008499975462],[-108.4723639997968,41.000090999755884],[-108.47274799993636,41.000090999755884],[-108.47525100006702,41.000092999756191],[-108.47674999991702,41.000093999756331],[-108.47751200034836,41.000094999756392],[-108.48124999984003,41.000096999756586],[-108.48275000041325,41.00009899975673],[-108.48394899978925,41.00009899975673],[-108.48754599971394,41.000101999756815],[-108.48874599981319,41.000102999756756],[-108.49032900022711,41.000103999756739],[-108.49507900039536,41.000106999756603],[-108.49666299973583,41.000108999756435],[-108.49746199997709,41.000108999756435],[-108.49985899980254,41.000110999756195],[-108.5006589998687,41.000111999756015],[-108.5006589998687,41.000097999756662],[-108.50288300034011,41.000080999753436],[-108.50421599961044,41.000071999749949],[-108.50955699960748,41.000032999720666],[-108.5117819999038,41.000017999703267],[-108.51196900039987,41.000016999701977],[-108.51338600023409,41.000005999686863],[-108.51820099980138,40.999972000306542],[-108.51960500011513,40.99996200028604],[-108.51980400030675,40.999929000207686],[-108.52068800003852,40.999784999672386],[-108.52106100030741,40.999771000281562],[-108.52486599974624,40.999633000121996],[-108.52602900003558,40.999591999817504],[-108.52613500034077,40.999594999840667],[-108.52666699972002,40.999607999939364],[-108.52705300040772,40.999610999961796],[-108.52981000008329,40.999636000143305],[-108.53072899997512,40.999645000206321],[-108.53162399957753,40.999653000261297],[-108.53431099983119,40.999677999748883],[-108.53520700015682,40.999686999806165],[-108.5354309995645,40.999688999818744],[-108.5361050001323,40.999694999856054],[-108.53633000026318,40.999696999868384],[-108.5387949998607,40.99972100001149],[-108.53924900032045,40.999716999988216],[-108.54392900016853,40.999676999742434],[-108.54800599959393,40.999642000185432],[-108.55092600037443,40.999618000013562],[-108.55227200006352,40.999613999984049],[-108.55251899993573,40.999613999984049],[-108.55631099985409,40.999619000020907],[-108.55765800026643,40.999622000042834],[-108.55850500018826,40.999661000315314],[-108.56104599995375,40.999778000316333],[-108.56141300037487,40.999794999719725],[-108.56172200017136,40.999865000008633],[-108.56185400041585,40.99996200028604],[-108.56196300019579,40.99996200028604],[-108.56229299990866,40.999963000288162],[-108.56240300041183,40.999964000290277],[-108.562498999773,40.99996200028604],[-108.56335699956547,40.99996200028604],[-108.56622200009437,40.99996200028604],[-108.56717799979614,40.99996200028604],[-108.56771699974641,40.999960000281753],[-108.56933699997023,40.999959000279638],[-108.56987900029353,40.999960000281753],[-108.57019800013575,40.999960000281753],[-108.57114799998975,40.999961000283903],[-108.57146500018214,40.99996200028604],[-108.57250399972459,40.999961000283903],[-108.57562500034653,40.999961000283903],[-108.57666499971388,40.999963000288162],[-108.58113799987274,40.999963000288162],[-108.59666899976934,40.99996200028604],[-108.5980189996564,40.99996200028604],[-108.59805299999159,40.99996200028604],[-108.59815500009884,40.99996200028604],[-108.59818900043405,40.99996200028604],[-108.59820799980228,40.99996200028604],[-108.59822399969582,40.99996200028604],[-108.59894599994418,40.99996200028604],[-108.59921999958058,40.99996200028604],[-108.60219800008737,40.99996200028604],[-108.6031980001701,40.99996200028604],[-108.60402400017551,40.999961000283903],[-108.60517099967301,40.999960000281753],[-108.60652300010821,40.999961000283903],[-108.60723299976269,40.99996200028604],[-108.60735599978635,40.999960000281753],[-108.60804700007256,40.999960000281753],[-108.61011800038307,40.999960000281753],[-108.61081200014404,40.99996200028604],[-108.61162800010371,40.999961000283903],[-108.61408299965548,40.999961000283903],[-108.61490600018618,40.99996200028604],[-108.61600699965291,40.99996200028604],[-108.62510000028369,40.99996200028604],[-108.62566299962506,40.99996200028604],[-108.62616099956743,40.999980000321827],[-108.62724500021405,41.000017999703267],[-108.63013900015694,41.000120999754046],[-108.63045600034934,41.000132999749518],[-108.6309309998272,41.000149999739328],[-108.63110800027751,41.000155999734673],[-108.63120600018681,41.000155999734673],[-108.63372500021097,41.00015399973627],[-108.63489099997506,41.000152999737047],[-108.63558499973601,41.000152999737047],[-108.63570699993474,41.000151999737852],[-108.63574299991976,41.000151999737852],[-108.6358109996918,41.000151999737852],[-108.63601800027936,41.000151999737852],[-108.63608699987633,41.000151999737852],[-108.63612399968626,41.000151999737852],[-108.63623500001434,41.000151999737852],[-108.63627199982427,41.000151999737852],[-108.63762400025948,41.000149999739328],[-108.64167999976848,41.000146999741432],[-108.64303300002859,41.000146999741432],[-108.64505900013329,41.000144999742751],[-108.6458490001537,41.000144999742751],[-108.64689100006919,41.000143999743443],[-108.64724800044456,41.000143999743443],[-108.64773899981593,41.000142999744057],[-108.64838499989631,41.000142999744057],[-108.65113800027223,41.000139999745841],[-108.65316500020181,41.000138999746405],[-108.65340299985318,41.000137999746961],[-108.65411900025377,41.000137999746961],[-108.65435799973005,41.000137999746961],[-108.65580700024965,41.000136999747482],[-108.65770399958458,41.000134999748553],[-108.6677450004195,41.000126999752077],[-108.67109200009894,41.000124999752792],[-108.67148399973611,41.000124999752792],[-108.67241799969658,41.000122999753437],[-108.67639799993592,41.000118999754626],[-108.67772500025677,41.000118999754626],[-108.67911199995376,41.000116999755093],[-108.68220500008829,41.000113999755698],[-108.68327399976798,41.000112999755864],[-108.68466200018821,41.000112999755864],[-108.6875410000625,41.000109999756326],[-108.69618000023351,41.000102999756756],[-108.6990599999327,41.000101999756815],[-108.69959899988295,41.000100999756796],[-108.70121699955864,41.00009999975677],[-108.70175700023211,41.00009999975677],[-108.70257099964365,41.00009899975673],[-108.7050150002231,41.00009599975651],[-108.70583000035786,41.00009599975651],[-108.70696699980961,41.000094999756392],[-108.71037799996145,41.000091999756037],[-108.71151600013643,41.000091999756037],[-108.71292600029798,41.000089999755694],[-108.71715599988423,41.000085999754873],[-108.71856699987066,41.000085999754873],[-108.72109099991775,41.000083999754338],[-108.72866499970871,41.000077999752392],[-108.73118999958066,41.000076999752061],[-108.73295700011758,41.000074999751263],[-108.73453100031064,41.000073999750839],[-108.73825799993166,41.000069999748995],[-108.7400260002935,41.000068999748549],[-108.74448600003355,41.00011799975487],[-108.74594399987565,41.000134999748553],[-108.75066700027975,41.000186999701974],[-108.75106399993976,41.000185999703312],[-108.75397700014926,41.000174999716386],[-108.75677099963472,41.000163999727633],[-108.75786899962671,41.000158999732164],[-108.76233000008999,41.000142999744057],[-108.7651880000479,41.00014099974527],[-108.76753399981969,41.000139999745841],[-108.76832300001523,41.000139999745841],[-108.77376199992158,41.000112999755864],[-108.77518100030393,41.000106999756603],[-108.77662099970438,41.00009999975677],[-108.77733200008208,41.000100999756796],[-108.77873499967261,41.000106999756603],[-108.7794660001418,41.000109999756326],[-108.78017900016933,41.000113999755698],[-108.78130200027566,41.00011799975487],[-108.78467700044251,41.000132999749518],[-108.7858020001987,41.000138999746405],[-108.78616299987372,41.00014199974467],[-108.787246999622,41.000150999738601],[-108.78760900002025,41.000154999735479],[-108.78768000016538,41.000154999735479],[-108.78789299970238,41.00015799973302],[-108.78796399984752,41.000158999732164],[-108.78886000017314,41.000166999724769],[-108.79154800025171,41.000191999695367],[-108.79244399967902,41.00020099968247],[-108.79432400019384,41.000197999686897],[-108.79996800013961,41.000191999695367],[-108.80184899958101,41.000189999698058],[-108.80386299999013,41.00018099970945],[-108.80990699996897,41.000155999734673],[-108.811922000203,41.00014799974074],[-108.81303500026362,41.000138999746405],[-108.81637500027036,41.000112999755864],[-108.81748900015587,41.000104999756715],[-108.8179839997252,41.000108999756435],[-108.81947099987961,41.000121999753752],[-108.81996700017217,41.000126999752077],[-108.82054700013032,41.000131999749968],[-108.82228700000472,41.000146999741432],[-108.82286699996286,41.000152999737047],[-108.82377099978611,41.000151999737852],[-108.82403500027505,41.000150999738601],[-108.82754099996315,41.000145999742102],[-108.82871000010026,41.000144999742751],[-108.82964900008359,41.000137999746961],[-108.83246699985853,41.000118999754626],[-108.83273999967,41.00011799975487],[-108.83340699966676,41.000112999755864],[-108.83426299980943,41.000116999755093],[-108.83683399971216,41.000131999749968],[-108.83769099967972,41.000136999747482],[-108.83854500017256,41.000132999749518],[-108.84110699985445,41.000124999752792],[-108.8419620001722,41.000121999753752],[-108.84269899959085,41.000120999754046],[-108.84491200019158,41.000119999754311],[-108.84565000033348,41.000119999754311],[-108.8464610002703,41.00011799975487],[-108.84889699955548,41.00011499975551],[-108.84970900021553,41.000113999755698],[-108.85052099997726,41.000096999756586],[-108.85295700016077,41.000046999733819],[-108.85376999974739,41.000030999718533],[-108.85489299985376,41.000049999736277],[-108.85826200017283,41.000106999756603],[-108.85938600010408,41.000125999752449],[-108.85941100021843,41.000125999752449],[-108.85948700038642,41.000125999752449],[-108.85951300032568,41.000126999752077],[-108.86095899957391,41.000129999750833],[-108.86274399965417,41.000133999749046],[-108.86775999996122,41.000146999741432],[-108.87243899998437,41.00015799973302],[-108.87567100003609,41.000165999725738],[-108.87740199968967,41.000150999738601],[-108.88259700009688,41.000106999756603],[-108.88413799977965,41.000093999756331],[-108.88432899957536,41.000094999756392],[-108.8845910004145,41.00009599975651],[-108.88524300034265,41.00009899975673],[-108.88972900002197,41.000115999755316],[-108.89192900020393,41.000124999752792],[-108.89229900009978,41.000125999752449],[-108.90592899956518,41.000178999711821],[-108.9113299998367,41.00020099968247],[-108.91294099983966,41.000206999673168],[-108.91777499967353,41.000227000316229],[-108.91938700039974,41.000234000302626],[-108.91947799973802,41.000234000302626],[-108.9197510004478,41.000235000300577],[-108.91984299961101,41.00023600029855],[-108.92014499973479,41.000237000296515],[-108.92335300039538,41.00024900027087],[-108.9316619999552,41.000283000186279],[-108.93388499970337,41.00029100016382],[-108.93739600031263,41.000306000119096],[-108.94352800015503,41.000330000040435],[-108.95032500034438,41.000357999937663],[-108.95687899996116,41.000383999831563],[-108.96192600023036,41.000403999742929],[-108.96595199960214,41.000420999662843],[-108.96805899989766,41.000429000301615],[-108.97107300038948,41.000440000246137],[-108.97646899973982,41.000462000129637],[-108.98011500006831,41.00047600005167],[-108.98312899966183,41.000488999976646],[-108.98452399975474,41.000494999941132],[-108.98663699989805,41.000502999892944],[-108.99306900021443,41.000528999729653],[-108.99716400008148,41.000545000302026],[-109.00053199967732,41.000558000213346],[-109.00067399996753,41.000558000213346],[-109.00159899970717,41.000554000240918],[-109.00408799959413,41.000546000295294],[-109.00437399982438,41.000545000302026],[-109.00530000028724,41.000542000322099],[-109.00840099991939,41.000527999736107],[-109.01290300039055,41.000509999849982],[-109.01462800019634,41.000502999892944],[-109.01473699997629,41.000501999899015],[-109.01770700008717,41.000488999976646],[-109.02080900044253,41.000477000045997],[-109.02185899985565,41.000472000074275],[-109.02291500001485,41.00046700010212],[-109.02497499955641,41.000459000145931],[-109.02923299963007,41.000492999953018],[-109.03133900010071,41.000509999849982],[-109.05002599988103,41.000690999836984],[-109.04998800024622,40.998877999917127],[-109.04994200021545,40.994931999720357],[-109.04994200021545,40.9949079998676],[-109.04986100002459,40.98455799988043],[-109.04976999978798,40.972892000014397],[-109.04976999978798,40.972853999919906],[-109.04969600016815,40.96319399998265],[-109.04966400038109,40.959155999855639],[-109.04966199983295,40.958853000274388],[-109.04957599961922,40.947524999880052],[-109.04957499979433,40.94742000021747],[-109.04956800012164,40.946565999791048],[-109.04954600038033,40.943689000100363],[-109.04953899980931,40.942729999945477],[-109.04935999970918,40.92063900022827],[-109.04935800005934,40.92037699972515],[-109.04931500040163,40.917343999761577],[-109.04931299985351,40.917022000263039],[-109.04931100020367,40.916771999903844],[-109.04927500021867,40.913361999744552],[-109.04927400039375,40.913165999705278],[-109.04925599995209,40.911520000053962],[-109.0492769998685,40.908645999668273],[-109.04904099986693,40.893666000243428],[-109.04901400010277,40.891905999983614],[-109.04901499992766,40.891501999745039],[-109.04901199955462,40.891414999782704],[-109.04888100003338,40.887880000045079],[-109.04887699983541,40.887760999931139],[-109.04888600005626,40.884257999715473],[-109.04888600005626,40.884126000124432],[-109.04889100007911,40.883644000184553],[-109.04895700020134,40.874155000197106],[-109.04896899989691,40.873008000037402],[-109.0489329999119,40.869994000044358],[-109.04889199990403,40.866793000338369],[-109.04887099998761,40.864893000103478],[-109.04884599987327,40.862761999754007],[-109.04888699988116,40.861917999768494],[-109.04887500018559,40.858897999867487],[-109.04886000011697,40.855099000284021],[-109.04885900029205,40.854836000226364],[-109.04880900006336,40.842647000259788],[-109.04881900010911,40.84236899988548],[-109.04885099989615,40.841575000164269],[-109.04885000007124,40.841534999921471],[-109.04885000007124,40.841257000319814],[-109.04884800042139,40.840835000260647],[-109.04884599987327,40.839569000273293],[-109.04884500004836,40.839146999661438],[-109.04884199967532,40.838337000297258],[-109.04884099985041,40.83782100007727],[-109.04864199965877,40.836063000303646],[-109.04864099983386,40.83592100006382],[-109.04863800035913,40.835111999801484],[-109.048635999811,40.834886999886841],[-109.048635999811,40.834775000215593],[-109.04863400016116,40.834438000275959],[-109.04863300033625,40.834213999906837],[-109.04863199961302,40.833988999663191],[-109.04863099978812,40.833702999906663],[-109.04862400011542,40.833616999914483],[-109.04853999955152,40.832506999977397],[-109.04851199996243,40.832136999720255],[-109.04850899958939,40.8320840001224],[-109.04849799971872,40.830924999875357],[-109.04846500010676,40.827292000337863],[-109.04845500006103,40.826081000217108],[-109.04846000008391,40.824828999673045],[-109.04847900035047,40.821075000327959],[-109.04848400037334,40.820046999814153],[-109.04848500019826,40.819823999786657],[-109.04852200000818,40.814375999906602],[-109.04854600029762,40.810864999690025],[-109.04863199961302,40.798031999966128],[-109.04866900032127,40.792665999896165],[-109.04866900032127,40.792584999809591],[-109.04872500039775,40.783989000170919],[-109.04873299989538,40.782808000076635],[-109.04873299989538,40.782693999754962],[-109.04870699995611,40.77153800031806],[-109.04878599959881,40.751432999804699],[-109.0490879997226,40.714503000028301],[-109.04907100000416,40.710306000327776],[-109.04902499997343,40.699015000031103],[-109.04902300032359,40.698338999692979],[-109.04901599975257,40.696838999861427],[-109.04900800025499,40.694701999803172],[-109.04900099968397,40.693002000171404],[-109.04896999972183,40.68499399968826],[-109.04899400001128,40.684446000286862],[-109.04899300018636,40.684384999923125],[-109.04861800026765,40.670550000035703],[-109.04861400006968,40.670361999743335],[-109.04860099965087,40.669837999914606],[-109.04856399984097,40.668269000315163],[-109.04855200014539,40.667745999967352],[-109.04854999959727,40.667689999915012],[-109.04854899977235,40.667593000138922],[-109.04854700012253,40.667523999994529],[-109.04854600029762,40.667469000015977],[-109.04850600011463,40.665781000072222],[-109.04843199959649,40.662601000297933],[-109.04894399978255,40.662601000297933],[-109.04893600028497,40.661956000324523],[-109.04870100010831,40.655984999971814],[-109.04868100001683,40.655340999847361],[-109.04862900013829,40.653602000330316],[-109.04828000015883,40.639732000092586],[-109.04819999979289,40.635626000299276],[-109.04819399994511,40.635333000309124],[-109.0481920002953,40.635206000025569],[-109.04815499958706,40.633074000332307],[-109.04813200002083,40.631786999678006],[-109.04812600017306,40.631417000311636],[-109.0481229998,40.631247999760461],[-109.04811699995223,40.630917000305885],[-109.04811500030239,40.63080599981047],[-109.04811100010443,40.630557000165169],[-109.04810600008157,40.63030300027674],[-109.0481019998836,40.630046999824984],[-109.04810000023377,40.629958999762621],[-109.04810000023377,40.629947000117006],[-109.04809799968564,40.629861000207441],[-109.04809699986072,40.629795999790041],[-109.04809500021092,40.629689000056004],[-109.04809500021092,40.629675000071771],[-109.04807799959416,40.628714999799307],[-109.04807900031737,40.628633999788391],[-109.0480590002259,40.627600999686003],[-109.04802999991357,40.625954000177884],[-109.0479889999057,40.623554000123647],[-109.04794899972272,40.621111000276244],[-109.04792199995855,40.619455000326958],[-109.04792000030872,40.619316000337157],[-109.04785699966122,40.615492000279367],[-109.04779399991203,40.61166399994972],[-109.04776700014786,40.609879000195157],[-109.04781300017861,40.606679000191221],[-109.04784699961546,40.605343999812085],[-109.04802099969275,40.597859999761809],[-109.04803099973849,40.597583000305931],[-109.04803800030949,40.597107000281419],[-109.04808500016517,40.59510900025338],[-109.0480879996399,40.591356000264142],[-109.0480669997235,40.587971000107487],[-109.0480669997235,40.587811999693315],[-109.04804199960914,40.585067000290614],[-109.0480099998221,40.580976999900898],[-109.04801999986785,40.580743000319821],[-109.04802400006579,40.580562000201944],[-109.04805599985285,40.579633000148064],[-109.04811699995223,40.578161000204112],[-109.04821200038678,40.576510000286582],[-109.04865699972738,40.568553000193447],[-109.04895600037644,40.561614999769212],[-109.0489749997447,40.561080999983147],[-109.04900300023212,40.560427000315585],[-109.04953399978643,40.545785999834031],[-109.04961800035035,40.543311000143035],[-109.04968500029749,40.541325000150437],[-109.04969100014529,40.541132000024895],[-109.04969600016815,40.540997000094713],[-109.04971600025964,40.540398999847675],[-109.04973700017604,40.539784999777268],[-109.0497560004426,40.539222000208262],[-109.04975899991733,40.539129000046032],[-109.04992100029904,40.534227000065876],[-109.05001199963733,40.531562999931275],[-109.05009200000327,40.529198000280807],[-109.05012600033845,40.526849999729308],[-109.05015499975245,40.524206000263774],[-109.0501659996231,40.523632000284046],[-109.05021400020202,40.520003999744141],[-109.05023099992046,40.519539000167256],[-109.05025000018703,40.517322000261018],[-109.0502910001949,40.514188999703045],[-109.05030299989046,40.513202000324782],[-109.05037200038576,40.508038999801222],[-109.05037400003557,40.507796000070599],[-109.05043500013494,40.503081000205619],[-109.0504879998384,40.498923999805896],[-109.05049299986128,40.498517000170658],[-109.05050499955684,40.497532999879596],[-109.05051899980053,40.496457999733281],[-109.0505249996483,40.495978000075624],[-109.0505249996483,40.495937000251658],[-109.05053999971692,40.495058000298712],[-109.0506219997327,40.488461999751522],[-109.05065100004502,40.486246000270071],[-109.05068700003002,40.484020000043039],[-109.0507349997106,40.479685999883039],[-109.05073899990856,40.479326000166935],[-109.0507409995584,40.479167999681977],[-109.05074800012939,40.478636999768796],[-109.05075999982496,40.477760000121137],[-109.05078199956627,40.476167000155669],[-109.0508040002059,40.4744699998557],[-109.05083799964277,40.471899999776767],[-109.05084600003869,40.471427999687904],[-109.05084699986359,40.47117599984562],[-109.05085199988648,40.470960999989224],[-109.05103500018458,40.458345000119706],[-109.05109000043615,40.454035999845438],[-109.05109499956072,40.453625999940421],[-109.05109600028393,40.453494999670163],[-109.05117699957647,40.446582999780233],[-109.05122900035333,40.442311000320679],[-109.05124500024685,40.441598999993865],[-109.05123000017825,40.441091000255526],[-109.05121500010962,40.440551000028229],[-109.05114999981231,40.437650000120463],[-109.05114499978943,40.437394999884518],[-109.05114399996452,40.437293000203098],[-109.05113999976655,40.437119000148044],[-109.05113899994166,40.437072999853854],[-109.05112800007099,40.436416999785116],[-109.05107899966717,40.434581999906683],[-109.05107100016959,40.434380999679249],[-109.05100199967428,40.431666999840672],[-109.05093399990221,40.429009999966375],[-109.05092700022955,40.428784000129212],[-109.0509249996814,40.42869800016112],[-109.0509099996128,40.428182999832259],[-109.05089100024453,40.418881999812477],[-109.05088299984861,40.415012999692792],[-109.05088299984861,40.414927999834958],[-109.05088299984861,40.414675000178072],[-109.05088299984861,40.414590999832917],[-109.05087899965064,40.412969000290445],[-109.05087000032813,40.408104999716414],[-109.05086699995506,40.406483999859027],[-109.0508600002824,40.40382699988831],[-109.05084500021377,40.3958579998557],[-109.05084000019089,40.393202999698275],[-109.05083900036597,40.392970999796866],[-109.05083799964277,40.392281999931171],[-109.05084000019089,40.392052999732677],[-109.05083500016804,40.390108999861617],[-109.05082299957414,40.38477599997664],[-109.05082099992433,40.384280000006996],[-109.05081699972636,40.382337999681219],[-109.05081099987858,40.379750999903081],[-109.05080099983284,40.374966999779197],[-109.05083199979498,40.371995999941454],[-109.0508600002824,40.369411999789207],[-109.05085899955915,40.369142999924215],[-109.0508600002824,40.368338999873671],[-109.05086100010729,40.368070999778674],[-109.05086100010729,40.367419000246244],[-109.05086399958203,40.365465000051259],[-109.05086500030527,40.364813999944666],[-109.05086600013017,40.363123999726334],[-109.05087199997794,40.358054000181305],[-109.05087399962778,40.356364999693923],[-109.05087399962778,40.355506000146519],[-109.05087700000082,40.352932000022768],[-109.05087899965064,40.352074000053946],[-109.05088000037387,40.349796999819233],[-109.05088500039673,40.342967999953643],[-109.05088600022165,40.341539999713532],[-109.05088700004657,40.34069200007422],[-109.05088700004657,40.339790999861869],[-109.05089000041961,40.337091999863013],[-109.05089100024453,40.336191999925084],[-109.05089200006942,40.334624999679505],[-109.05089500044249,40.329927999735794],[-109.0508960002674,40.328928000260696],[-109.0508960002674,40.328916999945108],[-109.0508960002674,40.328896999677916],[-109.05089700009231,40.328872000191666],[-109.05089700009231,40.328858000338371],[-109.0508960002674,40.328768000037989],[-109.05089700009231,40.328361999747955],[-109.05089700009231,40.32834699993839],[-109.05089799991721,40.32810199983799],[-109.05089799991721,40.327551999783537],[-109.05089999956704,40.327006000207369],[-109.05090100029027,40.326477000308749],[-109.05090299994008,40.325993000021626],[-109.05090200011519,40.325970999801562],[-109.05090200011519,40.325864000310162],[-109.05090499958992,40.32557699987666],[-109.05090399976498,40.325434000176401],[-109.05090299994008,40.325099999959768],[-109.05090499958992,40.324177000312098],[-109.05090600031315,40.323268999943117],[-109.05090700013805,40.322349999672554],[-109.05090799996296,40.321457999996845],[-109.05090899978788,40.320535999830767],[-109.05090899978788,40.319627999802137],[-109.0509099996128,40.318740999741102],[-109.050911000336,40.317836000247496],[-109.05091200016092,40.316916999992316],[-109.05091299998584,40.316015000122924],[-109.05091299998584,40.315401000288631],[-109.05091299998584,40.31536600017229],[-109.05091399981075,40.314697999836412],[-109.05091499963565,40.313998999851982],[-109.05091499963565,40.313295999873304],[-109.05091600035888,40.31261200033034],[-109.05091700018379,40.311939999776854],[-109.05091700018379,40.311253999992161],[-109.05091800000871,40.310572999972877],[-109.05091899983363,40.30989599974685],[-109.05092100038175,40.309228000102827],[-109.05092100038175,40.308843999761557],[-109.05092300003157,40.307782999806399],[-109.05092600040463,40.306574999714513],[-109.05092800005444,40.305402999948377],[-109.05092999970428,40.304207999730494],[-109.05093200025242,40.30303400023476],[-109.05093700027528,40.301357000244565],[-109.05093999975,40.300362000226784],[-109.05093999975,40.300331000229114],[-109.05093999975,40.300300999797884],[-109.05093999975,40.300258000001492],[-109.05094300012306,40.299521999944979],[-109.05094700032102,40.297853999765884],[-109.05094800014591,40.297745000328156],[-109.05095200034388,40.296528000082368],[-109.05096300021455,40.292775000038027],[-109.05097200043538,40.289856999758271],[-109.05097200043538,40.289747000017762],[-109.0509730002603,40.289584000235038],[-109.0509809997579,40.287534999842954],[-109.05097999993299,40.287415999752618],[-109.05099099980363,40.284915999675995],[-109.05099099980363,40.283902999902089],[-109.0509940001767,40.28304900015965],[-109.05099900019957,40.280180000293015],[-109.05100000002447,40.279681000228429],[-109.05100000002447,40.279658000111937],[-109.05100199967428,40.278566999811353],[-109.05101300044326,40.273832999725244],[-109.05101199972002,40.273536999770073],[-109.05101500009309,40.273323000333868],[-109.05101300044326,40.273043999930223],[-109.05101599991801,40.272151000225428],[-109.05102400031392,40.27183399972855],[-109.05101699974291,40.271723000128681],[-109.05101799956782,40.271551000012259],[-109.05102000011594,40.271345999855924],[-109.05101400026817,40.271132999667216],[-109.05102299959069,40.270141000251279],[-109.05102000011594,40.269895000069575],[-109.05102099994086,40.269192999746814],[-109.05102599996373,40.267495000316892],[-109.05102299959069,40.266580999706399],[-109.05102000011594,40.266180999657699],[-109.05100099984936,40.26259300000428],[-109.05098300030603,40.259275999852996],[-109.0509740000852,40.25767500031332],[-109.0509740000852,40.257629000185503],[-109.05096599968928,40.256343999683054],[-109.05095700036676,40.254665000001339],[-109.05095099962067,40.253756000156407],[-109.05094599959779,40.252837999955958],[-109.05094300012306,40.252400000230963],[-109.05094499977288,40.251964000318971],[-109.05094499977288,40.251920999939621],[-109.05094499977288,40.251889999665117],[-109.05094700032102,40.251521000283333],[-109.05094800014591,40.251315000137957],[-109.05094999979576,40.250649999666187],[-109.05095800019168,40.248282999941125],[-109.05096400003946,40.246497999750538],[-109.0509730002603,40.243104999688128],[-109.05097900010807,40.241903000315808],[-109.0509809997579,40.241861000160689],[-109.05099199962855,40.23736599981823],[-109.05097699955994,40.233364999700832],[-109.05097599973502,40.233107000188809],[-109.05097599973502,40.232998999814171],[-109.05097499991011,40.232827000004889],[-109.05096900006234,40.231111000189266],[-109.05096800023742,40.230929999730009],[-109.0509670004125,40.230885999783951],[-109.05096499986436,40.230168999705832],[-109.05094899997084,40.22264700009984],[-109.05095200034388,40.221451000089971],[-109.05095599964353,40.21917000008429],[-109.05095599964353,40.21875699973819],[-109.05095599964353,40.218701000276376],[-109.05096999988723,40.212160999951308],[-109.05097200043538,40.211239000172249],[-109.05097599973502,40.209204000193147],[-109.05096900006234,40.208008000267078],[-109.05094399994798,40.203777000332998],[-109.05091899983363,40.199716000315505],[-109.05090600031315,40.197746000149948],[-109.05090399976498,40.197461999681288],[-109.05090299994008,40.197272000259623],[-109.05089399971926,40.195849000168494],[-109.05088700004657,40.194351000230405],[-109.05089200006942,40.192879000326243],[-109.05089700009231,40.191383000293634],[-109.05089899974213,40.190627999735803],[-109.05090100029027,40.189896999972184],[-109.05090200011519,40.189798999813291],[-109.05090899978788,40.187497000141818],[-109.05091600035888,40.185032000092924],[-109.05092399985648,40.182613999968559],[-109.05092399985648,40.182272000006911],[-109.0509249996814,40.181922999992516],[-109.05092700022955,40.181388000093499],[-109.05092899987936,40.180867999689234],[-109.0509730002603,40.180849000200865],[-109.05097099971213,40.180839999755044],[-109.05096400003946,40.180805999966431],[-109.05092899987936,40.180730999827482],[-109.05093300007732,40.179319999908017],[-109.05093899992509,40.177475999849413],[-109.05094099957493,40.177318000161371],[-109.05093999975,40.17712199973306],[-109.05094599959779,40.175388000160453],[-109.05094899997084,40.17451699996527],[-109.05094999979576,40.174181000115496],[-109.05095099962067,40.174004000273364],[-109.05095099962067,40.173802000106562],[-109.05095099962067,40.173790999944295],[-109.05095099962067,40.173734999714547],[-109.05095200034388,40.173699999719091],[-109.05095200034388,40.173690000305427],[-109.05095200034388,40.173669000021832],[-109.05095200034388,40.173635000071876],[-109.05095200034388,40.173578999713456],[-109.05095200034388,40.173562999798662],[-109.05095200034388,40.173524000076355],[-109.05095200034388,40.173496999938671],[-109.05095200034388,40.173436999823046],[-109.05095200034388,40.173420999874772],[-109.05095200034388,40.173407000088552],[-109.0509530001688,40.173396999945297],[-109.05095200034388,40.173054000111577],[-109.05095700036676,40.168989000074745],[-109.05096999988723,40.159242000236695],[-109.05096999988723,40.158724000309277],[-109.05097499991011,40.152194000009402],[-109.05097599973502,40.151854999689462],[-109.05097599973502,40.151752999966838],[-109.05098300030603,40.148020000251904],[-109.05096099966642,40.146450999963015],[-109.05096099966642,40.1445960002224],[-109.05096099966642,40.144192000063512],[-109.05095599964353,40.141021000051907],[-109.05095599964353,40.140903999671572],[-109.05095599964353,40.140846999906323],[-109.05095700036676,40.140474999757977],[-109.05095900001658,40.139834000029396],[-109.05095900001658,40.13923999984614],[-109.05095800019168,40.138360000203491],[-109.05095800019168,40.137136000230214],[-109.05095700036676,40.135975000342405],[-109.0509599998415,40.13536200021791],[-109.05095599964353,40.134829999967188],[-109.05095399999372,40.13453300028641],[-109.05095399999372,40.13426299994979],[-109.05094499977288,40.128249999705069],[-109.05093899992509,40.124385000222631],[-109.05100599987225,40.123347999725013],[-109.05101699974291,40.120227999943793],[-109.05102099994086,40.119883999941074],[-109.05101900029103,40.119836000009968],[-109.05097999993299,40.118660999902865],[-109.0509670004125,40.118270000073316],[-109.05096099966642,40.117707000169567],[-109.05094300012306,40.11601799996869],[-109.0509380001002,40.115456000217378],[-109.0509249996814,40.114194999675348],[-109.05092999970428,40.113411999715495],[-109.05092999970428,40.113046000188064],[-109.05092999970428,40.113022000217811],[-109.05092899987936,40.111105000143141],[-109.05092800005444,40.110952000115077],[-109.05092700022955,40.110172999852736],[-109.05092700022955,40.110132000170324],[-109.0509249996814,40.108627000120649],[-109.05092399985648,40.108437000031891],[-109.050911000336,40.106981000061623],[-109.05089700009231,40.105339999953692],[-109.05088299984861,40.103769000091482],[-109.05080800040383,40.097040000158223],[-109.05080599985571,40.096842999779092],[-109.050763000198,40.092603999728638],[-109.05076400002291,40.092184999851732],[-109.05076800022088,40.09173799989464],[-109.05076800022088,40.090158999873957],[-109.0507699998707,40.088863999995631],[-109.05078599976423,40.080577999952581],[-109.05078999996218,40.080131000067951],[-109.05078699958912,40.080002999832665],[-109.05078800031237,40.079663000208683],[-109.05079300033525,40.077717999978326],[-109.05079400016014,40.07759000001851],[-109.05080599985571,40.075095999765466],[-109.05082000009941,40.072189999668467],[-109.05083599999293,40.069002000273429],[-109.05083799964277,40.06873400011159],[-109.05084000019089,40.068285999908028],[-109.05084000019089,40.068230000019163],[-109.05084100001581,40.06821400004246],[-109.05084500021377,40.067521999859615],[-109.05084500021377,40.067316999891268],[-109.05085400043461,40.065727000164671],[-109.05085699990933,40.06511599991115],[-109.05086399958203,40.063830000273711],[-109.05091800000871,40.059415000015164],[-109.05092100038175,40.058781000078589],[-109.05092200020667,40.058715999814588],[-109.05094800014591,40.056317999669183],[-109.05094999979576,40.056141000139824],[-109.05095099962067,40.056054999915062],[-109.0509819995828,40.053326999770114],[-109.05099900019957,40.047297999864178],[-109.05100099984936,40.046928000094312],[-109.05099599982651,40.04648600024592],[-109.0509380001002,40.04050999986994],[-109.05090700013805,40.03730599992835],[-109.05089100024453,40.035677999734617],[-109.05088299984861,40.034982999796519],[-109.05088299984861,40.034881000150698],[-109.05088500039673,40.034239999876156],[-109.05088600022165,40.034196000337019],[-109.05088600022165,40.034185000275812],[-109.05089000041961,40.03339200007067],[-109.05089299989434,40.032889000034153],[-109.05089700009231,40.032360000015188],[-109.05090100029027,40.03152599965874],[-109.05090899978788,40.030670999662888],[-109.0509380001002,40.028720000301085],[-109.0509530001688,40.027516999759015],[-109.05095700036676,40.027479999799972],[-109.05097200043538,40.026364000231766],[-109.05098900015381,40.025161000102571],[-109.05099199962855,40.024971000268337],[-109.05099300035178,40.024890000265039],[-109.05099800037465,40.024506999991523],[-109.05099900019957,40.024462000154124],[-109.05110200013173,40.016648000044754],[-109.0511570003833,40.008237999749831],[-109.0510729998194,39.99980500017157],[-109.05103099998661,39.99563400024865],[-109.05098900015381,39.99135900018549],[-109.05096800023742,39.989225000087863],[-109.05094599959779,39.987071000054911],[-109.05093599955205,39.986054000017901],[-109.0509310004275,39.985533999793077],[-109.05091399981075,39.983938000102796],[-109.05091299998584,39.983865999952023],[-109.05091299998584,39.983851999684454],[-109.050911000336,39.983716000082524],[-109.050911000336,39.983658000007992],[-109.050911000336,39.983641000024278],[-109.05090899978788,39.983479999685471],[-109.05090799996296,39.983396000315693],[-109.05090200011519,39.982807000326396],[-109.0508960002674,39.982163999988998],[-109.05088600022165,39.980894000256185],[-109.05085600008441,39.977482000236463],[-109.05083900036597,39.975405999899117],[-109.05081300042671,39.972121000222323],[-109.05080300038098,39.970637000285109],[-109.05078599976423,39.968397000217479],[-109.0507840001144,39.968184999992516],[-109.05074899995431,39.964645000297537],[-109.05068799985493,39.957846999682609],[-109.05068700003002,39.957438999741932],[-109.0506850003802,39.956976000278289],[-109.05066399956549,39.948593999965482],[-109.05063799962623,39.945240000248184],[-109.05061800043305,39.940771000310079],[-109.0506229995576,39.940604999931871],[-109.05061900025795,39.939784000239307],[-109.0505799998999,39.931990000258736],[-109.05058300027294,39.930113000111049],[-109.05057900007499,39.930056000237172],[-109.05054200026508,39.91737299994751],[-109.05054100044015,39.916848000286876],[-109.05053999971692,39.916486999925233],[-109.05052899984629,39.91295799968475],[-109.05051499960257,39.906019000188117],[-109.05050100025719,39.900048999790819],[-109.05050000043229,39.899988999802865],[-109.05050000043229,39.899796999901781],[-109.05049899970905,39.89934400023224],[-109.05049700005921,39.898644000239486],[-109.05045299967828,39.890849000140967],[-109.05042300043938,39.883166000302026],[-109.05042099989124,39.882240999958242],[-109.05038499990623,39.86914499986252],[-109.05038800027927,39.868584999874756],[-109.05038400008134,39.868383000133804],[-109.05037599968541,39.863636999942955],[-109.05037099966253,39.863220000057403],[-109.05035300011919,39.858260000062202],[-109.05035700031713,39.857479999917409],[-109.05033399985263,39.852406000242524],[-109.05034100042361,39.849354000003295],[-109.05037400003557,39.847856999718076],[-109.05049200003636,39.842521000044265],[-109.0506229995576,39.836556000139865],[-109.05062599993066,39.836427000297718],[-109.05063900034945,39.835873999677766],[-109.0506860002051,39.833705999918188],[-109.05069799990069,39.833121999967055],[-109.0506989997256,39.833103000023456],[-109.05070000044881,39.833082999822977],[-109.0507060002966,39.832818000238618],[-109.05095599964353,39.821031000314143],[-109.05095599964353,39.821013999950971],[-109.05095700036676,39.820653999714722],[-109.05099699965143,39.809143000315252],[-109.05101900029103,39.800645999928243],[-109.05102799961357,39.798883000131362],[-109.05102699978865,39.796670000342303],[-109.05105299972791,39.787843000074076],[-109.05103900038253,39.767145999947999],[-109.05103500018458,39.766530000312521],[-109.05104299968217,39.755603000054727],[-109.05104600005522,39.75303199994017],[-109.05105000025318,39.75229499983088],[-109.05104799970503,39.752003999703248],[-109.05105100007808,39.750410000295204],[-109.05105299972791,39.750207000339508],[-109.05105299972791,39.749849999871415],[-109.05106199994874,39.746430000271346],[-109.05109700010884,39.737461000072472],[-109.05109899975866,39.727728000267916],[-109.05109899975866,39.726444000215714],[-109.05110600032968,39.724884999900269],[-109.05112499969795,39.721636000021348],[-109.05113399991878,39.720442000022558],[-109.0511719995536,39.71151599984762],[-109.05117099972868,39.711354000031079],[-109.0511719995536,39.711153000344147],[-109.05116800025395,39.71022900002508],[-109.05117699957647,39.709758000314771],[-109.05117699957647,39.709679999691446],[-109.05117900012461,39.709142000308489],[-109.05118400014749,39.707376999668227],[-109.05120000004101,39.702366000082513],[-109.05126899963798,39.686583000316269],[-109.0512700003612,39.685830000156116],[-109.05128899972946,39.680008999690514],[-109.05131600039198,39.676029000288814],[-109.05129499957727,39.670458000267168],[-109.05125399956937,39.664005000063845],[-109.05122699980517,39.660466000096022],[-109.05122699980517,39.660366999875428],[-109.05122599998028,39.660241000269771],[-109.05121000008675,39.656339999800608],[-109.05120599988881,39.655393000056655],[-109.05120199969083,39.654451000195479],[-109.05119800039118,39.653481000041985],[-109.05119599984303,39.652995999702433],[-109.05119400019323,39.652520999822123],[-109.0511919996451,39.65203199988926],[-109.05119099982018,39.651807999701177],[-109.05119099982018,39.651620999871376],[-109.05118999999526,39.651445000220448],[-109.05118999999526,39.651403999923083],[-109.05118900017035,39.651313000188225],[-109.05118900017035,39.651296000102867],[-109.05118900017035,39.651265999738634],[-109.05118900017035,39.651254000280964],[-109.05118900017035,39.651238999745502],[-109.05118900017035,39.651184999727647],[-109.05118900017035,39.651162999657053],[-109.05118900017035,39.651152000310766],[-109.05119900021609,39.647409999714533],[-109.05120500006387,39.645427999967112],[-109.05121000008675,39.644147000021086],[-109.0512200001325,39.640520999808061],[-109.0512350002011,39.6358349998455],[-109.05125100009464,39.629646999730326],[-109.05126000031547,39.626075000028692],[-109.05126100014039,39.626023999827957],[-109.05126299979018,39.624973999673863],[-109.05127399966085,39.616742000254334],[-109.05127799985883,39.613009000038872],[-109.05127500038408,39.607953999970938],[-109.05127600020899,39.60792699967994],[-109.05127600020899,39.607881000262097],[-109.05127600020899,39.607861999756381],[-109.05127600020899,39.607797999835931],[-109.05127600020899,39.607739000181304],[-109.05127600020899,39.607634000202317],[-109.05127600020899,39.607615999695632],[-109.05127600020899,39.60754799996915],[-109.05127700003391,39.607460000183245],[-109.05127700003391,39.607422000319794],[-109.05127700003391,39.607402999688183],[-109.05127799985883,39.607113999673437],[-109.05128000040696,39.606860999872474],[-109.05128200005677,39.606735999744537],[-109.05128500042981,39.606124000329295],[-109.05128899972946,39.605810000273571],[-109.05129499957727,39.604737000337884],[-109.05130799999604,39.603076999972487],[-109.0513110003691,39.602766999797744],[-109.05130999964587,39.60269400015757],[-109.05130999964587,39.602628000027906],[-109.0513399997831,39.598561000063341],[-109.0513819996159,39.592200999674787],[-109.0514040002555,39.590141999803656],[-109.05141599995106,39.588710000219933],[-109.051424000347,39.587510000269504],[-109.05144100006542,39.58247000006552],[-109.05143799969238,39.5759939996912],[-109.05143799969238,39.575942000155656],[-109.05143799969238,39.575836999749633],[-109.05143900041563,39.575753999698613],[-109.05143900041563,39.575596000069304],[-109.05143900041563,39.575576999708318],[-109.05144000024052,39.575220000230608],[-109.05141900032413,39.569335999838799],[-109.05141099992819,39.567760000133347],[-109.05141199975311,39.567633000177509],[-109.05141099992819,39.567459000089343],[-109.05141000010329,39.567254000213239],[-109.05139699968448,39.565149999987618],[-109.05139900023265,39.560885999915584],[-109.0514040002555,39.560634999681589],[-109.05142000014904,39.556183000237652],[-109.05142699982173,39.555865999952111],[-109.05142699982173,39.555840000259884],[-109.05145199993608,39.550555000184126],[-109.051452999761,39.550451000321239],[-109.05145399958592,39.550385000300778],[-109.05145899960878,39.549370999776421],[-109.05145899960878,39.549312999761483],[-109.05144799973813,39.545424999991724],[-109.05144799973813,39.545408999799129],[-109.05144000024052,39.541462999848235],[-109.0514450002634,39.540984000034236],[-109.05144600008829,39.539125999851748],[-109.05144299971526,39.537936000289129],[-109.05144400043849,39.537683999769108],[-109.05144299971526,39.537010999751786],[-109.05144199989036,39.529376999780375],[-109.05143199984461,39.524689000090859],[-109.05142000014904,39.522316999756903],[-109.05141500012616,39.521122999921133],[-109.05140900027838,39.519940999699905],[-109.05140300043061,39.51877500025126],[-109.05140000005757,39.518179999768776],[-109.05139500003469,39.517592000285163],[-109.05139099983671,39.517017999816083],[-109.05139000001181,39.516893999801646],[-109.05139000001181,39.516843000301485],[-109.05139000001181,39.516825999766809],[-109.0513890001869,39.51676700028392],[-109.05138800036198,39.516574000239402],[-109.05138699963877,39.516549999675753],[-109.05138699963877,39.516497999927516],[-109.05138599981386,39.51636699969626],[-109.05135800022477,39.512412999942775],[-109.05134900000392,39.511112000234206],[-109.05134300015614,39.510264999719425],[-109.05132899991244,39.508242000171116],[-109.05127799985883,39.502481000004209],[-109.05124900044483,39.499995999727723],[-109.05122599998028,39.497798000329254],[-109.05122599998028,39.497738999938143],[-109.0511780002997,39.485710999687726],[-109.05115300018535,39.461954999964256],[-109.0511719995536,39.45046699973679],[-109.0511509996372,39.445241000005254],[-109.05114700033756,39.444465999750108],[-109.05109799993376,39.432489999872914],[-109.05109200008597,39.430743000120138],[-109.05107500036755,39.42646699973966],[-109.05107500036755,39.426448000200402],[-109.05105500027605,39.421761000278771],[-109.05105100007808,39.420557000212384],[-109.05105100007808,39.420536999768231],[-109.05105100007808,39.420466999903404],[-109.0510300001617,39.415565999788789],[-109.05102799961357,39.415299000189563],[-109.05096999988723,39.400867000328866],[-109.05095200034388,39.396714999807585],[-109.05094999979576,39.396408000073421],[-109.05094999979576,39.396172000051223],[-109.05094999979576,39.395969000046456],[-109.0509249996814,39.390109000177659],[-109.05091700018379,39.387945999870418],[-109.05089500044249,39.382640000344615],[-109.05086399958203,39.374975999996309],[-109.05083400034312,39.372534000258348],[-109.05081799955126,39.371182000307421],[-109.05076499984783,39.366677000180523],[-109.05074800012939,39.364608000142923],[-109.05070100027373,39.360944999688698],[-109.05076700039596,39.35731899997554],[-109.05085100006156,39.355300999726836],[-109.05085699990933,39.355139000060305],[-109.05091200016092,39.353812999782889],[-109.05101599991801,39.350070000182477],[-109.05101500009309,39.348205000277453],[-109.05101799956782,39.346615000187462],[-109.05102900033678,39.330962000170992],[-109.05109899975866,39.307325999897401],[-109.05109799993376,39.286619999831089],[-109.05103500018458,39.241378999949752],[-109.05103400035966,39.240236999916974],[-109.05103400035966,39.24003099978264],[-109.05103400035966,39.239634999986905],[-109.05103099998661,39.23778000023281],[-109.05103500018458,39.237263000201985],[-109.05103299963643,39.236976000047704],[-109.05102699978865,39.230112000144011],[-109.0510300001617,39.229694999972509],[-109.05103199981151,39.229206999972639],[-109.05103099998661,39.227925000044756],[-109.0510300001617,39.227126000228246],[-109.0511570003833,39.20666499974665],[-109.0512560001175,39.195503000016224],[-109.05126600016324,39.194248999902356],[-109.05127799985883,39.193258000257416],[-109.05128899972946,39.192367999890664],[-109.05130200014825,39.191217000090987],[-109.05130799999604,39.189691999832348],[-109.05131399984384,39.187763999677173],[-109.05131800004179,39.186612999668732],[-109.05124500024685,39.163684000022158],[-109.05124000022397,39.161614000161869],[-109.05122299960723,39.153310000249576],[-109.05116599970583,39.142603000047778],[-109.05137300029337,39.126096000165994],[-109.05145000028628,39.119465999994233],[-109.05145799978386,39.11867199966526],[-109.0514660001798,39.117678999670353],[-109.05146899965452,39.117338999701303],[-109.05147299985249,39.117065000065637],[-109.05147799987535,39.116504999938059],[-109.05148299989821,39.115949000187491],[-109.05153099957882,39.111697000207378],[-109.05155300021843,39.110616999833979],[-109.05166600019632,39.105096999851853],[-109.05168200008987,39.103104000310609],[-109.05171999972468,39.098075999941663],[-109.0517480002121,39.09433899988435],[-109.05179300041793,39.088383999912608],[-109.05183600007564,39.082814000037622],[-109.05186100019,39.079465999703757],[-109.051937000358,39.069424999902928],[-109.05200000010716,39.067701000017784],[-109.0520079996048,39.066753000054035],[-109.05201299962765,39.066060000224596],[-109.05202000019867,39.065646999929903],[-109.05231499975143,39.03355700003771],[-109.05235800030746,39.028716000069181],[-109.0523680003532,39.027494000021498],[-109.05241600003379,39.022329999984741],[-109.05244600017102,39.019575000222432],[-109.0524870001789,39.015374000134436],[-109.05256099979874,39.007983999945026],[-109.05274800029481,38.990717000019067],[-109.05293700044069,38.976240000184141],[-109.05319699983338,38.953772999897929],[-109.05320400040439,38.953189999943596],[-109.05325899975765,38.949039000058711],[-109.05326299995562,38.948744000299044],[-109.05326600032866,38.948531000315562],[-109.05328899989487,38.946820999787214],[-109.0533109996362,38.945238999830373],[-109.05344100023085,38.934604999911166],[-109.05356799955413,38.922877000326615],[-109.05360799973711,38.919201000213619],[-109.05361100011017,38.91883200027037],[-109.05367399985934,38.913126999682611],[-109.05372400008805,38.908353999732512],[-109.0537550000502,38.905310999801998],[-109.05376500009595,38.904224999809522],[-109.05382700002022,38.898124000287268],[-109.05390400001312,38.88960200003865],[-109.05392099973156,38.88803499983117],[-109.05395400024183,38.884422999943403],[-109.05398799967871,38.880791999738065],[-109.05402200001389,38.877161000000022],[-109.05411900009827,38.873532000256773],[-109.05427399990899,38.869905000148748],[-109.05442899971966,38.86628800020506],[-109.05452099978116,38.864140999749388],[-109.05458400042869,38.862669999942305],[-109.05467599959188,38.860506000192437],[-109.05474599991207,38.85887199982318],[-109.05483200012578,38.856871000182174],[-109.05489900007294,38.855292000092632],[-109.0549869999365,38.853235000069454],[-109.05505600043179,38.851633000198063],[-109.05511499998302,38.850260000134782],[-109.05524399985445,38.847265999848943],[-109.05536500022828,38.844388000273426],[-109.0554530000918,38.842329000105032],[-109.05552000003895,38.840766000279963],[-109.05560899972743,38.838692999741767],[-109.05566800017696,38.837325999879432],[-109.05576400043644,38.835057999662155],[-109.05582200016276,38.833705000052355],[-109.05591900024714,38.831422000075072],[-109.05594000016353,38.830926000277579],[-109.05594699983622,38.830765000036273],[-109.05595000020929,38.830689000126192],[-109.05607400005783,38.827786000201193],[-109.05613000013435,38.8264650000148],[-109.05622999969344,38.824150000074205],[-109.05628599976994,38.8228489997027],[-109.05643999975574,38.819232999820265],[-109.05654000021318,38.816879000088193],[-109.05659399974152,38.815616000189578],[-109.05666099968867,38.813996000309011],[-109.05669500002385,38.813243999698564],[-109.05674799972729,38.811999999815129],[-109.05685099965946,38.809607999696716],[-109.05690300043631,38.808385999894796],[-109.05700600036847,38.80597299995609],[-109.05705700042211,38.804774000065969],[-109.05707099976749,38.804445999853698],[-109.05716000035427,38.802338000265905],[-109.0572110004079,38.801161000123919],[-109.05727900017996,38.799543999764595],[-109.05736500039369,38.79754799971402],[-109.05749500009004,38.793910999796687],[-109.05761899993858,38.790273999836991],[-109.05787199965857,38.782981999786116],[-109.05809000011676,38.776757999903865],[-109.05825400014831,38.772046999658485],[-109.05847799955596,38.765783000164234],[-109.0587599995883,38.758460999767067],[-109.05890000022868,38.754800000150198],[-109.05894999955909,38.753404999878022],[-109.05900499981067,38.751157000267504],[-109.05902599972706,38.75023100009939],[-109.05904099979568,38.749524000103307],[-109.05905800041242,38.748980000069622],[-109.05906500008513,38.7487500001969],[-109.0593179998051,38.736700000231878],[-109.05957800009612,38.725615999841594],[-109.05960999988316,38.72486499990702],[-109.05967500018049,38.722028000030988],[-109.05969400044707,38.721230999714109],[-109.05975999967099,38.718387000135792],[-109.05977800011264,38.717596999753887],[-109.05982400014341,38.714745999786913],[-109.05982400014341,38.713963000059806],[-109.05982400014341,38.710328999964304],[-109.05981599974749,38.706705999700638],[-109.05980400005193,38.703083000218747],[-109.05979300018127,38.699458999711489],[-109.05977200026487,38.692212000107382],[-109.05976399986895,38.688587999886828],[-109.05975700019626,38.684963999811124],[-109.05974899980033,38.68133999991344],[-109.05970899961737,38.672603999894235],[-109.0596890004242,38.666845000152115],[-109.05968799970097,38.652281999728928],[-109.05968799970097,38.652017000184877],[-109.05968799970097,38.648766000048028],[-109.05968799970097,38.64859699966614],[-109.05968699987606,38.648125000108273],[-109.05969600009688,38.645142000262425],[-109.05970500031772,38.641519000161544],[-109.05971600018836,38.637982000105488],[-109.05971600018836,38.637889999960663],[-109.05971600018836,38.637208999868889],[-109.05972799988393,38.634275999752489],[-109.05973100025699,38.633604999964376],[-109.05972799988393,38.630650999831509],[-109.05972600023412,38.62999999991078],[-109.0597179998382,38.627023999687381],[-109.05971600018836,38.626395000347287],[-109.05970799979245,38.623398000044226],[-109.05970600014264,38.622789999902785],[-109.05972200003616,38.621621999870037],[-109.05969600009688,38.619164999691613],[-109.05970199994466,38.616128999726172],[-109.0597039995945,38.61561400000695],[-109.0597179998382,38.612486999750118],[-109.05972000038635,38.611913999672986],[-109.05973799992968,38.609505000338601],[-109.05974399977747,38.606385999728815],[-109.05974999962524,38.604682999771462],[-109.05976399986895,38.601574999679784],[-109.05976600041708,38.601077999728801],[-109.05977899993758,38.597948999706745],[-109.05978099958737,38.59747199997814],[-109.05979499983108,38.59390399989212],[-109.05980900007479,38.590693999740857],[-109.05982599979322,38.586631000054027],[-109.05984000003694,38.583388999961208],[-109.05985599993046,38.579394999790907],[-109.05987900039499,38.576756000029178],[-109.05988600006768,38.576085000125644],[-109.05991200000696,38.572479000078225],[-109.05993899977112,38.568872000081626],[-109.05996600043362,38.565265999726066],[-109.05996800008346,38.564870000192641],[-109.05997700030429,38.561660000343807],[-109.05998099960392,38.557627000105377],[-109.05998200032715,38.556331999974788],[-109.0599849998019,38.554005999803032],[-109.06002499998485,38.550384999770017],[-109.05999200037289,38.546950000171108],[-109.05999300019781,38.546766000262238],[-109.05999700039577,38.543146000075119],[-109.06000099969542,38.539527000217475],[-109.06000599971827,38.535908000259099],[-109.06002199961182,38.532110999843802],[-109.06003900022856,38.528679000276711],[-109.0600569997719,38.525065000272214],[-109.06007500021357,38.521449999985535],[-109.0600779996883,38.520737000163521],[-109.0600409998784,38.514108999653232],[-109.06012799991701,38.510604999937108],[-109.06014499963545,38.506990000300306],[-109.06015200020647,38.50315499975374],[-109.06013799996276,38.501814000164821],[-109.0601189996962,38.50002799995444],[-109.0601189996962,38.499989000135599],[-109.06011600022146,38.499716000109267],[-109.06008699990915,38.49711399997058],[-109.0600490002743,38.49349699991167],[-109.06004000005349,38.49284899968162],[-109.06002400015994,38.489003999970691],[-109.06003099983263,38.488663999779],[-109.06002199961182,38.488221000143824],[-109.06000800026642,38.484211999936377],[-109.06000700044152,38.483815999972258],[-109.05999900004561,38.481527999847088],[-109.05998200032715,38.477463999688823],[-109.05996800008346,38.476665999906423],[-109.05993899977112,38.474273999729704],[-109.06005500012209,38.468994000170028],[-109.06012200006924,38.466218999907909],[-109.06014200016072,38.465246999803227],[-109.06014200016072,38.465234000155903],[-109.0601539998563,38.464693999966798],[-109.06015800005424,38.464256000329272],[-109.06017099957474,38.462796000145957],[-109.06017599959759,38.462300000280194],[-109.06014999965834,38.458155999812178],[-109.06012999956685,38.455606999857743],[-109.06012899974193,38.455447000076092],[-109.0601250004423,38.454868999790357],[-109.06012600026722,38.454826999856905],[-109.06012299989413,38.454530999665891],[-109.0601189996962,38.454300999691505],[-109.06009500030505,38.450063000289163],[-109.06007600003849,38.446591999655091],[-109.06007500021357,38.446377000134468],[-109.06003000000773,38.435584000024434],[-109.06003500003061,38.433753999650783],[-109.06003599985551,38.433404999947925],[-109.06003900022856,38.432475999898756],[-109.0600409998784,38.431705999903613],[-109.06004400025144,38.430677999850865],[-109.06005099992413,38.429160000141707],[-109.06005000009921,38.42876999972038],[-109.06005000009921,38.428687999695825],[-109.06005900032004,38.425479000307078],[-109.06007699986341,38.418670000095716],[-109.06008000023644,38.41859700034982],[-109.06008699990915,38.416359999811533],[-109.06010199997775,38.413243999834854],[-109.06009799977979,38.413127000261049],[-109.06009799977979,38.412193000107038],[-109.06010199997775,38.411916999916507],[-109.06011399967332,38.408544999818098],[-109.06012600026722,38.406816999832913],[-109.06013100029007,38.405111999653393],[-109.0601329999399,38.403747000201314],[-109.0601329999399,38.403618000187016],[-109.0601329999399,38.403572000049834],[-109.0601329999399,38.403473999751775],[-109.0601329999399,38.403457999920377],[-109.0601339997648,38.402401000044293],[-109.06013499958972,38.401582000062724],[-109.06013499958972,38.401384000237016],[-109.06013499958972,38.401200000161644],[-109.06013600031292,38.401145000052068],[-109.06013600031292,38.401119000190477],[-109.06013600031292,38.401076999961042],[-109.06013600031292,38.400883999934159],[-109.06013799996276,38.399400000128431],[-109.06013899978768,38.398270000185541],[-109.06013899978768,38.398236000203845],[-109.06013999961257,38.398163000230618],[-109.06013200011499,38.397520000271719],[-109.06012899974193,38.397290000306882],[-109.06012799991701,38.397199999845967],[-109.06014600035869,38.396822000347655],[-109.06014600035869,38.39673400017341],[-109.06016499972694,38.391321999756457],[-109.06016499972694,38.390015999894509],[-109.06016999974982,38.388100000134237],[-109.06015600040443,38.378483999677776],[-109.06015100038157,38.374987999695044],[-109.06014999965834,38.374542999933432],[-109.06013899978768,38.363559999939071],[-109.06013899978768,38.362573000231102],[-109.06013700013784,38.360277999994061],[-109.06013700013784,38.360207999747239],[-109.06013799996276,38.359943000262632],[-109.06013799996276,38.359825000126847],[-109.06013899978768,38.359715000328457],[-109.06013899978768,38.359575000087148],[-109.06013899978768,38.359449999743596],[-109.06013999961257,38.359176000168262],[-109.0601410003358,38.358894000345089],[-109.06014200016072,38.35862300014189],[-109.06014200016072,38.358604000180605],[-109.06014200016072,38.358583999956416],[-109.06014200016072,38.358370999656202],[-109.06014399981056,38.357686000186888],[-109.06014600035869,38.356959000084849],[-109.06014800000851,38.356244999978721],[-109.06015200020647,38.354784999713516],[-109.06015800005424,38.352835999741735],[-109.06015600040443,38.352816999670637],[-109.06015499968122,38.352658000067073],[-109.06016599955186,38.34978899979766],[-109.06017200029794,38.346199000054057],[-109.06017099957474,38.346088000259854],[-109.06017999979557,38.344907999763635],[-109.06016999974982,38.340869000235138],[-109.06017300012286,38.337070999861886],[-109.06017399994778,38.334744999680481],[-109.06017399994778,38.331969999821887],[-109.06016800010001,38.327594999939173],[-109.0601689999249,38.327298999969507],[-109.06017099957474,38.3244189999618],[-109.06018499981843,38.318670000329107],[-109.06014800000851,38.314311999722179],[-109.06016300007713,38.307226000251397],[-109.06015300003138,38.299141999872475],[-109.06017200029794,38.296472000034335],[-109.06015600040443,38.292684000325082],[-109.06015600040443,38.291896000196793],[-109.06015300003138,38.290204999716906],[-109.06020400008499,38.278237999697929],[-109.06018700036657,38.27552799969709],[-109.05986500015131,38.273607000032634],[-109.05931199995733,38.270152999780393],[-109.05659700011456,38.253249999812631],[-109.05623399989142,38.250945999965928],[-109.0553610000303,38.245388999709562],[-109.05467200029224,38.241069000050551],[-109.05358699982071,38.234144000101431],[-109.05271499978453,38.228573999918552],[-109.05218400023017,38.225188000124703],[-109.05158400018058,38.221355999802128],[-109.05055399996064,38.215013000205275],[-109.05042599991413,38.214120999762507],[-109.04990700005536,38.210912999965487],[-109.04800300014941,38.198786999958664],[-109.04795000044597,38.198449999757614],[-109.04791799976059,38.198401000310781],[-109.04657200007149,38.189640999748768],[-109.04615000029708,38.187016999692759],[-109.04283500040471,38.166267999732142],[-109.04269599958921,38.16148100001265],[-109.04257599993861,38.157169000159406],[-109.04257199974066,38.157015999797061],[-109.04257400028879,38.156182999962503],[-109.04257900031168,38.154694000142953],[-109.04258500015945,38.153162999816168],[-109.04258299961131,38.153028000075317],[-109.04262799981716,38.136743999666635],[-109.0426250003424,38.135925000012961],[-109.04263399966493,38.134467999710203],[-109.04264100023595,38.132193999829163],[-109.04264999955846,38.1265710001611],[-109.04260000022805,38.109518999990911],[-109.04258699980926,38.106745999687334],[-109.04258599998435,38.102735000069998],[-109.04258000013657,38.09379899973959],[-109.04253900012868,38.09292000020033],[-109.04253199955768,38.092721999803288],[-109.04250800016655,38.092072000199323],[-109.04234800033298,38.088212000191191],[-109.04222299976118,38.085192000088746],[-109.0421669996847,38.083847000308275],[-109.04214900014134,38.083378000069246],[-109.04200699985113,38.080228000303798],[-109.04197900026202,38.079557000063446],[-109.04200699985113,38.076126999913228],[-109.04203299979039,38.072985999901015],[-109.04203699998835,38.072501000028339],[-109.04205000040714,38.071034999778021],[-109.04206399975254,38.069362999878237],[-109.0420689997754,38.068872000001427],[-109.0421180001792,38.066132999927191],[-109.04218299957822,38.058650999886751],[-109.04217799955534,38.058012999854895],[-109.0421879996011,38.056885999855886],[-109.04220799969258,38.054881999988183],[-109.04221199989055,38.054390999839043],[-109.04223299980693,38.05125999993988],[-109.04223399963185,38.051098000350812],[-109.04224399967758,38.050865999869572],[-109.04224899970046,38.050752000211361],[-109.04238000012003,38.04769800032301],[-109.04260699990076,38.042431000207962],[-109.04269399993939,38.040395000229921],[-109.04272599972643,38.039836000170965],[-109.04284899975009,38.03681000024519],[-109.04286600036684,38.036419999908496],[-109.04286600036684,38.036175000113467],[-109.04286499964361,38.033150000123506],[-109.04286499964361,38.032557999710782],[-109.04286299999379,38.029526000094016],[-109.04286399981871,38.028939999875504],[-109.04286499964361,38.02769099976453],[-109.04286700019175,38.025906999937035],[-109.04284999957501,38.017662000327704],[-109.04284999957501,38.016016999706146],[-109.04284999957501,38.015891000045556],[-109.04284999957501,38.015571999846649],[-109.04284899975009,38.015157999657021],[-109.04285700014601,38.011138999910919],[-109.04285700014601,38.011045999689081],[-109.0428770002375,38.003599999895464],[-109.04288599956001,38.002073000113654],[-109.04291099967438,37.997071000234442],[-109.04291200039759,37.996939000315315],[-109.04294599983444,37.982859000272327],[-109.04293800033687,37.981607000125805],[-109.04294699965936,37.979906000315864],[-109.04292499991809,37.978168999887991],[-109.04288999975796,37.975261999822877],[-109.04288499973509,37.974904999840213],[-109.04288499973509,37.974870999953588],[-109.04277500013023,37.966039999979614],[-109.04269899996227,37.962844999956417],[-109.04268999974141,37.962566000081885],[-109.0425039999686,37.95491800001642],[-109.0420400003614,37.94381200016695],[-109.04212800022495,37.93919299982413],[-109.04204600020917,37.923408999924675],[-109.04202699994261,37.907691000279499],[-109.04199199978252,37.881082999676487],[-109.04200299965316,37.872936000172494],[-109.04202299974466,37.865285999917376],[-109.04203600016346,37.862963000032572],[-109.04202899959245,37.861915999969561],[-109.0420260001177,37.858745000328774],[-109.04199599998047,37.842710000098656],[-109.04199699980538,37.84268800025373],[-109.04199599998047,37.842076000131392],[-109.04199500015557,37.841724999772723],[-109.0419909999576,37.840043999867753],[-109.04199000013269,37.839568000094921],[-109.04198799958455,37.83718500029115],[-109.04198599993474,37.835825000280231],[-109.04198400028491,37.835532000320228],[-109.04198299956167,37.8353049997013],[-109.04198199973678,37.835260000201949],[-109.04198500010982,37.834168999952055],[-109.04199500015557,37.833948999854847],[-109.0419700000412,37.829477999918275],[-109.04198099991187,37.828018999958267],[-109.04198099991187,37.827575000341611],[-109.04194400010195,37.826499999704481],[-109.04197300041425,37.816483000268661],[-109.04197199969104,37.815824000106602],[-109.04196699966815,37.808565999673142],[-109.04196599984323,37.804345000113017],[-109.04194999994974,37.787583000038026],[-109.04201699989689,37.774997000214448],[-109.04201299969891,37.770723999991958],[-109.04202399956957,37.75570099971295],[-109.04202799976753,37.754453999754695],[-109.04203399961531,37.74863299984176],[-109.04202899959245,37.740253999770339],[-109.04198599993474,37.725699000179667],[-109.04195699962241,37.716249999730373],[-109.04194300027702,37.713201999813919],[-109.04193599970603,37.711178000240515],[-109.04184399964451,37.687789999759346],[-109.04188100035275,37.679589000276145],[-109.04189899989609,37.670158999885786],[-109.04191700033776,37.669379999648818],[-109.04192200036064,37.667930999672379],[-109.04193999990399,37.666935999911772],[-109.04193800025415,37.665786999823311],[-109.04190200026916,37.662870000011935],[-109.04189999972101,37.662672999901964],[-109.04191999981249,37.654119999789252],[-109.04192800020842,37.651204000283265],[-109.04188100035275,37.649924000259595],[-109.04188100035275,37.649844999763637],[-109.0418799996295,37.649654000054134],[-109.04187399978173,37.635626999646028],[-109.04187299995684,37.633102999991905],[-109.04187700015478,37.632381999726199],[-109.04187600032986,37.629178999946319],[-109.04187700015478,37.628647000276011],[-109.0418779999797,37.627372000190555],[-109.04188100035275,37.626641000095219],[-109.04188600037563,37.624548000202104],[-109.04187399978173,37.623514999875333],[-109.04188399982749,37.621445000101915],[-109.0418920002234,37.620847999819865],[-109.0418930000483,37.619763000217624],[-109.04189399987322,37.619390000308393],[-109.04189700024628,37.617578000126414],[-109.04189700024628,37.617310999713581],[-109.04189800007117,37.616845000283185],[-109.04189800007117,37.616763000230918],[-109.04190700029201,37.609572999735882],[-109.04192499983537,37.604475999836552],[-109.04198199973678,37.587010000242181],[-109.04193200040638,37.576253000163582],[-109.04189899989609,37.57495599987562],[-109.04178199972021,37.570300999663814],[-109.04173900006253,37.568622000146078],[-109.04165299984881,37.56529300005456],[-109.04159599994739,37.563065999653524],[-109.04157199965796,37.562138000329526],[-109.04157699968081,37.561761999860394],[-109.04161199984091,37.559446000098127],[-109.04163100010749,37.558701999965265],[-109.04172200034408,37.55220600035365],[-109.04173800023763,37.551087000280582],[-109.04177599987244,37.548586000227594],[-109.04178500009327,37.548003000249622],[-109.04181100003255,37.546946999645328],[-109.04182399955302,37.546483999680937],[-109.04195699962241,37.541342000135984],[-109.04224000037794,37.53010999987886],[-109.04257699976353,37.514018000106823],[-109.04268300006873,37.511354999699741],[-109.04289499978084,37.501504999989031],[-109.04292099972011,37.500610000241437],[-109.04299900043624,37.497884999694001],[-109.04302399965226,37.496987000234533],[-109.04310200036841,37.494263999981719],[-109.04312599975952,37.493410000316175],[-109.04321199997325,37.490417000060077],[-109.04322799986677,37.489830000058078],[-109.04336599995902,37.48481799984085],[-109.04338299967746,37.484204000097968],[-109.04342200003553,37.482672999833241],[-109.04346100039359,37.481218999957619],[-109.04347700028711,37.480670999869091],[-109.04353199964039,37.478207999832968],[-109.04367899995349,37.472771999986463],[-109.04368999982414,37.472527999730382],[-109.0437080002658,37.471787000311274],[-109.04374900027368,37.470111000009268],[-109.04377699986277,37.469035000168581],[-109.04404300000155,37.458345000052368],[-109.04424499966792,37.449043999961674],[-109.04430800031543,37.44611300027627],[-109.04447900001963,37.438114000267589],[-109.04456500023338,37.434107000142575],[-109.0446239997846,37.431773000286611],[-109.04474400033351,37.427048000295706],[-109.04480100023493,37.424773999784058],[-109.04486099961106,37.422441999726573],[-109.04495799969546,37.417578999994319],[-109.04497100011424,37.416913999799526],[-109.04498100015998,37.416431999677499],[-109.0451300001229,37.408976000234475],[-109.04518399965126,37.406230000239574],[-109.04522600038237,37.402077000105535],[-109.04524099955268,37.401035999833667],[-109.04524899994858,37.399868999899155],[-109.04526900004008,37.39742400011383],[-109.04528699958342,37.39624300023808],[-109.04529900017729,37.394946999673508],[-109.04563700028609,37.359981999820391],[-109.04563999976084,37.359723000173041],[-109.04577299983022,37.331128999942571],[-109.04576799980735,37.329259000127927],[-109.04577600020328,37.326860000168729],[-109.04577600020328,37.326752999781142],[-109.04579000044697,37.320780999956639],[-109.04577899967801,37.320222000308185],[-109.04578100022616,37.317411999739221],[-109.04580100031762,37.312967000310792],[-109.04580899981524,37.311351000337027],[-109.04584399997532,37.301995000244531],[-109.04579600029474,37.293414999657386],[-109.04578799989883,37.291223999671459],[-109.04574299969299,37.284554999990426],[-109.04573099999745,37.283750000103183],[-109.04572799962436,37.282848000239525],[-109.04563899993592,37.268246999909941],[-109.04553900037681,37.249342999808988],[-109.04549800036891,37.239902000233016],[-109.04546900005661,37.236942999662226],[-109.04547099970642,37.236287000115915],[-109.04541800000297,37.224861000067406],[-109.04540399975927,37.219739000125479],[-109.04539899973641,37.217497000129612],[-109.04533500016231,37.213940000202591],[-109.04534900040602,37.213591000136596],[-109.0453979999115,37.212195000183435],[-109.04548699959996,37.210844000139531],[-109.04555000024747,37.20837899978023],[-109.04574000021826,37.20446899964643],[-109.04582100040911,37.202746000019168],[-109.04592400034127,37.200575000104443],[-109.04592299961803,37.199610000018538],[-109.04591199974739,37.196930000286926],[-109.04588499998322,37.18730500029465],[-109.04584599962516,37.184604000110618],[-109.04577399965514,37.179409999875723],[-109.04546300020881,37.156901000325483],[-109.04545099961494,37.155146999690565],[-109.04544599959206,37.154633999756697],[-109.04539999956131,37.149953000079485],[-109.0453150000708,37.139627999958897],[-109.04521700016153,37.132123999960712],[-109.04508599974196,37.120377000001341],[-109.04508099971909,37.118692000022108],[-109.04510900020649,37.096903000103566],[-109.04511800042734,37.096271999806696],[-109.04512000007715,37.095438000134912],[-109.04512500010001,37.093910000232519],[-109.04512799957476,37.092968999706002],[-109.0451300001229,37.092554999883362],[-109.04508300026723,37.089973000351314],[-109.04505200030509,37.088319999784382],[-109.04501999961973,37.086521000025172],[-109.04499500040367,37.086429000235434],[-109.04499600022859,37.086160000069334],[-109.04500000042654,37.085351999890491],[-109.04500200007638,37.085083999890848],[-109.04501299994703,37.082998999954519],[-109.0450179999699,37.082190000036171],[-109.04504599955898,37.076744999873242],[-109.04505800015286,37.07466099976304],[-109.04507900006926,37.074277000246624],[-109.04514400036659,37.073125000064294],[-109.04516600010791,37.072741999788718],[-109.04517199995568,37.067404000260922],[-109.04517500032873,37.065369999672512],[-109.04518899967412,37.053779000268584],[-109.04519200004717,37.052082000242713],[-109.04519200004717,37.051391999731678],[-109.04519899971986,37.046055000120603],[-109.04520000044309,37.045269000356129],[-109.04520299991782,37.042914000288668],[-109.04520499956766,37.042128999805769],[-109.04520600029086,37.041300999854556],[-109.0451870000243,37.033531999864884],[-109.0451870000243,37.024140999808168],[-109.0451870000243,37.023530000054038],[-109.04518399965126,37.023237999760156],[-109.04518399965126,37.022981000331583],[-109.04518399965126,37.022654999903175],[-109.04518299982635,37.021979000290202],[-109.04517899962838,37.019357999999691],[-109.04517699997857,37.01823600008251],[-109.04518100017651,37.017980000086538],[-109.04517500032873,37.015111999677977],[-109.0451729997806,37.012092000281775],[-109.04516899958264,37.010471999730129],[-109.04517600015365,37.00752099990212],[-109.0451739996055,37.003395999806251],[-109.0451729997806,36.999145999767769],[-109.04517199995568,36.999082999662143],[-109.04517199995568,36.9989769999816],[-109.04499399968047,36.998979000193486],[-109.04379199993139,36.998973999663598],[-109.03428499992215,36.998967999744707],[-109.03406900001207,36.998967999744707],[-109.03380399969822,36.998967999744707],[-109.03358299976529,36.998967999744707],[-109.0309380002427,36.998966000249915],[-109.02967799986899,36.998965000143812],[-109.02826400040784,36.998964000037617],[-109.01057500016208,36.998954999799246],[-109.00808799992495,36.998953999692944],[-109.00755300017266,36.99895300030412],[-109.00716999985801,36.998951000091488],[-109.0060700002162,36.998948999878849],[-109.00574800000091,36.998947999772462],[-109.0056690003582,36.998945000170778],[-109.00543500000647,36.998946000277201],[-109.00541999993784,36.998946999666117],[-109.00535700018867,36.998946999666117],[-109.00531600018077,36.998946999666117],[-109.00511000031644,36.998946000277201],[-109.00502400010272,36.998945000170778],[-109.00490500027705,36.998945000170778],[-109.0047470000933,36.998945000170778],[-109.00430199985438,36.998944000064384],[-109.00402700039307,36.998942999957983],[-109.00394899967696,36.998942999957983],[-109.00382200035365,36.998941999851517],[-109.00369500013205,36.998941999851517],[-109.0030869996865,36.998940000356093],[-109.00241100036722,36.998938000143127],[-109.00126499979633,36.998935999930147],[-109.00065800007401,36.998934999823589],[-108.99807999960028,36.998933999717075],[-108.99787000043632,36.998933000327931],[-108.99309299960555,36.998932000221387],[-108.98950900009964,36.998930000008251],[-108.98672200028686,36.998928999901622],[-108.98159100035208,36.998926000299178],[-108.98009099977888,36.998926000299178],[-108.96620100002247,36.998919999659094],[-108.96107099991262,36.998918000163044],[-108.96062999987164,36.998917000056245],[-108.95930799957365,36.99891399973594],[-108.95886800025593,36.998913000346541],[-108.95883899994361,36.998912000239727],[-108.9587529997299,36.998912000239727],[-108.95872500014079,36.998912000239727],[-108.95856600013212,36.998911000132907],[-108.95785999977728,36.998906000315941],[-108.95526600030836,36.998892000252759],[-108.95449100035657,36.998887999824277],[-108.95440400031792,36.998906000315941],[-108.95383600005533,36.998900999781199],[-108.95213399981577,36.998887999824277],[-108.95156700027641,36.998884000113044],[-108.95092600021891,36.998886000327445],[-108.9501150002821,36.998888999931459],[-108.94900600041946,36.998892999642436],[-108.94836600018685,36.998895999963622],[-108.9481019996979,36.998895999963622],[-108.94731000002764,36.998895999963622],[-108.94704700026192,36.998895999963622],[-108.94552199957434,36.998892999642436],[-108.94094600038166,36.998886999717151],[-108.93942200041732,36.998886000327445],[-108.9368170001794,36.9988819998986],[-108.92943099981107,36.998872999650516],[-108.92900200036401,36.998872000260583],[-108.92639799995102,36.998871000153237],[-108.92636299979092,36.998871000153237],[-108.92625900003384,36.998871000153237],[-108.92622499969866,36.998871000153237],[-108.92615100007882,36.998871000153237],[-108.92537299975396,36.998870000045869],[-108.92282100011781,36.998867999831056],[-108.92196999999803,36.998867999831056],[-108.91722599967753,36.99886500022621],[-108.91657499957428,36.998864000118765],[-108.9003969997724,36.998853999760932],[-108.89923100000833,36.998853999760932],[-108.89779999993041,36.998852999653288],[-108.89500399989679,36.998851000155526],[-108.89262299996487,36.998848999940215],[-108.88550399956024,36.998844000119178],[-108.88548299964386,36.998843000011455],[-108.88310300043516,36.998841999903725],[-108.88186700035089,36.998840999795924],[-108.87980400043631,36.99883999968818],[-108.87816099974795,36.998839000297856],[-108.87692600038692,36.998839000297856],[-108.87565400031765,36.99883800019002],[-108.87531700003376,36.998839000297856],[-108.87195399956249,36.998857000083611],[-108.87048999987259,36.998864000118765],[-108.86888200024266,36.998872999650516],[-108.86600400019327,36.998871000153237],[-108.86525799965548,36.998872000260583],[-108.86386199973767,36.998890000038571],[-108.86260599956191,36.998894999856596],[-108.85991099981064,36.998868999938445],[-108.85835400023433,36.998867999831056],[-108.85827200021856,36.998866000333635],[-108.85403800043431,36.998866000333635],[-108.84347299971773,36.998866000333635],[-108.84231500034961,36.998860999796314],[-108.84089199976928,36.998860999796314],[-108.84012900041135,36.998860999796314],[-108.8392160003673,36.998858000191191],[-108.83583899965231,36.998859000298708],[-108.82040599966501,36.998854999868499],[-108.815941999727,36.998852999653288],[-108.81111899976378,36.998846999724854],[-108.80766099975627,36.998851000155526],[-108.80727499996688,36.998852000263142],[-108.80697200001818,36.998851000155526],[-108.80168299989967,36.998847999832563],[-108.79990299984227,36.998848999940215],[-108.79842200043396,36.998847999832563],[-108.79723999987804,36.998847999832563],[-108.79601700021259,36.998846999724854],[-108.7944349996236,36.998847999832563],[-108.79295000001733,36.998846999724854],[-108.79249300008281,36.998845000226929],[-108.79206600028556,36.998844000119178],[-108.79160599997805,36.998846000334616],[-108.79140000011371,36.998846999724854],[-108.77930600030822,36.998844000119178],[-108.77624400013585,36.998845000226929],[-108.77552100006255,36.998844000119178],[-108.77457899970616,36.998841999903725],[-108.7740160003648,36.998843000011455],[-108.77348599973705,36.998843000011455],[-108.77120299971442,36.998843000011455],[-108.76984600015466,36.998841999903725],[-108.76232500006714,36.998841999903725],[-108.75965700008003,36.998840999795924],[-108.75933900006271,36.998841999903725],[-108.75884699996811,36.99883800019002],[-108.75673800002276,36.998840999795924],[-108.75139899967552,36.998840999795924],[-108.74999400043518,36.998840999795924],[-108.74960299972462,36.99883999968818],[-108.74940899955585,36.998840999795924],[-108.74912800024676,36.99883800019002],[-108.74897599991081,36.998840999795924],[-108.74882199992501,36.99883999968818],[-108.74098799984304,36.998840999795924],[-108.73904299992923,36.99883999968818],[-108.7377809999057,36.998866999723653],[-108.73706799987818,36.998867999831056],[-108.734007000429,36.99887700007978],[-108.73275000042833,36.998863000011262],[-108.72416700033384,36.998908999919166],[-108.72045800025616,36.998930000008251],[-108.68989500023022,36.999028999735039],[-108.68943900012063,36.999028999735039],[-108.68938399986907,36.99902999984031],[-108.68194099959933,36.999046000088214],[-108.65922099987624,36.999092999989863],[-108.65903799957813,36.999094000094338],[-108.658902000034,36.999094000094338],[-108.65692299978497,36.999098999898891],[-108.65591900040263,36.999101000107622],[-108.65199199986674,36.999109000224507],[-108.64787100006042,36.99911899983136],[-108.64600599961422,36.999123000247742],[-108.64297199992923,36.999130000258361],[-108.64169900003505,36.999131999748833],[-108.64000400036646,36.999136000164469],[-108.63485699963987,36.999150000182674],[-108.63418100032057,36.99910499980745],[-108.63300100031279,36.99910499980745],[-108.63260799995243,36.99910599991172],[-108.62885500039211,36.999159999784133],[-108.62565799960221,36.999166999791399],[-108.624749999581,36.999168999998297],[-108.62377899981061,36.999171000205195],[-108.62137500031247,36.999176000004681],[-108.62019699995453,36.999178000211394],[-108.61996299960279,36.999179000314705],[-108.61968399994353,36.999179000314705],[-108.61944100026929,36.999179999700608],[-108.61911200038132,36.999179999700608],[-108.61428299967201,36.999191000118728],[-108.60762500029819,36.99920500012685],[-108.59764999958549,36.999227000236814],[-108.58591999982806,36.999253000032546],[-108.5829740000066,36.999261000133437],[-108.5763130002597,36.999275000128684],[-108.57384399956592,36.999282000125305],[-108.56915000037247,36.999248000238069],[-108.56112100029682,36.99926200023571],[-108.55869699980887,36.999265999927054],[-108.55706999991237,36.999269000233532],[-108.55499899960185,36.999269000233532],[-108.55027799974589,36.999319999685838],[-108.539329999613,36.999343999964871],[-108.53641300010385,36.999348999753039],[-108.53549199966386,36.999350999955205],[-108.53541899986892,36.999350999955205],[-108.53533600002827,36.999350999955205],[-108.53096599980159,36.999359000045771],[-108.52975200035695,36.999361000247674],[-108.5219269995975,36.999380000010575],[-108.52169099959595,36.999374000123716],[-108.50091199958869,36.999406999854259],[-108.50049599966211,36.999407999954599],[-108.50014000000994,36.999411000255478],[-108.49628899964203,36.999411000255478],[-108.48478900003839,36.99942300002283],[-108.48432700008104,36.99942300002283],[-108.48400200039102,36.99942300002283],[-108.48382300029088,36.999424000122964],[-108.48326400024914,36.999425000223042],[-108.46600799964843,36.999460000130739],[-108.45694000003033,36.99947199989041],[-108.45170299979033,36.999481000067654],[-108.45156399987316,36.999482000166964],[-108.4514810000325,36.999481000067654],[-108.4501090004041,36.999483999648191],[-108.4483429996921,36.999486999946065],[-108.44786599966612,36.999488000045311],[-108.447285999708,36.999489000144543],[-108.44656099998491,36.999491999724768],[-108.44241099986625,36.99949700022065],[-108.43859700020658,36.999488000045311],[-108.43083300044481,36.999517000048435],[-108.42183100005063,36.999537999969597],[-108.40314799956995,36.999562000179822],[-108.39817499981892,36.999569000150025],[-108.39607900029237,36.999573999923392],[-108.39418500043216,36.999575000021501],[-108.38999099993259,36.999584000186537],[-108.38810600029321,36.999585000284512],[-108.38251500005089,36.999607999664853],[-108.38126399989802,36.99959599992664],[-108.37930300009066,36.999607999664853],[-108.37794900000563,36.999613000153047],[-108.3751730000635,36.999606000186894],[-108.36124200029923,36.999628000180884],[-108.35755400013794,36.999636000242312],[-108.35709100035568,36.999637000339646],[-108.35636499990936,36.999635000145012],[-108.3558250001342,36.999634000047699],[-108.3552429996279,36.999634000047699],[-108.35439900007914,36.999654999936496],[-108.35328099999566,36.999645999779915],[-108.3523760003475,36.999651000265601],[-108.33260900011854,36.999688999641727],[-108.32356999991444,36.999703999654571],[-108.32322799960768,36.999704999750968],[-108.3208719997901,36.999708000040116],[-108.31775799973917,36.999712999804352],[-108.31736199990407,36.999713999900621],[-108.31530400001233,36.999733999671328],[-108.29761999978943,36.999720999856827],[-108.28827299961377,36.999743999913427],[-108.2880209997187,36.999732000196673],[-108.28739700027795,36.999732000196673],[-108.27635399971047,36.999714999996883],[-108.27256500016516,36.9997279998124],[-108.26870899977439,36.999720999856827],[-108.26751299987311,36.99971999976065],[-108.25252299957657,36.999720999856827],[-108.24962899963367,36.999711000329143],[-108.24198500042081,36.999741999721657],[-108.23251799969624,36.999725000241476],[-108.21486699998363,36.99971999976065],[-108.21456499985982,36.999721999953003],[-108.21425100004046,36.9997279998124],[-108.21268799971807,36.999720999856827],[-108.21134399967876,36.999698999889759],[-108.20320199962522,36.999723000049208],[-108.19644600034206,36.999726000337596],[-108.18870900034447,36.999735999863354],[-108.18771799958428,36.999713999900621],[-108.18667499984387,36.999735999863354],[-108.18443799985199,36.999713999900621],[-108.16915899985048,36.999713999900621],[-108.14564300025917,36.999723000049208],[-108.14381999964576,36.999723000049208],[-108.14308700042507,36.999724000145349],[-108.14264999968373,36.999724000145349],[-108.14223600030527,36.999726000337596],[-108.13944199992146,36.999724000145349],[-108.13237600011861,36.999724000145349],[-108.12962299974271,36.999726999716309],[-108.12873099961503,36.999724000145349],[-108.12650100019418,36.999721999953003],[-108.12595800004597,36.999725000241476],[-108.12515999962962,36.999723000049208],[-108.12452299977006,36.9997279998124],[-108.11616399998152,36.999731000100638],[-108.1131050001822,36.999736999959332],[-108.10979799978742,36.99973499976732],[-108.10962500043335,36.99973499976732],[-108.09111000018217,36.999745000009341],[-108.09092699988408,36.999742999817549],[-108.09066999996611,36.999741999721657],[-108.08825499969902,36.999741000343136],[-108.08186400028885,36.999723000049208],[-108.07077700023876,36.999698999889759],[-108.06630900010279,36.999690999834954],[-108.06293099956291,36.99969500022118],[-108.06091899970193,36.999703000275559],[-108.04736799987926,36.999723000049208],[-108.0432179997606,36.999730000004597],[-108.04241900041768,36.999731000100638],[-108.03784199960343,36.999739000151287],[-108.03760200030224,36.999740000247215],[-108.03677299992378,36.999741000343136],[-108.03428800023475,36.999746000105198],[-108.03345999968121,36.999748000296854],[-108.03316299958028,36.99974999977109],[-108.03308700031062,36.999750999866876],[-108.03296900030985,36.999751999962704],[-108.03227200017584,36.99975600034572],[-108.03197599989984,36.999753000058462],[-108.02771299980328,36.999763000298067],[-108.01412400034577,36.999794999764582],[-108.0111340001434,36.999801999713384],[-108.00057900037086,36.99982699993506],[-107.9993630003781,36.999830000219404],[-107.99725500025765,36.999834999975612],[-107.99555100036825,36.999839000354257],[-107.99241700022584,36.999845000204424],[-107.99213699984335,36.999846999676102],[-107.99194000019986,36.999846999676102],[-107.98556899998286,36.999861999657718],[-107.98393500041367,36.999860000186487],[-107.96898600012501,36.999816999703881],[-107.96738699981761,36.999813000041513],[-107.96584100011195,36.999808000283856],[-107.95933299962759,36.999786000341956],[-107.94374700037773,36.999739000151287],[-107.94212399978086,36.999731000100638],[-107.93713199976325,36.999690999834954],[-107.91854299989221,36.999694000124649],[-107.91798100037576,36.999696999696795],[-107.91728500006666,36.999696000317691],[-107.91629000000681,36.999696000317691],[-107.8942959998317,36.999696000317691],[-107.89391900026317,36.999696000317691],[-107.89024500034559,36.999699999986206],[-107.88513899962683,36.999703000275559],[-107.87814399996908,36.999711000329143],[-107.87400300007127,36.999717000189413],[-107.86976500008907,36.999725000241476],[-107.8696689998296,36.999726999716309],[-107.86956400024762,36.999725000241476],[-107.86911200033602,36.9997279998124],[-107.86845299983685,36.999728999908527],[-107.86772100044104,36.999731000100638],[-107.86718900016349,36.999730000004597],[-107.86688899968952,36.999728999908527],[-107.86672600038122,36.99973300029275],[-107.86651100029607,36.99973300029275],[-107.86649200002951,36.99973300029275],[-107.86647100011308,36.99973300029275],[-107.86607899957761,36.999731000100638],[-107.86568000026774,36.99973499976732],[-107.86541900015185,36.99973499976732],[-107.85801400041527,36.999754000154205],[-107.85170000009968,36.999775000009919],[-107.84466899955861,36.999794999764582],[-107.80039400005153,36.99997600028253],[-107.79938300009816,36.999981000029088],[-107.79514799959071,37.000001999822096],[-107.79382000034325,37.000007999659395],[-107.78858399992818,37.000025999885914],[-107.78059900023347,37.000059000050911],[-107.78007199997877,37.000055999775618],[-107.77983900035026,37.000055999775618],[-107.76685000004407,37.000061000234346],[-107.75693399978094,37.000048999850236],[-107.72948800017899,37.000015000305986],[-107.72920699997159,37.000014000213667],[-107.7291869998801,37.000014000213667],[-107.72913400017666,37.000014000213667],[-107.72879600006785,37.000014000213667],[-107.72544799966521,37.000009999844231],[-107.71867099956735,37.000001999822096],[-107.71283500000095,36.999994999891754],[-107.71256999968709,36.999993999799173],[-107.71239999980777,36.999993999799173],[-107.71229299967763,36.999993999799173],[-107.71189299964456,36.999992999706535],[-107.69469600039172,36.999963999884962],[-107.69139800021775,36.999959000137281],[-107.67094700027357,36.999921000178652],[-107.66169299998433,36.999922999648277],[-107.64891700011346,36.999922000272193],[-107.63552799977418,36.999923999741846],[-107.61380200028597,36.999956999951117],[-107.6074879999704,36.999967000163892],[-107.60520099974981,36.999969000349793],[-107.60464500008111,36.999969999725259],[-107.60339399992823,36.999971999911089],[-107.602229999814,36.999973000003962],[-107.60176200000886,36.999974000096806],[-107.60125900004361,36.999974000096806],[-107.60114299969266,36.999974000096806],[-107.60111799957831,36.999974000096806],[-107.60092400030786,36.999974000096806],[-107.60069699962881,36.999974000096806],[-107.60052900029766,36.999974000096806],[-107.60022700017386,36.99997500018965],[-107.59724899966704,36.999977999750762],[-107.59657300034777,36.999978999843549],[-107.59586299979496,36.999978999843549],[-107.59501199967518,36.999979999936322],[-107.59432899978488,36.999981000029088],[-107.59219700027329,36.999982000121882],[-107.58884399984775,36.999984000307343],[-107.58504600008165,36.999986999868042],[-107.58497999995939,36.999985999775362],[-107.58483400036954,36.999986999868042],[-107.58154899971605,36.999989000053425],[-107.57427000037617,36.999997000076867],[-107.5679789996268,37.000002999914571],[-107.5672749998201,37.000004000007081],[-107.56145799962198,37.000008999751792],[-107.55915200003312,37.000010999936599],[-107.55348999964568,37.000015999680848],[-107.5413599998552,37.000024999793688],[-107.54106399957919,37.000024999793688],[-107.53628699964675,37.00003100034661],[-107.53474000011619,37.000032999813399],[-107.53445100041118,37.000032999813399],[-107.53421100021167,37.000032999813399],[-107.52369499989889,37.000045000200032],[-107.51995499985908,37.00005499968384],[-107.51251400013749,37.000063999792012],[-107.51035400013851,37.00006800015867],[-107.50955599972217,37.000069000250271],[-107.508430999966,37.000072999899167],[-107.50753100034071,37.000071999807624],[-107.50743500008122,37.000071999807624],[-107.50111900011582,37.000083000096687],[-107.50004600023819,37.00008500027954],[-107.49891999975878,37.000085999653479],[-107.49827000037877,37.000087999836261],[-107.49662400021569,37.000090000018929],[-107.49590500034036,37.000091000110295],[-107.49503999997688,37.000093000292885],[-107.48604699980353,37.000104999952654],[-107.48173699985132,37.000126999802262],[-107.48047999985066,37.000125000337952],[-107.4786100002799,37.000128999983957],[-107.47592399985115,37.000135999901964],[-107.47250299965356,37.000138000083368],[-107.47180999971752,37.000145000000607],[-107.47033599998188,37.00014800027234],[-107.47013599996535,37.00014800027234],[-107.46972800043466,37.000148999645504],[-107.46900899966103,37.00015099982663],[-107.46868599962086,37.00015099982663],[-107.46125499994498,37.00016499965794],[-107.45831499997132,37.000171000199821],[-107.45614099972863,37.000174999843352],[-107.45363099992529,37.000180000294257],[-107.45283900025507,37.000181999757125],[-107.45206299958004,37.00018299984729],[-107.4512580003893,37.00018399993737],[-107.44728999984552,37.000190999850318],[-107.44713099983687,37.000191999940306],[-107.44591499984412,37.000196000300164],[-107.4431549997955,37.000199999942446],[-107.44235999975221,37.000201000032312],[-107.44231200007162,37.000201000032312],[-107.44226199984291,37.000202000122172],[-107.44151200000546,37.000203000212061],[-107.44051399957259,37.00020799994369],[-107.43795000024087,37.000210000123253],[-107.43605999968031,37.000212999675043],[-107.43568700030974,37.000213999764739],[-107.43364100011357,37.000215999944146],[-107.4321299996697,37.0002170000338],[-107.43091700004997,37.000220999674916],[-107.42949199981983,37.000219000213129],[-107.42822300012359,37.000222999854138],[-107.42771699978532,37.000220999674916],[-107.42724300013238,37.000220999674916],[-107.42637500029416,37.000221999764562],[-107.42530200041652,37.000222999854138],[-107.42476699976591,37.000222999854138],[-107.42433300029595,37.000223999943707],[-107.42341799970374,37.000225000033311],[-107.42322000023535,37.000225000033311],[-107.42315499993802,37.000225000033311],[-107.42248100026855,37.000226000122851],[-107.4222100001069,37.000225000033311],[-107.42208799990817,37.000225000033311],[-107.4220700003648,37.000225000033311],[-107.42202599998387,37.000226000122851],[-107.42178599978436,37.000223999943707],[-107.42160800040746,37.000223999943707],[-107.42122300044298,37.000222999854138],[-107.42079800029555,37.000221999764562],[-107.42072999962518,37.000221999764562],[-107.41083699982656,37.000203000212061],[-107.40034599962813,37.000181999757125],[-107.39996800023467,37.000181999757125],[-107.39836399990438,37.000197999762612],[-107.39486099969102,37.000233000031926],[-107.37684099990747,37.000186000117523],[-107.35875099980372,37.000125999711422],[-107.35080600029198,37.000109000317103],[-107.34678400021984,37.000100000214253],[-107.34068800036246,37.000086999744902],[-107.33376800014946,37.000067000066991],[-107.32257099959622,37.000036000089608],[-107.31000999981049,37.000015999680848],[-107.28717399973644,37.000009999844231],[-107.26912999966345,37.000022000234488],[-107.26446099968602,37.000021000142262],[-107.26419500044555,37.000021000142262],[-107.26399299988087,37.000021000142262],[-107.25529799963336,37.000020000050029],[-107.2549689997454,37.000020000050029],[-107.25457600028332,37.000020000050029],[-107.25170200043191,37.000018999957732],[-107.25120899961409,37.000018999957732],[-107.25087899990119,37.000018999957732],[-107.24757499987949,37.000020000050029],[-107.24252299958741,37.000020000050029],[-107.24214500019397,37.000020000050029],[-107.24210900020896,37.000020000050029],[-107.2397130002084,37.000020000050029],[-107.23844699998692,37.000021000142262],[-107.23702900032779,37.000021000142262],[-107.21275600032801,37.000024999793688],[-107.19724499962459,37.000026999978068],[-107.19692599978235,37.000026999978068],[-107.19688899997243,37.000026999978068],[-107.18626800007767,37.000030000254512],[-107.18596199975593,37.000030000254512],[-107.18295999985799,37.00003100034661],[-107.16600399973125,37.000037000181635],[-107.16540200003179,37.000038000273648],[-107.16321600009354,37.000038999648261],[-107.15773199998134,37.000040999832216],[-107.15676799988364,37.000040999832216],[-107.15089499960904,37.000044000108105],[-107.14743199957864,37.000045000200032],[-107.14608800043767,37.000045000200032],[-107.14146200011794,37.000045000200032],[-107.13689000022489,37.000045000200032],[-107.13657300003248,37.000045000200032],[-107.13396199994682,37.000045000200032],[-107.13016599983048,37.000045000200032],[-107.11104100038226,37.000039999740245],[-107.10911099963872,37.000038999648261],[-107.10881699991086,37.000038999648261],[-107.10860900039671,37.000038999648261],[-107.10840900038016,37.000038000273648],[-107.10782699987388,37.000038000273648],[-107.10775699955369,37.000038000273648],[-107.10750899985656,37.000038000273648],[-107.10746500037396,37.000038000273648],[-107.1072429997178,37.000038000273648],[-107.09338899994641,37.00003100034661],[-107.07566600026378,37.000032999813399],[-107.05976000044846,37.000036000089608],[-107.05920200023161,37.000037000181635],[-107.05755000022077,37.000037000181635],[-107.04686499985358,37.000044000108105],[-107.03959599966113,37.000047999758323],[-107.02808000016397,37.000061000234346],[-107.0277930001088,37.000061000234346],[-107.02743699955833,37.000061000234346],[-107.02735399971765,37.000061000234346],[-107.0215149997782,37.00006800015867],[-107.01443499973163,37.000071999807624],[-107.00688400040521,37.0000770002653],[-107.00348599977383,37.000078999730874],[-106.99775899998737,37.000079999822333],[-106.98551399967086,37.000083000096687],[-106.98266400010887,37.000084000188146],[-106.97960600013444,37.000084000188146],[-106.97503099986837,37.000085999653479],[-106.97490700001978,37.000085999653479],[-106.97341300019268,37.000085999653479],[-106.97033000010389,37.000085999653479],[-106.96861600016874,37.000086999744902],[-106.96359800021186,37.000091000110295],[-106.95601799967478,37.000095999849293],[-106.95047099981339,37.000100000214253],[-106.93986300033745,37.00010399986153],[-106.93974199996362,37.000104999952654],[-106.93782499963886,37.000106000043772],[-106.93216300014976,37.000109000317103],[-106.92331100044171,37.000109000317103],[-106.91889500018431,37.000109000317103],[-106.91863099969535,37.000109000317103],[-106.9147409998677,37.000109000317103],[-106.91439299971314,37.000109000317103],[-106.9142839999332,37.000108000226021],[-106.91419400041984,37.000109000317103],[-106.91397699978654,37.000109000317103],[-106.90938999982487,37.000109000317103],[-106.90662700030154,37.000109000317103],[-106.90638299990407,37.000109000317103],[-106.90630000006341,37.000109000317103],[-106.8957889997735,37.000109000317103],[-106.87871200017125,37.000101999679174],[-106.87831700016105,37.000101999679174],[-106.87723199968951,37.000100000214253],[-106.87418200011101,36.996970999840087],[-106.87041100010903,36.993103000056848],[-106.86982000028024,36.992496999968346],[-106.86444999997086,36.992510000300371],[-106.86027100043822,36.992520000057496],[-106.8535200002796,36.992514999820372],[-106.84956900035259,36.992511999964925],[-106.84390399959211,36.992507999918274],[-106.84206099978555,36.992506999727226],[-106.84140700020755,36.99250600025362],[-106.83421699965783,36.992494000112188],[-106.83275999964063,36.99249100025591],[-106.83197200016835,36.992449000103086],[-106.82847499980276,36.992454000344594],[-106.82704100025011,36.992457000202329],[-106.82612900003096,36.992457999676532],[-106.81349600027521,36.992475000063777],[-106.80815100008017,36.992481999968852],[-106.8048350003629,36.992487000208214],[-106.80189399966601,36.99249100025591],[-106.80090000032939,36.992488999873359],[-106.79791799962464,36.992486000016882],[-106.7975700003684,36.992486000016882],[-106.79692500011294,36.992487999682005],[-106.79666999984481,36.992487999682005],[-106.79590599976363,36.992487999682005],[-106.79565200021877,36.992488999873359],[-106.79560199999004,36.992488999873359],[-106.7954520002022,36.992488999873359],[-106.79540299979841,36.992488999873359],[-106.79404899971338,36.99249100025591],[-106.78998900000641,36.99249900035074],[-106.78863599974629,36.992502000206706],[-106.78768900026535,36.99250399987146],[-106.78748800042389,36.992502999680362],[-106.78187799991501,36.992514999820372],[-106.77758800005428,36.992524000103522],[-106.77720800011267,36.992525000294343],[-106.7769839998067,36.992525000294343],[-106.77616399964904,36.992526999958493],[-106.77598399972399,36.992525999767651],[-106.77533299962074,36.992526999958493],[-106.77488300025726,36.992528000149278],[-106.77209300007141,36.992518999866604],[-106.76716200015319,36.992505000062543],[-106.76547300033239,36.992499999824439],[-106.76040900034477,36.992487000208214],[-106.75872100034888,36.992483000160291],[-106.75698399994921,36.992477999920688],[-106.75177400037171,36.992464000109081],[-106.750590000166,36.992461000251616],[-106.75003799979693,36.99246500030069],[-106.74942000020397,36.992469999823641],[-106.74756800017657,36.992487000208214],[-106.74695100040852,36.992492999920955],[-106.74509500018313,36.992509000109358],[-106.73952900005517,36.992558000127147],[-106.73767399965473,36.992574999774533],[-106.73654399987568,36.992584000050577],[-106.73315500036344,36.992614000006412],[-106.73202600040932,36.992624999939359],[-106.73137399958284,36.992630000169306],[-106.72941899962328,36.992646999800598],[-106.72876800041834,36.992653000218233],[-106.72871800018962,36.992653000218233],[-106.72857199970144,36.992653999689857],[-106.72852300019595,36.992654999879022],[-106.72805799986553,36.992658999917893],[-106.72666699997059,36.99267100003329],[-106.72620300036341,36.992676000260211],[-106.72365800039996,36.992698000106643],[-106.7228659998314,36.992704999991254],[-106.7228370004174,36.992704999991254],[-106.71810200031774,36.992745999814801],[-106.71807700020338,36.992745999814801],[-106.71800400040844,36.992745999814801],[-106.717980000119,36.992747000002716],[-106.7179650000504,36.992747000002716],[-106.71792300021761,36.992747000002716],[-106.71790899997389,36.992748000190659],[-106.71759199978148,36.992751000036797],[-106.7119610002545,36.992802000273102],[-106.70870099971539,36.99283200014289],[-106.70766800002073,36.99283499998571],[-106.6889329996615,36.992893000032993],[-106.68823999972547,36.992894999687472],[-106.68220699961726,36.992914000348463],[-106.67523299987593,36.992934999940687],[-106.67477099991856,36.992937000311507],[-106.67470300014649,36.992937000311507],[-106.67461100008499,36.992937000311507],[-106.67334499986352,36.992941000335598],[-106.67088699993869,36.9929489996656],[-106.66972799984732,36.992952000221258],[-106.66290100041905,36.992972999802987],[-106.66182900036634,36.992976999825132],[-106.66162400032692,36.992976999825132],[-106.65329899997525,36.993003000322823],[-106.65194599971514,36.99300700034339],[-106.64396600004329,36.99303199992918],[-106.64263600024771,36.993035999948219],[-106.63521200024458,36.993057999690571],[-106.63008700015756,36.993073999760057],[-106.62941799961266,36.993076000127282],[-106.62936599973412,36.993076000127282],[-106.61734100042392,36.993112999735999],[-106.61712499961554,36.993113999919132],[-106.61602800034677,36.993117999933858],[-106.6081459996859,36.993142000017912],[-106.59903700005994,36.993170000106446],[-106.58573899995724,36.99321199986111],[-106.58090900032133,36.993226000252534],[-106.57167099992562,36.993254000310081],[-106.56976299982172,36.993259999962383],[-106.56312499964103,36.993281000176516],[-106.5628619998753,36.993281000176516],[-106.56236599958274,36.993282999820735],[-106.55954500033309,36.993290999832261],[-106.55315200037479,36.993310999857357],[-106.55212100032993,36.993313999681291],[-106.54902599964726,36.993349000249289],[-106.54799499960241,36.993361000255824],[-106.54743700028391,36.993356000073938],[-106.54576600000648,36.993341000243866],[-106.54531200044502,36.993337000240871],[-106.54518600004833,36.993337000240871],[-106.54493599980307,36.993337999703499],[-106.54059599971363,36.993350999891774],[-106.53944400019327,36.993353999714131],[-106.53760399986143,36.993360000075981],[-106.53487700032309,36.993368000079357],[-106.52452500004185,36.993398999905267],[-106.5141440003466,36.993430999897448],[-106.50986299980839,36.993444000069772],[-106.50927199997959,36.993445999709763],[-106.50003199993407,36.993473999686316],[-106.49882900036008,36.99347799968217],[-106.49877099973546,36.99347799968217],[-106.49733800000769,36.993481999677748],[-106.49391199978723,36.993493999663293],[-106.49256100007526,36.993497000197507],[-106.49177600007769,36.993500000014102],[-106.49066999968976,36.993502999830575],[-106.48441499982374,36.993522999799922],[-106.47609000037039,36.993547999933547],[-106.47552200010782,36.993549000110967],[-106.47535700025136,36.993550000288302],[-106.47364699961588,36.993555999917191],[-106.46549500041489,36.993581000040024],[-106.45560099989306,36.99361100032003],[-106.4464660003278,36.993639999694551],[-106.44202599978092,36.993652999831156],[-106.43800299988389,36.993664999789708],[-106.42567200025194,36.993703000004764],[-106.4199150003283,36.993721000288808],[-106.41226199999628,36.993745000182578],[-106.41205299975891,36.993744000007801],[-106.40711400034304,36.99376100010759],[-106.40674299972399,36.993762000282139],[-106.40182799969926,36.993777000029176],[-106.39074499984713,36.993811000210144],[-106.38374099996857,36.993832000272178],[-106.37237699990904,36.993865999711069],[-106.37206499973949,36.993868000057454],[-106.36561200040505,36.993887999930813],[-106.35559900005752,36.993919000262203],[-106.34765100017275,36.993943000093481],[-106.34521800036228,36.993951000035587],[-106.34368099997914,36.993955000006288],[-106.34261499977421,36.99395899997684],[-106.33973599989991,36.993966999917198],[-106.33500499999822,36.993981000169633],[-106.32791400008098,36.99400499998135],[-106.32749599960626,36.99400499998135],[-106.32724999955894,36.994006000152702],[-106.3270069998847,36.994007000324082],[-106.32232100018885,36.994091000320743],[-106.31186000012767,36.994053000299559],[-106.30904300017767,36.994061999683204],[-106.30864200031967,36.994062999853853],[-106.30427200009298,36.994077000088559],[-106.30415300026731,36.994077000088559],[-106.3038360000749,36.994077000088559],[-106.29799200011259,36.994074999747717],[-106.29325299981497,36.994074000294724],[-106.29288000044437,36.994074000294724],[-106.29174399991923,36.994086000186854],[-106.28833699996532,36.994124999643887],[-106.28720200016342,36.994137999697585],[-106.28347999966695,36.99414100020639],[-106.27282699998514,36.994174000055501],[-106.262032999838,36.994206999890288],[-106.25478000043741,36.994229000011394],[-106.24949700016666,36.994242000047315],[-106.24916699955547,36.994268000112534],[-106.24913700031654,36.994265999776658],[-106.24895900004131,36.994255000081004],[-106.24868500040493,36.994239999710757],[-106.24616700020566,36.994240999879068],[-106.23861699980583,36.994247000170944],[-106.23610000032977,36.994248999789761],[-106.23450699987013,36.994279999974054],[-106.22041100024941,36.994347999871081],[-106.21901399960836,36.99435299998769],[-106.20119300001643,36.994506000241152],[-106.18286400043641,36.994651999764528],[-106.17972899957074,36.994672000149151],[-106.1793300002609,36.99467499991939],[-106.16474199964729,36.994766999751967],[-106.16380000018921,36.994770000235967],[-106.15588400009148,36.994793999798688],[-106.15583200021292,36.994793999798688],[-106.15363000038116,36.994801000207822],[-106.15353599977152,36.994801000207822],[-106.14968799977666,36.994811999824506],[-106.14199000013713,36.994824000317685],[-106.14195800035009,36.994824000317685],[-106.13438000036113,36.994827000081926],[-106.13248099957974,36.994827000081926],[-106.13090599956178,36.994828000242471],[-106.12775399987601,36.994846000260239],[-106.12557899980841,36.994859000190743],[-106.1243450002723,36.994843999939626],[-106.11531199991599,36.994876000041224],[-106.11065600035737,36.994892999887973],[-106.10001199999806,36.994949000200307],[-106.09188400018822,36.994989000090619],[-106.08532800002328,36.995013000301725],[-106.08171500020508,36.995028999959914],[-106.07834099986316,36.995040999701402],[-106.07785100031668,36.995043000016835],[-106.07401099981946,36.995058000228696],[-106.07085199956266,36.995067000210895],[-106.06904200026638,36.995072000280281],[-106.06862600033976,36.995073999877469],[-106.06668300007576,36.995078999946337],[-106.05854400039524,36.995103000129035],[-106.05588999975356,36.995109999792291],[-106.0539070002049,36.99511700017235],[-106.05326399959925,36.995118999768344],[-106.05308200002438,36.995118999768344],[-106.05300199965842,36.995118999768344],[-106.0529230000157,36.995119999925031],[-106.05067000013031,36.995127000304159],[-106.05029000018872,36.995127999743318],[-106.04993600018639,36.99512899989989],[-106.04902099959419,36.995131999652116],[-106.04000099965666,36.995159999725416],[-106.03916299995566,36.995163000193898],[-106.03865199959451,36.995122000238389],[-106.03756500037149,36.99512899989989],[-106.03728400016408,36.995131000213014],[-106.0276619996288,36.995187999788406],[-106.02759700022979,36.99518899994424],[-106.02754899965089,36.99518899994424],[-106.02506999980967,36.99520299997166],[-106.01763400011096,36.995247999786208],[-106.01518399968376,36.995262999957625],[-106.01503499972084,36.995255000153598],[-106.01483700025243,36.995245000038558],[-106.01473500014519,36.995239999980598],[-106.01457699996143,36.995239999980598],[-106.0087449996947,36.995261999802814],[-106.00631600008222,36.995266999859375],[-106.00531400034967,36.995270000323643],[-106.0010360001845,36.99528499977324],[-106.00057500005207,36.995278000126092],[-105.99719499986236,36.995298000346132],[-105.99670500031588,36.995299999937373],[-105.99656999969838,36.995301000091686],[-105.98874400001232,36.995327999948806],[-105.98360600040483,36.995345999848233],[-105.96587899962593,36.995415999815187],[-105.94590600043094,36.995409000180153],[-105.9288669995652,36.995449999980877],[-105.903923000269,36.995551000235771],[-105.90361100009947,36.995551000235771],[-105.89964500010386,36.995551000235771],[-105.8988459998626,36.995552999820355],[-105.8836179999147,36.995590999809451],[-105.8815690002438,36.99559699999481],[-105.87850799989631,36.995570000233187],[-105.87767100002023,36.995566000347424],[-105.87698999977975,36.995562999894844],[-105.87627199972934,36.995566000347424],[-105.87175099988994,36.995564000045697],[-105.84366199968237,36.995585000341094],[-105.82738400032136,36.995594999693893],[-105.82327400038568,36.995594999693893],[-105.80100999987384,36.995613999680373],[-105.78517299965549,36.995681999819496],[-105.78441000029756,36.995670000179196],[-105.77956300004489,36.995679000088977],[-105.77474900030253,36.995689000146889],[-105.77468300018029,36.995685000267379],[-105.76983000007985,36.995691999877074],[-105.76561300001404,36.99569699990532],[-105.76221500028099,36.995695000324517],[-105.76152999984257,36.995732000094065],[-105.75948700001943,36.995724999770587],[-105.75459799993398,36.995708000109886],[-105.75057000001409,36.995694000175376],[-105.73993400005071,36.995746000021519],[-105.73504699961508,36.9957710001419],[-105.73173000007289,36.995783999914224],[-105.72177899964963,36.995825999660234],[-105.7186510002533,36.995840000287863],[-105.71855699964365,36.995840000287863],[-105.71846299993234,36.99584099971765],[-105.71837599989369,36.995841999864851],[-105.71828899985506,36.995841999864851],[-105.71806399972415,36.995841999864851],[-105.71785299983696,36.995841999864851],[-105.71686899964779,36.995846999883277],[-105.71647100016284,36.995849000177515],[-105.71580800036404,36.995853000048442],[-105.71382200044231,36.995866999953613],[-105.71346400024204,36.995869999676728],[-105.71211099998192,36.995884999725462],[-105.70891599974013,36.995908999653786],[-105.70785200008332,36.995918999681464],[-105.70582599997863,36.995908000224944],[-105.69974799966459,36.995874000263974],[-105.69823399974601,36.995865999806746],[-105.69772499993297,36.995871999970404],[-105.69725799995274,36.995873000117193],[-105.69585899966185,36.995876999986869],[-105.69539300040485,36.995879000280297],[-105.69527000038121,36.995880999856269],[-105.69490299996008,36.995889999741067],[-105.69477999993643,36.99589300018075],[-105.69459099979053,36.995894000327269],[-105.69402500007612,36.995894000327269],[-105.69383699975513,36.995894999756345],[-105.69215700015518,36.99585900021313],[-105.68603600018345,36.995853000048442],[-105.68407100017814,36.995897000049311],[-105.68185799957739,36.995894999756345],[-105.66607999980859,36.995919999827692],[-105.66473300029455,36.99590700007856],[-105.66359099992164,36.995904999785857],[-105.66299099987199,36.995905999932219],[-105.66119400009619,36.995910999946439],[-105.66059499987148,36.995913999667813],[-105.64566099965144,36.995890999887621],[-105.63671600005701,36.995841999864851],[-105.62910899975576,36.995835000269025],[-105.6276059997078,36.995788999936472],[-105.62332199969484,36.995704000231328],[-105.62180399957828,36.995700999784233],[-105.61491299967761,36.995689000146889],[-105.60953099967266,36.995679000088977],[-105.60375799985545,36.995667999880268],[-105.59141100032998,36.995646000175441],[-105.58839199981531,36.995639999993955],[-105.58654099961281,36.995637000261773],[-105.58391799983156,36.99563299966205],[-105.57957699991719,36.995624999896897],[-105.57882500042992,36.99562399974684],[-105.57794300034799,36.995622000164119],[-105.57318599960871,36.995613999680373],[-105.57117999959551,36.995609999796876],[-105.56915900041204,36.995605999913224],[-105.55036600032648,36.995570999666526],[-105.54838299987952,36.995567999931559],[-105.54792900031806,36.995566999780763],[-105.53660899974116,36.995547000348957],[-105.53395300034798,36.995541000159655],[-105.53304600015169,36.995540000008496],[-105.53227799987256,36.995537999706137],[-105.52841499980909,36.995531000082273],[-105.52232599962439,36.995521000003585],[-105.51907400037952,36.995514999812229],[-105.51432199966311,36.995505999883044],[-105.51415000013398,36.995505999883044],[-105.5130189996317,36.99550499973143],[-105.51151499975883,36.995504000297224],[-105.51092300010514,36.995503000145575],[-105.50774700012992,36.995499999690509],[-105.49905699990529,36.995480000241074],[-105.49607599992373,36.995472999894453],[-105.49436199998861,36.995470000155677],[-105.49088600043773,36.9954639999603],[-105.48988600035503,36.995461999655888],[-105.48815599962805,36.995458999916679],[-105.48666299962584,36.995456000177356],[-105.48406800033199,36.99545200028561],[-105.4765289998028,36.99543800030397],[-105.47159899970946,36.995429999800876],[-105.46506500018415,36.995418000120807],[-105.46377499967323,36.995415999815187],[-105.45471899975071,36.995399000085364],[-105.45041899984423,36.995391000295641],[-105.44710499977676,36.995385000094025],[-105.44680699985092,36.995385000094025],[-105.44057600027432,36.995373999842741],[-105.43850099976584,36.995369999946668],[-105.42432999980205,36.995343000104455],[-105.41966900022057,36.995336999899045],[-105.41211200014801,36.995312000353472],[-105.40352099965759,36.995318999997494],[-105.40223000022006,36.995298999782982],[-105.39286100030309,36.995283000181601],[-105.39047399962506,36.995282000027053],[-105.38384700021334,36.995279000280753],[-105.36647000013713,36.995237999670294],[-105.35724199978714,36.995222000056081],[-105.33407400035037,36.995190000100017],[-105.307914999988,36.995131999652116],[-105.280141000323,36.995081999700531],[-105.27899899995008,36.995062000141175],[-105.2777960003761,36.995077000349291],[-105.27726400009854,36.995073999877469],[-105.26099699970987,36.995050999843215],[-105.25076599980245,36.995023999887749],[-105.25054599969442,36.995027999802019],[-105.22234199985911,36.994982999857292],[-105.22109200042946,36.994976000182405],[-105.22050599972523,36.994973999865159],[-105.22061299985536,36.995168999695537],[-105.20956599998826,36.99519100025578],[-105.20894199964917,36.995192999849834],[-105.20423199966389,36.995204000127309],[-105.19332899973682,36.995225999959935],[-105.17642899968656,36.995260999647982],[-105.17261300037708,36.995270000323643],[-105.16681999957008,36.995282000027053],[-105.16674699977513,36.995282000027053],[-105.16583999957885,36.995284000336142],[-105.16538299964438,36.99528499977324],[-105.16454999996624,36.995285999927752],[-105.16205100003356,36.99529099998275],[-105.16121900018032,36.995293999728574],[-105.16091700005654,36.995292000137177],[-105.16036899988545,36.995288999673782],[-105.15853000027683,36.995279000280753],[-105.15782100044727,36.99527599981684],[-105.15697199997732,36.995271999915566],[-105.15658500036301,36.995270000323643],[-105.15542700009655,36.995264000112485],[-105.1550420001321,36.995261999802814]]]},"properties":{"NAME":"Colorado","STATE":"08"}}]}